Order_ID,Customer_ID,Customer_Name,Age,Gender,Email,Phone,City,State,Product_Category,Order_Date,Delivery_Date,Order_Amount,Payment_Status,Source_System,Last_Updated,Data_Quality_Issue,Issue_Description
ORD00001,CUST0433,Arjun Sharma,65,Female,arjun.sharma1@example.com,9002657744,Delhi,Delhi,Tablet,2025-03-13,2025-03-15,39999,Paid,Mobile App,2025-03-19 00:00,Clean,No intentional issue
ORD00002,CUST0390,Aarav Das,28,Female,aarav.das2@example.com,0000000000,Chennai,Tamil Nadu,Monitor,2025-03-21,2025-03-25,4999,Paid,Mobile App,2025-03-25 00:00,Believability,Phone number is not plausible
ORD00003,CUST0374,Vivaan Mehta,32,Female,vivaan.mehta3@example.com,9136760652,Mumbai,Maharashtra,Tablet,2025-02-21,2025-02-28,2499,Refunded,Call Center,2024-12-01 00:00,Timeliness,Last updated timestamp is earlier than order date
ORD00002,CUST0390,Aarav Das,28,Female,aarav.das2@example.com,0000000000,Chennai,Tamil Nadu,Monitor,2025-03-21,2025-03-25,4999,Paid,Mobile App,2025-03-25 00:00,Uniqueness,Duplicate record intentionally added
ORD00005,CUST0643,Riya Kumar,41,Male,riya.kumar5@example.com,9165354259,Bengaluru,Karnataka,Router,10/09/25,2025-09-12,499,Paid,CRM,2025-09-13 00:00,Interpretability,Date format is ambiguous
ORD00006,CUST0737,Kiran Das,59,Female,kiran.das6@example.com,0000000000,Mumbai,Maharashtra,Monitor,2025-08-11,2025-08-14,9999,Paid,Website,2025-08-19 00:00,Believability,Phone number is not plausible
ORD00007,CUST0081,Divya Singh,49,Male,divya.singh7@example.com,9040771452,Mumbai,Maharashtra,Keyboard,2025-06-07,2025-06-11,499,Pending,Call Center,2025-06-15 00:00,Clean,No intentional issue
ORD00008,CUST0254,Isha Das,,Male,isha.das8@example.com,9235220629,Pune,Maharashtra,Mouse,2025-07-11,2025-07-19,14999,Refunded,Mobile App,2025-07-19 00:00,Completeness,Missing value in Age
ORD00002,CUST0390,Aarav Das,28,Female,aarav.das2@example.com,0000000000,Chennai,Tamil Nadu,Monitor,2025-03-21,2025-03-25,4999,Paid,Mobile App,2025-03-25 00:00,Uniqueness,Duplicate record intentionally added
ORD00010,CUST0454,Rohan Rao,30,Female,rohan.rao10@example.com,9880650072,Bengaluru,Karnataka,Mouse,2025-04-04,2025-04-09,-999,Pending,Call Center,2025-04-09 00:00,Believability,Negative order amount is not believable for a normal sale
ORD00011,CUST0195,Vivaan Reddy,42,Male,vivaan.reddy11@example.com,9295570558,Kolkata,West Bengal,Monitor,,2025-08-26,7999,Refunded,Website,2025-08-27 00:00,Completeness,Missing value in Order_Date
ORD00012,CUST0609,Aditya Chopra,29,Male,aditya.chopra12@example.com,9006532632,Lucknow,Uttar Pradesh,MOB,2025-05-01,2025-05-08,799,Pending,Website,2025-05-12 00:00,Interpretability,Product category is stored as unexplained code
ORD00013,CUST0272,Meera Singh,22,Male,meera.singh13@example.com,9130224539,Ahmedabad,Gujarat,Smartwatch,16/10/25,2025-10-18,799,Pending,CRM,2025-10-22 00:00,Interpretability,Date format is ambiguous
ORD00014,CUST0289,Nikhil Malhotra,60,Male,nikhil.malhotra14@example.com,9672624980,Bengaluru,Karnataka,Monitor,2025-03-01,2025-03-03,59999,Pending,Call Center,2025-03-05 00:00,Clean,No intentional issue
ORD00015,CUST0010,Vivaan Sharma,39,Male,vivaan.sharma15@example.com,9196103540,Pune,Maharashtra,Headphones,2025-08-15,2025-08-24,59999,Refunded,Mobile App,2025-08-28 00:00,Clean,No intentional issue
ORD00016,CUST0167,Vivaan Malhotra,40,Male,vivaan.malhotra16@example.com,9988073988,delhi,Delhi,Mobile,2025-07-01,2025-07-10,7999,Pending,Website,2025-07-11 00:00,Consistency,"City uses inconsistent spelling, abbreviation, or case"
ORD00017,CUST0025,Arjun Kumar,20,Female,arjun.kumar17@example.com,9632073568,Delhi,Delhi,Tablet,2025-08-24,2025-08-30,2499,Pending,Mobile App,2025-08-31 00:00,Clean,No intentional issue
ORD00018,CUST0747,Arjun Malhotra,34,Male,arjun.malhotra18@example.com,9749181045,Lucknow,Uttar Pradesh,Monitor,2026-12-08,2026-12-13,24999,Refunded,Website,2025-01-24 00:00,Timeliness,Order date is in the future
ORD00019,CUST0303,Priya Nair,38,Male,priya.nair19@example.com,9516371548,Pune,Maharashtra,Router,2025-06-08,2025-06-15,4999,payment_done,Mobile App,2025-06-20 00:00,Consistency,Payment status uses inconsistent label or case
ORD00020,CUST0174,Riya Nair,,Female,riya.nair20@example.com,9626609238,Ahmedabad,Gujarat,Printer,2025-08-15,2025-08-19,14999,Refunded,Website,2025-08-24 00:00,Completeness,Missing value in Age
ORD00021,CUST0152,Pooja Nair,22,Female,pooja.nair21@example.com,9607714195,Kolkata,West Bengal,Smartwatch,2025-04-10,2025-04-17,-999,Refunded,CRM,2025-04-18 00:00,Believability,Negative order amount is not believable for a normal sale
ORD00022,CUST0762,Sai Das,47,Female,sai.das22@example.com,9847827424,Ahmedabad,Gujarat,Smartwatch,2025-09-16,2025-09-23,1,Refunded,Mobile App,2025-09-24 00:00,Accuracy,Order amount is inaccurate or far outside expected range
ORD00023,CUST0339,Isha Verma,26,Male,isha.verma23@example.com,9542495687,Delhi,Delhi,Mouse,2025-03-20,2025-03-24,799,Refunded,Call Center,2025-02-09 00:00,Timeliness,Last updated timestamp is earlier than order date
ORD00024,CUST0345,Sneha Chopra,44,Male,sneha.chopra24@example.com,9677899595,,Gujarat,Tablet,2025-05-20,2025-05-27,9999,Paid,CRM,2025-05-30 00:00,Completeness,Missing value in City
ORD00025,CUST0346,Sai Chopra,0,Male,sai.chopra25@example.com,9737820059,Hyderabad,Telangana,Monitor,2025-07-14,2025-07-20,1499,Refunded,Mobile App,2025-07-22 00:00,Accuracy,Age value is outside realistic human range
ORD00026,CUST0224,Aarav Rao,30,Male,aarav.rao26@example.com,9423697713,Lucknow,Uttar Pradesh,Headphones,2025-05-03,2025-05-06,9999,Paid,CRM,2025-05-10 00:00,Clean,No intentional issue
ORD00027,CUST0615,Riya Mehta,42,Female,riya.mehta27@example.com,9875056060,Delhi,Delhi,Mobile,2025-10-31,2025-11-04,799,Failed,Call Center,2025-11-09 00:00,Clean,No intentional issue
ORD00028,CUST0552,Arjun Kumar,41,Female,arjun.kumar28@example.com,12345,Bengaluru,Karnataka,Mouse,2025-04-01,2025-04-10,39999,Failed,Call Center,2025-04-14 00:00,Believability,Phone number is not plausible
ORD00029,CUST0611,Priya Sharma,49,Female,priya.sharma29@example.com,9720907476,Bengaluru,Karnataka,Printer,2026-06-01,2026-06-06,2499,Failed,Call Center,2025-04-27 00:00,Timeliness,Order date is in the future
ORD00030,CUST0764,Rohan Kumar,62,Male,rohan.kumar30@example.com,9534327379,Pune,Kerala,Smartwatch,2025-07-08,2025-07-16,14999,Failed,Website,2025-07-19 00:00,Accuracy,City and State do not match
ORD00031,CUST0015,Pooja Patel,64,Female,pooja.patel31@example.com,9710029671,Mumbai,Maharashtra,Tablet,2025-06-01,2025-05-28,4999,Pending,CRM,2025-06-07 00:00,Believability,Delivery date is before order date
ORD00013,CUST0272,Meera Singh,22,Male,meera.singh13@example.com,9130224539,Ahmedabad,Gujarat,Smartwatch,16/10/25,2025-10-18,799,Pending,CRM,2025-10-22 00:00,Uniqueness,Duplicate record intentionally added
ORD00033,CUST0758,Meera Malhotra,46,Female,meera.malhotra33@example.com,9076202514,Lucknow,Uttar Pradesh,Mouse,2025-06-06,2025-06-16,24999,PAID,Call Center,2025-06-20 00:00,Consistency,Payment status uses inconsistent label or case
ORD00034,CUST0118,Nikhil Jain,36,Female,nikhil.jain34@example.com,9569801375,Mumbai,Maharashtra,Tablet,2026-06-06,2026-06-11,39999,Pending,Mobile App,2025-05-29 00:00,Timeliness,Order date is in the future
ORD00035,CUST0257,Sneha Patel,50,Female,sneha.patel35@example.com,9026850785,Ahmedabad,Gujarat,Mobile,2025-11-03,2025-11-04,7999,Failed,Website,2025-09-28 00:00,Timeliness,Last updated timestamp is earlier than order date
ORD00036,CUST0108,Rahul Nair,45,Female,rahul.nair36@example.com,9836298543,,Maharashtra,Printer,2025-06-28,2025-07-05,4999,Failed,Mobile App,2025-07-10 00:00,Completeness,Missing value in City
ORD00037,CUST0453,Neha Chopra,18,Female,neha.chopra37@example.com,9725946196,Kolkata,West Bengal,LPT,2025-04-07,2025-04-16,4999,Refunded,Website,2025-04-21 00:00,Interpretability,Product category is stored as unexplained code
ORD00038,CUST0734,Isha Sharma,53,Female,isha.sharma38@example.com,9274444115,Mumbai,Maharashtra,Tablet,2025-02-28,2025-03-08,799,Pending,Website,2025-03-11 00:00,Clean,No intentional issue
ORD00039,CUST0594,Kiran Das,44,Female,kiran.das39@example.com,9941535543,Jaipur,Rajasthan,Monitor,2025-01-02,2025-01-07,59999,Failed,Website,2025-01-11 00:00,Clean,No intentional issue
ORD00040,CUST0680,Rohan Nair,42,Male,rohan.nair40@example.com,9761919318,Kolkata,West Bengal,Laptop,2025-06-12,2025-06-11,59999,Refunded,CRM,2025-06-23 00:00,Believability,Delivery date is before order date
ORD00041,CUST0083,Sai Kumar,59,Male,sai.kumar41@example.com,9888337780,Mumbai,Kerala,Printer,2025-05-16,2025-05-22,24999,Refunded,CRM,2025-05-27 00:00,Accuracy,City and State do not match
ORD00042,CUST0307,Nikhil Rao,65,Male,nikhil.rao42@example.com,9907231557,Kolkata,Kerala,Mobile,2025-11-21,2025-11-23,9999,Pending,Website,2025-11-28 00:00,Accuracy,City and State do not match
ORD00043,CUST0262,Sneha Nair,61,Male,sneha.nair43@example.com,9684250992,Ahmedabad,Gujarat,SWT,2025-03-15,2025-03-19,9999,Failed,Call Center,2025-03-22 00:00,Interpretability,Product category is stored as unexplained code
ORD00015,CUST0010,Vivaan Sharma,39,Male,vivaan.sharma15@example.com,9196103540,Pune,Maharashtra,Headphones,2025-08-15,2025-08-24,59999,Refunded,Mobile App,2025-08-28 00:00,Uniqueness,Duplicate record intentionally added
ORD00045,CUST0662,Divya Das,40,Male,divya.das45@example.com,9070319342,Delhi,Delhi,Smartwatch,2025-05-09,2025-05-07,39999,Paid,Mobile App,2025-05-17 00:00,Believability,Delivery date is before order date
ORD00046,CUST0742,Kiran Malhotra,48,Female,kiran.malhotra46@example.com,12345,Chennai,Tamil Nadu,Mobile,2025-08-28,2025-08-30,999,Pending,Mobile App,2025-09-04 00:00,Believability,Phone number is not plausible
ORD00047,CUST0065,Arjun Mehta,32,Female,arjun.mehta47@example.com,9647610091,Hyderabad,Telangana,Smartwatch,2025-10-15,2025-10-21,24999,Pending,Website,2025-10-26 00:00,Clean,No intentional issue
ORD00048,CUST0631,Sai Kumar,47,Female,,9490349806,Jaipur,Rajasthan,Mouse,2025-10-28,2025-10-31,7999,Paid,Mobile App,2025-11-03 00:00,Completeness,Missing value in Email
ORD00049,CUST0579,Amit Verma,47,Male,amit.verma49@example.com,9285582775,Delhi,Delhi,Smartwatch,2025-01-11,2025-01-12,4999,Pending,Mobile App,2025-01-13 00:00,Clean,No intentional issue
ORD00050,CUST0603,Sai Reddy,52,Female,sai.reddy50@example.com,9310757475,Bengaluru,Karnataka,Mobile,2026-11-12,2026-11-17,499,Failed,CRM,2025-01-18 00:00,Timeliness,Order date is in the future
ORD00051,CUST0111,Vivaan Jain,60,Female,vivaan.jain51@example.com,9490060265,Ahmedabad,Gujarat,Laptop,2025-02-01,2025-02-09,7999,Refunded,Mobile App,2024-12-25 00:00,Timeliness,Last updated timestamp is earlier than order date
ORD00052,CUST0424,,56,Female,meera.iyer52@example.com,9344046319,Mumbai,Maharashtra,Mobile,2025-10-10,2025-10-14,7999,Refunded,CRM,2025-10-15 00:00,Completeness,Missing value in Customer_Name
ORD00053,CUST0126,Aditya Kumar,24,Female,aditya.kumar53@example.com,9489490231,Bengaluru,Karnataka,Router,2025-01-31,2025-02-10,9999999,Failed,Website,2025-02-15 00:00,Accuracy,Order amount is inaccurate or far outside expected range
ORD00054,CUST0674,Arjun Singh,53,Female,arjun.singh54@example.com,9821733085,Mumbai,Maharashtra,Monitor,2025-10-21,2025-10-25,,Paid,Call Center,2025-10-29 00:00,Completeness,Missing value in Order_Amount
ORD00055,CUST0739,Aarav Verma,65,Male,aarav.verma55@example.com,9395817004,Kolkata,West Bengal,Mouse,2025-08-21,2025-08-17,999,Failed,Call Center,2025-08-29 00:00,Believability,Delivery date is before order date
ORD00056,CUST0684,Kiran Rao,50,Male,kiran.rao56@example.com,9329029772,Chennai,Tamil Nadu,Mouse,2025-02-26,2025-03-03,,Refunded,CRM,2025-03-07 00:00,Completeness,Missing value in Order_Amount
ORD00057,CUST0407,Kavya Reddy,26,Female,kavya.reddy57@example.com,9800985574,Jaipur,Rajasthan,Tablet,2025-09-14,2025-09-23,39999,Failed,CRM,2025-08-23 00:00,Timeliness,Last updated timestamp is earlier than order date
ORD00058,CUST0081,Divya Gupta,62,Female,divya.gupta58@example.com,9333315159,mumbai,Maharashtra,Mouse,2025-02-24,2025-02-28,7999,Refunded,Mobile App,2025-03-04 00:00,Consistency,"City uses inconsistent spelling, abbreviation, or case"
ORD00059,CUST0644,Sai Rao,-5,Male,sai.rao59@example.com,9477495668,Pune,Maharashtra,Tablet,2025-03-30,2025-04-09,999,Paid,Mobile App,2025-04-10 00:00,Accuracy,Age value is outside realistic human range
ORD00060,CUST0463,Meera Mehta,37,Female,meera.mehta60@example.com,9032690535,Lucknow,Uttar Pradesh,Laptop,2025-06-30,2025-07-09,799,Failed,CRM,2025-04-07 00:00,Timeliness,Last updated timestamp is earlier than order date
ORD00015,CUST0010,Vivaan Sharma,39,Male,vivaan.sharma15@example.com,9196103540,Pune,Maharashtra,Headphones,2025-08-15,2025-08-24,59999,Refunded,Mobile App,2025-08-28 00:00,Uniqueness,Duplicate record intentionally added
ORD00062,CUST0259,Divya Sharma,58,Female,divya.sharma62@example.com,9769835139,Mumbai,Kerala,Keyboard,2025-02-18,2025-02-27,39999,Refunded,Call Center,2025-03-01 00:00,Accuracy,City and State do not match
ORD00063,CUST0371,Aditya Patel,53,Female,aditya.patel63@example.com,999999999999999,Chennai,Tamil Nadu,Headphones,2025-09-27,2025-09-29,39999,Refunded,CRM,2025-10-03 00:00,Believability,Phone number is not plausible
ORD00064,CUST0710,Neha Sharma,280,Female,neha.sharma64@example.com,9781446242,Lucknow,Uttar Pradesh,Headphones,2025-11-02,2025-11-09,999,Pending,Call Center,2025-11-10 00:00,Accuracy,Age value is outside realistic human range
ORD00065,CUST0205,Pooja Malhotra,,Female,pooja.malhotra65@example.com,9812685188,Lucknow,Uttar Pradesh,Printer,2025-08-25,2025-08-30,7999,Refunded,Mobile App,2025-08-31 00:00,Completeness,Missing value in Age
ORD00066,CUST0055,Kiran Gupta,50,Male,kiran.gupta66@example.com,9333023073,Kolkata,West Bengal,Mobile,2025-04-24,2025-05-02,1,Paid,Website,2025-05-05 00:00,Accuracy,Order amount is inaccurate or far outside expected range
ORD00067,CUST0154,Sai Das,63,Female,sai.das67@example.com,9575123047,,Gujarat,Smartwatch,2025-01-03,2025-01-05,499,Failed,Call Center,2025-01-06 00:00,Completeness,Missing value in City
ORD00068,CUST0585,Divya Iyer,19,Male,divya.iyer68@example.com,9460905595,Bengaluru,Karnataka,Monitor,2025-08-08,2025-08-09,24999,Failed,Call Center,2025-08-10 00:00,Clean,No intentional issue
ORD00069,CUST0673,Vivaan Mehta,42,Female,vivaan.mehta69@example.com,9677305817,Pune,Maharashtra,Laptop,2025-07-02,2025-07-04,4999,Pending,Call Center,2025-07-09 00:00,Clean,No intentional issue
ORD00070,CUST0043,Pooja Mehta,29,Male,pooja.mehta70@example.com,9333840628,Mumbai,Maharashtra,Printer,2025-01-19,2025-01-24,1499,Paid,CRM,2025-01-25 00:00,Clean,No intentional issue
ORD00071,CUST0709,Priya Patel,25,Female,,9495870685,Kolkata,West Bengal,Mouse,2025-08-14,2025-08-21,4999,Pending,Mobile App,2025-08-24 00:00,Completeness,Missing value in Email
ORD00072,CUST0446,Nikhil Patel,46,Female,nikhil.patel72@example.com,9299063869,Bengaluru,Karnataka,Printer,2025-06-29,2025-07-07,499,Failed,Website,2025-07-11 00:00,Clean,No intentional issue
ORD00073,CUST0158,Meera Sharma,,Male,meera.sharma73@example.com,9693755362,Delhi,Delhi,Keyboard,2025-07-05,2025-07-12,24999,Paid,CRM,2025-07-16 00:00,Completeness,Missing value in Age
ORD00074,CUST0503,Pooja Iyer,42,Male,pooja.iyer74@example.com,9210179899,Pune,Maharashtra,Monitor,17/08/25,2025-08-21,24999,Failed,Mobile App,2025-08-26 00:00,Interpretability,Date format is ambiguous
ORD00075,CUST0243,Isha Patel,37,Male,isha.patel75@example.com,9705385603,Bengaluru,Karnataka,Keyboard,2025-09-18,2025-09-13,799,Pending,Call Center,2025-09-23 00:00,Believability,Delivery date is before order date
ORD00076,CUST0444,Aditya Reddy,38,Male,aditya.reddy76@example.com,9588531929,Ahmedabad,Gujarat,Printer,2025-09-22,2025-09-28,999,Pending,Mobile App,2025-09-29 00:00,Clean,No intentional issue
ORD00077,CUST0595,Kiran Rao,58,Female,kiran.rao77@example.com,9167685800,Bengaluru,Karnataka,Monitor,11/11/25,2025-11-20,799,Pending,Mobile App,2025-11-24 00:00,Interpretability,Date format is ambiguous
ORD00078,CUST0416,Kavya Nair,58,Male,kavya.nair78@example.com,9200442637,Ahmedabad,Gujarat,Router,2025-05-29,2025-06-03,9999,Pending,Mobile App,2025-06-08 00:00,Clean,No intentional issue
ORD00079,CUST0145,Sai Das,-5,Male,sai.das79@example.com,9023628135,Chennai,Tamil Nadu,Tablet,2025-08-27,2025-08-29,2499,Refunded,Mobile App,2025-08-30 00:00,Accuracy,Age value is outside realistic human range
ORD00080,CUST0221,Neha Gupta,49,Female,neha.gupta80@example.com,9502586201,Ahmedabad,Gujarat,Laptop,2025-02-16,2025-02-23,14999,Refunded,Website,2025-02-24 00:00,Clean,No intentional issue
ORD00015,CUST0010,Vivaan Sharma,39,Male,vivaan.sharma15@example.com,9196103540,Pune,Maharashtra,Headphones,2025-08-15,2025-08-24,59999,Refunded,Mobile App,2025-08-28 00:00,Uniqueness,Duplicate record intentionally added
ORD00082,CUST0141,Isha Singh,27,Male,isha.singh82@example.com,999999999999999,Lucknow,Uttar Pradesh,Router,2025-07-25,2025-08-03,499,Paid,Mobile App,2025-08-03 00:00,Believability,Phone number is not plausible
ORD00075,CUST0243,Isha Patel,37,Male,isha.patel75@example.com,9705385603,Bengaluru,Karnataka,Keyboard,2025-09-18,2025-09-13,799,Pending,Call Center,2025-09-23 00:00,Uniqueness,Duplicate record intentionally added
ORD00084,CUST0020,Pooja Reddy,51,Female,pooja.reddy84@example.com,12345,Bengaluru,Karnataka,Tablet,2025-01-17,2025-01-27,59999,Paid,Website,2025-01-28 00:00,Believability,Phone number is not plausible
ORD00085,CUST0739,Pooja Iyer,42,Female,pooja.iyer85@example.com,9682492299,Bengaluru,Karnataka,Printer,30/09/25,2025-10-06,14999,Failed,Mobile App,2025-10-11 00:00,Interpretability,Date format is ambiguous
ORD00086,CUST0354,Pooja Singh,48,Female,pooja.singh86@example.com,9982273424,Jaipur,Rajasthan,Monitor,2025-05-28,2025-05-30,24999,Refunded,Website,2025-06-02 00:00,Clean,No intentional issue
ORD00087,CUST0686,Kiran Malhotra,53,Female,kiran.malhotra87@example.com,9922134619,Bengaluru,Karnataka,Mobile,2025-11-12,2025-11-22,1499,Pending,Website,2025-09-12 00:00,Timeliness,Last updated timestamp is earlier than order date
ORD00088,CUST0757,Pooja Mehta,30,Female,pooja.mehta88@example.com,9799181993,Chennai,Kerala,Monitor,2025-11-27,2025-11-28,799,Pending,Call Center,2025-12-02 00:00,Accuracy,City and State do not match
ORD00089,CUST0657,Nikhil Malhotra,20,Male,abc.com,9549841114,Pune,Maharashtra,Smartwatch,2025-11-05,2025-11-07,4999,Failed,Mobile App,2025-11-10 00:00,Interpretability,Email format is difficult to interpret or invalid
ORD00090,CUST0411,Nikhil Nair,61,Male,nikhil.nair90@example.com,0000000000,Bengaluru,Karnataka,Smartwatch,2025-11-24,2025-12-01,7999,Failed,Mobile App,2025-12-01 00:00,Believability,Phone number is not plausible
ORD00091,CUST0515,Kiran Mehta,41,Male,kiran.mehta91@example.com,9987669329,Hyderabad,Kerala,Mobile,2025-08-27,2025-09-01,999,Refunded,Call Center,2025-09-06 00:00,Accuracy,City and State do not match
ORD00092,CUST0721,Divya Singh,,Female,divya.singh92@example.com,9391892518,Jaipur,Rajasthan,Tablet,2025-05-07,2025-05-17,799,Refunded,Call Center,2025-05-21 00:00,Completeness,Missing value in Age
ORD00093,CUST0060,Riya Gupta,23,Female,riya.gupta93@example.com,9563020204,Hyderabad,Telangana,Printer,2025-03-09,2025-03-18,-500,Refunded,CRM,2025-03-22 00:00,Believability,Negative order amount is not believable for a normal sale
ORD00094,CUST0387,Pooja Sharma,36,Female,pooja.sharma94@example.com,9366563155,Bengaluru,Karnataka,Headphones,2025-11-25,2025-12-02,4999,Refunded,Website,2025-12-05 00:00,Clean,No intentional issue
ORD00095,CUST0283,,47,Female,aarav.patel95@example.com,9187066982,Jaipur,Rajasthan,Mouse,2025-04-28,2025-05-02,9999,Failed,CRM,2025-05-03 00:00,Completeness,Missing value in Customer_Name
ORD00096,CUST0144,Meera Nair,61,Male,meera.nair96@example.com,9528735633,Delhi,Delhi,Laptop,2025-07-25,2025-08-02,1499,Pending,Website,2025-08-02 00:00,Clean,No intentional issue
ORD00097,CUST0696,Neha Rao,44,Female,neha.rao97@example.com,9449967341,Pune,Kerala,Laptop,2025-10-13,2025-10-23,59999,Pending,Call Center,2025-10-28 00:00,Accuracy,City and State do not match
ORD00098,CUST0543,Pooja Rao,32,Female,pooja.rao98@example.com,9122698071,Bengaluru,Karnataka,Printer,2025-01-30,2025-02-08,7999,Refunded,Mobile App,2025-01-24 00:00,Timeliness,Last updated timestamp is earlier than order date
ORD00099,CUST0760,Aditya Rao,55,Male,aditya.rao99@example.com,9194262957,Ahmedabad,Gujarat,Tablet,2025-06-20,2025-06-25,499,Pending,Call Center,2025-05-11 00:00,Timeliness,Last updated timestamp is earlier than order date
ORD00100,CUST0424,Kiran Singh,50,Female,kiran.singh100@example.com,9087055721,Ahmedabad,Gujarat,Mobile,2025-08-29,2025-09-04,1499,Failed,Website,2025-06-26 00:00,Timeliness,Last updated timestamp is earlier than order date
ORD00053,CUST0126,Aditya Kumar,24,Female,aditya.kumar53@example.com,9489490231,Bengaluru,Karnataka,Router,2025-01-31,2025-02-10,9999999,Failed,Website,2025-02-15 00:00,Uniqueness,Duplicate record intentionally added
ORD00102,CUST0062,Sai Chopra,58,Male,sai.chopra102@example.com,9666440505,Mumbai,Maharashtra,Headphones,2025-01-05,2025-01-04,14999,Refunded,Mobile App,2025-01-11 00:00,Believability,Delivery date is before order date
ORD00103,CUST0635,Neha Chopra,62,Female,neha.chopra103@example.com,9582334592,Bengaluru,Karnataka,Mobile,19/02/25,2025-02-28,999,Pending,CRM,2025-03-01 00:00,Interpretability,Date format is ambiguous
ORD00104,CUST0176,Vivaan Verma,43,Female,vivaan.verma104@example.com,9086399892,Kolkata,West Bengal,Router,2025-09-01,2025-09-02,39999,paid,Call Center,2025-09-07 00:00,Consistency,Payment status uses inconsistent label or case
ORD00105,CUST0408,Kiran Malhotra,52,Male,kiran.malhotra105@example.com,9925586537,Bengaluru,Karnataka,Keyboard,2025-01-09,2025-01-08,24999,Pending,CRM,2025-01-18 00:00,Believability,Delivery date is before order date
ORD00092,CUST0721,Divya Singh,,Female,divya.singh92@example.com,9391892518,Jaipur,Rajasthan,Tablet,2025-05-07,2025-05-17,799,Refunded,Call Center,2025-05-21 00:00,Uniqueness,Duplicate record intentionally added
ORD00107,CUST0006,Aditya Verma,35,Male,aditya.verma107@example.com,9947104551,Kolkata,West Bengal,Headphones,2025-07-19,2025-07-25,4999,paid,CRM,2025-07-25 00:00,Consistency,Payment status uses inconsistent label or case
ORD00108,CUST0534,Divya Nair,38,Female,divya.nair108@example.com,9131340444,Hyderabad,Telangana,Monitor,2025-07-31,2025-08-07,799,Pending,CRM,2025-05-11 00:00,Timeliness,Last updated timestamp is earlier than order date
ORD00109,CUST0636,Pooja Nair,57,Male,pooja.nair109@example.com,9384486536,Ahmedabad,Gujarat,Mobile,2026-07-24,2026-07-29,499,Refunded,Website,2025-03-18 00:00,Timeliness,Order date is in the future
ORD00110,CUST0117,Priya Patel,65,Female,priya.patel110@example.com,9919170792,Lucknow,Uttar Pradesh,Tablet,2025-06-16,2025-06-23,2499,Refunded,Mobile App,2025-06-25 00:00,Clean,No intentional issue
ORD00111,CUST0434,Aditya Chopra,44,Female,aditya.chopra111@example.com,9709445965,Bengaluru,Karnataka,Monitor,04/05/25,2025-05-09,39999,Pending,Mobile App,2025-05-14 00:00,Interpretability,Date format is ambiguous
ORD00112,CUST0441,Divya Mehta,23,Male,divya.mehta112@example.com,9102756234,New Delhi,Delhi,Keyboard,2025-03-27,2025-04-06,499,Refunded,Website,2025-04-08 00:00,Consistency,"City uses inconsistent spelling, abbreviation, or case"
ORD00113,CUST0212,Pooja Verma,36,Female,pooja.verma113@example.com,9530740070,Mumbai,Maharashtra,Mobile,14/03/25,2025-03-20,2499,Failed,Mobile App,2025-03-23 00:00,Interpretability,Date format is ambiguous
ORD00114,CUST0238,Rahul Malhotra,65,Male,abc.com,9761637844,Jaipur,Rajasthan,Headphones,2025-10-10,2025-10-13,4999,Refunded,CRM,2025-10-16 00:00,Interpretability,Email format is difficult to interpret or invalid
ORD00115,CUST0502,Aditya Nair,24,Male,aditya.nair115@example.com,9565653868,Chennai,Tamil Nadu,Keyboard,2025-04-11,2025-04-19,799,Failed,Mobile App,2025-04-24 00:00,Clean,No intentional issue
ORD00116,CUST0711,Riya Verma,61,Male,riya.verma116@example.com,9135544599,Chennai,Tamil Nadu,Mobile,2025-05-03,2025-04-30,799,Pending,Website,2025-05-10 00:00,Believability,Delivery date is before order date
ORD00117,CUST0394,Sai Reddy,38,Female,sai.reddy117@example.com,9954648400,Lucknow,Uttar Pradesh,Laptop,2025-07-03,2025-07-04,9999,P,Website,2025-07-05 00:00,Consistency,Payment status uses inconsistent label or case
ORD00118,CUST0117,Rohan Iyer,36,Male,rohan.iyer118@example.com,9259577424,Ahmedabad,Gujarat,Smartwatch,2025-09-11,2025-09-20,14999,paid,Website,2025-09-24 00:00,Consistency,Payment status uses inconsistent label or case
ORD00119,CUST0625,Meera Patel,40,Male,meera.patel119@example.com,9611220325,Ahmedabad,Gujarat,Mobile,2025-05-02,2025-05-06,59999,Failed,Mobile App,2025-05-11 00:00,Clean,No intentional issue
ORD00120,CUST0130,Nikhil Patel,54,Female,nikhil.patel120@example.com,9711328316,Jaipur,Rajasthan,Mobile,2026-02-18,2026-02-23,499,Failed,Call Center,2025-03-23 00:00,Timeliness,Order date is in the future
ORD00121,CUST0096,Sneha Iyer,65,Female,sneha.iyer121@example.com,9746305242,CHE,Tamil Nadu,Printer,2025-09-07,2025-09-13,24999,Paid,Mobile App,2025-09-18 00:00,Consistency,"City uses inconsistent spelling, abbreviation, or case"
ORD00122,CUST0471,Priya Iyer,54,Male,priya.iyer122@example.com,9091494998,Lucknow,Uttar Pradesh,Printer,2025-06-25,2025-06-26,9999999,Paid,Mobile App,2025-07-01 00:00,Accuracy,Order amount is inaccurate or far outside expected range
ORD00123,CUST0672,Ananya Patel,23,Female,ananya.patel123@example.com,9002055403,Bengaluru,Karnataka,Laptop,2025-07-22,2025-07-27,59999,Pending,CRM,2025-07-30 00:00,Clean,No intentional issue
ORD00124,CUST0321,Kavya Jain,26,Female,kavya.jain124@example.com,9323886605,Mumbai,Maharashtra,Tablet,2025-07-16,2025-07-18,59999,Paid,Website,2025-04-26 00:00,Timeliness,Last updated timestamp is earlier than order date
ORD00125,CUST0440,Sai Malhotra,44,Female,sai.malhotra125@example.com,9312056676,Delhi,Kerala,Mobile,2025-02-21,2025-02-24,799,Refunded,Mobile App,2025-02-26 00:00,Accuracy,City and State do not match
ORD00123,CUST0672,Ananya Patel,23,Female,ananya.patel123@example.com,9002055403,Bengaluru,Karnataka,Laptop,2025-07-22,2025-07-27,59999,Pending,CRM,2025-07-30 00:00,Uniqueness,Duplicate record intentionally added
ORD00127,CUST0294,Aditya Sharma,55,Male,aditya.sharma127@example.com,9654705623,Hyderabad,Telangana,Monitor,2025-04-21,2025-04-22,499,Refunded,Website,2025-04-26 00:00,Clean,No intentional issue
ORD00128,CUST0251,Sai Iyer,38,Female,sai.iyer128@example.com,9044637717,Lucknow,Uttar Pradesh,Mobile,2025-06-08,2025-06-15,123456789,Pending,CRM,2025-06-15 00:00,Accuracy,Order amount is inaccurate or far outside expected range
ORD00129,CUST0344,Neha Das,64,Female,neha.das129@example.com,9820750434,Bengaluru,Karnataka,Keyboard,2026-02-23,2026-02-28,59999,Paid,Website,2025-03-11 00:00,Timeliness,Order date is in the future
ORD00130,CUST0484,Riya Mehta,64,Male,riya.mehta130@example.com,9391908762,Delhi,Delhi,Router,2025-01-02,2025-01-03,499,Pending,Website,2024-11-28 00:00,Timeliness,Last updated timestamp is earlier than order date
ORD00131,CUST0071,Aditya Nair,41,Male,aditya.nair131@example.com,9887304327,Jaipur,Rajasthan,Laptop,2025-04-02,2025-04-06,14999,Paid,Website,2025-01-28 00:00,Timeliness,Last updated timestamp is earlier than order date
ORD00132,CUST0711,Amit Jain,52,Male,amit.jain132@example.com,9890687152,Bengaluru,Karnataka,Laptop,2025-07-29,2025-07-30,1499,Failed,Call Center,2025-08-04 00:00,Clean,No intentional issue
ORD00133,CUST0766,Sai Jain,35,Male,sai.jain133@example.com,9001805492,Hyderabad,Telangana,Tablet,2025-09-24,2025-10-01,59999,Failed,Mobile App,2025-10-04 00:00,Clean,No intentional issue
ORD00134,CUST0599,Sneha Jain,65,Female,sneha.jain134@example.com,9114313744,Chennai,Tamil Nadu,Printer,2025-05-20,2025-05-24,,Pending,CRM,2025-05-25 00:00,Completeness,Missing value in Order_Amount
ORD00135,CUST0406,Nikhil Chopra,,Male,nikhil.chopra135@example.com,9562904472,Delhi,Delhi,Keyboard,2025-03-17,2025-03-19,59999,Pending,Call Center,2025-03-21 00:00,Completeness,Missing value in Age
ORD00136,CUST0601,Arjun Sharma,21,Male,arjun.sharma136@example.com,9280094198,Bengaluru,Karnataka,Tablet,2025-07-25,2025-07-31,9999999,Paid,Mobile App,2025-08-04 00:00,Accuracy,Order amount is inaccurate or far outside expected range
ORD00137,CUST0363,Rahul Malhotra,54,Female,,9212806224,Kolkata,West Bengal,Printer,2025-01-16,2025-01-23,39999,Refunded,Call Center,2025-01-24 00:00,Completeness,Missing value in Email
ORD00138,CUST0368,Sneha Reddy,44,Male,sneha.reddy138@example.com,9473532050,,Rajasthan,Tablet,2025-11-19,2025-11-28,499,Refunded,Mobile App,2025-12-03 00:00,Completeness,Missing value in City
ORD00139,CUST0590,Neha Singh,55,Male,neha.singh139@example.com,9873881586,Bengaluru,Karnataka,MOB,2025-05-07,2025-05-11,2499,Paid,CRM,2025-05-12 00:00,Interpretability,Product category is stored as unexplained code
ORD00140,CUST0058,Riya Nair,,Male,riya.nair140@example.com,9225092179,Ahmedabad,Gujarat,Router,2025-06-08,2025-06-11,9999,Paid,Mobile App,2025-06-11 00:00,Completeness,Missing value in Age
ORD00141,CUST0104,Riya Jain,27,Male,riya.jain141@example.com,9339746437,Jaipur,Kerala,Keyboard,2025-02-07,2025-02-13,59999,Refunded,Mobile App,2025-02-17 00:00,Accuracy,City and State do not match
ORD00142,CUST0617,Rahul Kumar,280,Female,rahul.kumar142@example.com,9386614303,Bengaluru,Karnataka,Headphones,2025-01-01,2025-01-11,7999,Paid,Mobile App,2025-01-12 00:00,Accuracy,Age value is outside realistic human range
ORD00143,CUST0396,Meera Sharma,0,Male,meera.sharma143@example.com,9441483387,Delhi,Delhi,Mobile,2025-06-29,2025-07-04,799,Paid,Website,2025-07-04 00:00,Accuracy,Age value is outside realistic human range
ORD00144,CUST0077,Nikhil Sharma,280,Female,nikhil.sharma144@example.com,9580564091,Mumbai,Maharashtra,Mobile,2025-06-25,2025-06-28,7999,Pending,Call Center,2025-07-03 00:00,Accuracy,Age value is outside realistic human range
ORD00145,CUST0563,Amit Rao,44,Female,amit.rao145@example,9813426610,Pune,Maharashtra,Monitor,2025-05-02,2025-05-04,499,Refunded,Website,2025-05-08 00:00,Interpretability,Email format is difficult to interpret or invalid
ORD00146,CUST0391,Arjun Patel,43,Female,arjun.patel146@example.com,9342422076,Ahmedabad,Gujarat,Monitor,16/02/25,2025-02-25,7999,Pending,CRM,2025-02-27 00:00,Interpretability,Date format is ambiguous
ORD00147,CUST0242,Kavya Das,55,Male,kavya.das147@example.com,9409759866,Jaipur,Rajasthan,Laptop,2025-07-18,2025-07-27,7999,Refunded,CRM,2025-07-31 00:00,Clean,No intentional issue
ORD00148,CUST0643,Meera Reddy,28,Male,meera.reddy148@example.com,9153780558,Delhi,Delhi,Headphones,2025-01-22,2025-01-29,799,Refunded,Call Center,2025-01-30 00:00,Clean,No intentional issue
ORD00149,CUST0577,Aarav Das,62,Female,aarav.das149@example.com,9778882654,Bombay,Maharashtra,Mouse,2025-03-18,2025-03-21,24999,Paid,Website,2025-03-21 00:00,Consistency,"City uses inconsistent spelling, abbreviation, or case"
ORD00075,CUST0243,Isha Patel,37,Male,isha.patel75@example.com,9705385603,Bengaluru,Karnataka,Keyboard,2025-09-18,2025-09-13,799,Pending,Call Center,2025-09-23 00:00,Uniqueness,Duplicate record intentionally added
ORD00151,CUST0383,Kiran Jain,44,Male,kiran.jain151@example.com,9851351880,Delhi,Delhi,Printer,2025-04-19,2025-04-26,59999,Refunded,Website,2025-04-30 00:00,Clean,No intentional issue
ORD00152,CUST0378,Amit Chopra,21,Male,amit.chopra152@example.com,9856103518,HYD,Telangana,Printer,2025-01-26,2025-02-01,59999,Pending,Mobile App,2025-02-03 00:00,Consistency,"City uses inconsistent spelling, abbreviation, or case"
ORD00153,CUST0212,Aditya Patel,19,Female,aditya.patel153@example.com,9240770966,Hyderabad,Kerala,Headphones,2025-10-20,2025-10-24,1499,Pending,CRM,2025-10-29 00:00,Accuracy,City and State do not match
ORD00154,CUST0310,Nikhil Jain,63,Female,nikhil.jain154@example.com,9683156836,Kolkata,West Bengal,Mouse,2025-06-28,2025-07-06,2499,paid,Mobile App,2025-07-09 00:00,Consistency,Payment status uses inconsistent label or case
ORD00155,CUST0247,Pooja Verma,39,Female,pooja.verma155@example.com,9888666769,Chennai,Tamil Nadu,Monitor,2025-05-14,2025-05-19,1499,Pending,Mobile App,2025-05-23 00:00,Clean,No intentional issue
ORD00156,CUST0548,Sneha Kumar,65,Male,sneha.kumar156@example.com,9649331652,Lucknow,Uttar Pradesh,Smartwatch,2025-04-08,2025-04-14,123456789,Pending,Call Center,2025-04-19 00:00,Accuracy,Order amount is inaccurate or far outside expected range
ORD00157,CUST0340,Isha Das,29,Female,isha.das157@example.com,12345,Mumbai,Maharashtra,Tablet,2025-07-01,2025-07-05,59999,Failed,Website,2025-07-08 00:00,Believability,Phone number is not plausible
ORD00158,CUST0324,Neha Patel,44,Male,neha.patel158@example.com,9810393042,Bengaluru,Karnataka,Headphones,2025-04-13,2025-04-19,-999,Refunded,Website,2025-04-20 00:00,Believability,Negative order amount is not believable for a normal sale
ORD00159,CUST0547,Aditya Reddy,57,Female,aditya.reddy159@example.com,9130381662,Kolkata,West Bengal,Mouse,2025-08-08,2025-08-16,7999,paid,Mobile App,2025-08-16 00:00,Consistency,Payment status uses inconsistent label or case
ORD00160,CUST0533,Sneha Iyer,,Female,sneha.iyer160@example.com,9538939319,Bengaluru,Karnataka,Mobile,2025-01-24,2025-01-29,2499,Refunded,Call Center,2025-02-03 00:00,Completeness,Missing value in Age
ORD00161,CUST0656,Sai Rao,64,Male,sai.rao161@example.com,9250966064,Lucknow,Uttar Pradesh,Router,2025-03-28,2025-03-30,1,Paid,Call Center,2025-04-02 00:00,Accuracy,Order amount is inaccurate or far outside expected range
ORD00162,CUST0108,Sai Rao,62,Male,sai.rao162@example.com,9562746789,Pune,Maharashtra,MSE,2025-02-21,2025-03-02,2499,Pending,Mobile App,2025-03-05 00:00,Interpretability,Product category is stored as unexplained code
ORD00163,CUST0092,Rahul Sharma,53,Female,rahul.sharma163@example.com,9986105712,Delhi,Delhi,Printer,2025-06-19,2025-06-23,499,Paid,Website,2025-05-16 00:00,Timeliness,Last updated timestamp is earlier than order date
ORD00047,CUST0065,Arjun Mehta,32,Female,arjun.mehta47@example.com,9647610091,Hyderabad,Telangana,Smartwatch,2025-10-15,2025-10-21,24999,Pending,Website,2025-10-26 00:00,Uniqueness,Duplicate record intentionally added
ORD00157,CUST0340,Isha Das,29,Female,isha.das157@example.com,12345,Mumbai,Maharashtra,Tablet,2025-07-01,2025-07-05,59999,Failed,Website,2025-07-08 00:00,Uniqueness,Duplicate record intentionally added
ORD00166,CUST0268,Aarav Chopra,61,Male,aarav.chopra166@example.com,9608577298,Ahmedabad,Gujarat,Printer,2025-02-27,2025-03-06,9999,Paid,CRM,2024-12-27 00:00,Timeliness,Last updated timestamp is earlier than order date
ORD00021,CUST0152,Pooja Nair,22,Female,pooja.nair21@example.com,9607714195,Kolkata,West Bengal,Smartwatch,2025-04-10,2025-04-17,-999,Refunded,CRM,2025-04-18 00:00,Uniqueness,Duplicate record intentionally added
ORD00168,CUST0670,Meera Gupta,54,Female,meera.gupta168@example.com,9040587968,Mumbai,Maharashtra,PRN,2025-08-17,2025-08-23,799,Refunded,Website,2025-08-28 00:00,Interpretability,Product category is stored as unexplained code
ORD00169,CUST0673,Priya Singh,21,Male,user@,9340603675,Ahmedabad,Gujarat,Keyboard,2025-10-14,2025-10-24,24999,Refunded,Mobile App,2025-10-29 00:00,Interpretability,Email format is difficult to interpret or invalid
ORD00170,CUST0221,Pooja Reddy,63,Female,pooja.reddy170@example.com,9477149857,Mumbai,Maharashtra,Monitor,2025-11-09,2025-11-13,1499,Paid,Call Center,2025-09-05 00:00,Timeliness,Last updated timestamp is earlier than order date
ORD00171,CUST0593,Sai Gupta,18,Male,sai.gupta171@example.com,9181663846,Jaipur,Rajasthan,Mouse,2025-10-27,2025-11-04,14999,P,Website,2025-11-09 00:00,Consistency,Payment status uses inconsistent label or case
ORD00172,CUST0755,Nikhil Gupta,26,Male,nikhil.gupta172@example.com,999999999999999,Kolkata,West Bengal,Smartwatch,2025-09-20,2025-09-25,59999,Failed,Website,2025-09-30 00:00,Believability,Phone number is not plausible
ORD00042,CUST0307,Nikhil Rao,65,Male,nikhil.rao42@example.com,9907231557,Kolkata,Kerala,Mobile,2025-11-21,2025-11-23,9999,Pending,Website,2025-11-28 00:00,Uniqueness,Duplicate record intentionally added
ORD00174,CUST0105,Nikhil Mehta,34,Male,nikhil.mehta174@example.com,9665263576,Hyderabad,Telangana,Monitor,2025-04-15,2025-04-24,499,Failed,CRM,2025-04-27 00:00,Clean,No intentional issue
ORD00175,CUST0649,Sneha Kumar,0,Female,sneha.kumar175@example.com,9767567921,Jaipur,Rajasthan,Laptop,2025-01-07,2025-01-12,1499,Refunded,CRM,2025-01-13 00:00,Accuracy,Age value is outside realistic human range
ORD00176,CUST0339,Sneha Sharma,45,Female,sneha.sharma176@example.com,9490957683,Jaipur,Rajasthan,Monitor,2025-03-08,2025-03-11,,Failed,Mobile App,2025-03-11 00:00,Completeness,Missing value in Order_Amount
ORD00177,CUST0358,Priya Iyer,32,Male,,9223327598,Jaipur,Rajasthan,Mobile,2025-09-16,2025-09-19,7999,Refunded,CRM,2025-09-19 00:00,Completeness,Missing value in Email
ORD00178,CUST0742,Meera Rao,59,Male,meera.rao178@example.com,9298384081,Hyderabad,Telangana,Keyboard,2025-07-15,2025-07-17,7999,Failed,CRM,2025-07-21 00:00,Clean,No intentional issue
ORD00179,CUST0211,,52,Male,rahul.das179@example.com,9579769714,Mumbai,Maharashtra,Tablet,2025-11-19,2025-11-23,39999,Refunded,Mobile App,2025-11-23 00:00,Completeness,Missing value in Customer_Name
ORD00180,CUST0415,Vivaan Reddy,34,Male,vivaan.reddy180@example.com,9406566757,Lucknow,Uttar Pradesh,Tablet,2025-05-13,2025-05-20,7999,Pending,CRM,2025-05-25 00:00,Consistency,Payment status uses inconsistent label or case
ORD00181,CUST0032,Arjun Patel,61,Female,arjun.patel181@example.com,9451375916,Lucknow,Uttar Pradesh,Mobile,2025-05-25,2025-06-02,7999,Refunded,Mobile App,2025-06-07 00:00,Clean,No intentional issue
ORD00182,CUST0561,Aarav Iyer,53,Male,aarav.iyer182@example.com,9937934651,Mumbai,Maharashtra,LPT,2025-01-03,2025-01-13,24999,Refunded,Website,2025-01-17 00:00,Interpretability,Product category is stored as unexplained code
ORD00183,CUST0069,Amit Verma,29,Male,amit.verma183@example.com,9215936220,Jaipur,Rajasthan,Printer,2025-11-27,2025-12-06,799,payment_done,Website,2025-12-11 00:00,Consistency,Payment status uses inconsistent label or case
ORD00184,CUST0173,Priya Nair,60,Female,priya.nair184@example.com,9022748178,Lucknow,Uttar Pradesh,Headphones,2025-10-17,2025-10-27,4999,Failed,Call Center,2025-08-15 00:00,Timeliness,Last updated timestamp is earlier than order date
ORD00185,CUST0078,Isha Verma,29,Male,abc.com,9886857202,Pune,Maharashtra,Headphones,2025-10-03,2025-10-07,2499,Paid,Call Center,2025-10-12 00:00,Interpretability,Email format is difficult to interpret or invalid
ORD00124,CUST0321,Kavya Jain,26,Female,kavya.jain124@example.com,9323886605,Mumbai,Maharashtra,Tablet,2025-07-16,2025-07-18,59999,Paid,Website,2025-04-26 00:00,Uniqueness,Duplicate record intentionally added
ORD00187,CUST0212,Ananya Sharma,32,Female,ananya.sharma187@example.com,9573980619,Delhi,Delhi,Mobile,2025-05-16,2025-05-22,1499,Paid,Mobile App,2025-05-27 00:00,Clean,No intentional issue
ORD00188,CUST0258,Kiran Nair,52,Male,kiran.nair188@example.com,9395384465,Kolkata,West Bengal,Mouse,2026-09-22,2026-09-27,39999,Paid,Website,2025-07-21 00:00,Timeliness,Order date is in the future
ORD00189,CUST0339,Kiran Rao,27,Male,kiran.rao189@example.com,9744218005,Bengaluru,Kerala,Keyboard,2025-11-05,2025-11-07,39999,Pending,Website,2025-11-10 00:00,Accuracy,City and State do not match
ORD00190,CUST0578,Vivaan Malhotra,54,Male,vivaan.malhotra190@example.com,9687892644,Hyderabad,Telangana,Headphones,2025-05-13,2025-05-16,14999,Refunded,Website,2025-05-20 00:00,Clean,No intentional issue
ORD00191,CUST0611,Divya Reddy,55,Male,divya.reddy191@example.com,9523128541,Lucknow,Kerala,Router,2025-05-16,2025-05-19,59999,Failed,CRM,2025-05-22 00:00,Accuracy,City and State do not match
ORD00192,CUST0665,Divya Sharma,52,Male,divya.sharma192@example.com,9448649473,Mumbai,Maharashtra,Printer,2026-05-01,2026-05-06,14999,Paid,CRM,2025-03-23 00:00,Timeliness,Order date is in the future
ORD00193,CUST0008,Aditya Patel,56,Female,aditya.patel193@example.com,9328414525,Pune,Maharashtra,Tablet,03/01/25,2025-01-04,24999,Paid,Mobile App,2025-01-08 00:00,Interpretability,Date format is ambiguous
ORD00194,CUST0315,Sneha Das,31,Female,sneha.das194@example.com,9573181279,Jaipur,Rajasthan,Router,2025-09-05,2025-09-08,1,Refunded,CRM,2025-09-10 00:00,Accuracy,Order amount is inaccurate or far outside expected range
ORD00195,CUST0615,Isha Nair,62,Male,isha.nair195@example.com,9402003965,Bengaluru,Karnataka,Mouse,2025-11-22,2025-11-23,799,Pending,CRM,2025-11-26 00:00,Clean,No intentional issue
ORD00196,CUST0523,Rahul Mehta,49,Female,rahul.mehta196@example.com,9521020197,Hyderabad,Telangana,TBL,2025-09-23,2025-09-28,1499,Paid,Mobile App,2025-10-02 00:00,Interpretability,Product category is stored as unexplained code
ORD00197,CUST0284,Riya Rao,51,Male,riya.rao197@example.com,9294401555,Mumbai,Maharashtra,Mobile,2025-10-09,2025-10-14,59999,Failed,Mobile App,2025-10-16 00:00,Clean,No intentional issue
ORD00198,CUST0698,Neha Patel,52,Female,neha.patel198@example.com,9450106962,Ahmedabad,Gujarat,Mouse,2026-10-03,2026-10-08,1499,Failed,Mobile App,2025-10-27 00:00,Timeliness,Order date is in the future
ORD00199,CUST0322,Aarav Jain,150,Male,aarav.jain199@example.com,9382969417,Pune,Maharashtra,Mobile,2025-07-24,2025-07-30,799,Pending,Mobile App,2025-08-02 00:00,Accuracy,Age value is outside realistic human range
ORD00033,CUST0758,Meera Malhotra,46,Female,meera.malhotra33@example.com,9076202514,Lucknow,Uttar Pradesh,Mouse,2025-06-06,2025-06-16,24999,PAID,Call Center,2025-06-20 00:00,Uniqueness,Duplicate record intentionally added
ORD00201,CUST0124,Vivaan Iyer,45,Female,vivaan.iyer201@example.com,9646025362,Jaipur,Rajasthan,Laptop,2025-09-15,2025-09-21,123456789,Pending,Mobile App,2025-09-24 00:00,Accuracy,Order amount is inaccurate or far outside expected range
ORD00190,CUST0578,Vivaan Malhotra,54,Male,vivaan.malhotra190@example.com,9687892644,Hyderabad,Telangana,Headphones,2025-05-13,2025-05-16,14999,Refunded,Website,2025-05-20 00:00,Uniqueness,Duplicate record intentionally added
ORD00203,CUST0308,Sai Gupta,18,Male,sai.gupta203@example.com,9280012280,Kolkata,West Bengal,Printer,2025-03-10,2025-03-19,14999,P,Mobile App,2025-03-22 00:00,Consistency,Payment status uses inconsistent label or case
ORD00204,CUST0590,Isha Iyer,34,Female,isha.iyer204@example.com,9659235740,Hyderabad,Telangana,Mouse,2025-03-04,2025-03-10,39999,Pending,Mobile App,2025-02-10 00:00,Timeliness,Last updated timestamp is earlier than order date
ORD00205,CUST0669,Priya Kumar,150,Female,priya.kumar205@example.com,9226248359,Mumbai,Maharashtra,Mobile,2025-03-24,2025-03-30,1499,Failed,Call Center,2025-04-01 00:00,Accuracy,Age value is outside realistic human range
ORD00206,CUST0562,Rohan Mehta,34,Male,rohan.mehta206@example.com,9075916093,DEL,Delhi,Headphones,2025-07-23,2025-07-25,799,Paid,Website,2025-07-28 00:00,Consistency,"City uses inconsistent spelling, abbreviation, or case"
ORD00207,CUST0488,Meera Mehta,26,Male,meera.mehta207@example.com,999999999999999,Jaipur,Rajasthan,Headphones,2025-01-15,2025-01-16,39999,Failed,Call Center,2025-01-18 00:00,Believability,Phone number is not plausible
ORD00208,CUST0267,Nikhil Malhotra,40,Female,nikhil.malhotra208@example.com,9105712564,Jaipur,Rajasthan,Tablet,2025-02-15,2025-02-23,2499,payment_done,Call Center,2025-02-26 00:00,Consistency,Payment status uses inconsistent label or case
ORD00209,CUST0256,Nikhil Nair,32,Male,nikhil.nair209@example.com,9173324279,Jaipur,Rajasthan,Keyboard,2025-04-07,2025-04-14,14999,Pending,Mobile App,2025-04-17 00:00,Consistency,Payment status uses inconsistent label or case
ORD00060,CUST0463,Meera Mehta,37,Female,meera.mehta60@example.com,9032690535,Lucknow,Uttar Pradesh,Laptop,2025-06-30,2025-07-09,799,Failed,CRM,2025-04-07 00:00,Uniqueness,Duplicate record intentionally added
ORD00002,CUST0390,Aarav Das,28,Female,aarav.das2@example.com,0000000000,Chennai,Tamil Nadu,Monitor,2025-03-21,2025-03-25,4999,Paid,Mobile App,2025-03-25 00:00,Uniqueness,Duplicate record intentionally added
ORD00212,CUST0097,Arjun Das,63,Male,arjun.das212@example.com,9594633609,Kolkata,West Bengal,Printer,2025-05-07,2025-05-08,1499,P,CRM,2025-05-13 00:00,Consistency,Payment status uses inconsistent label or case
ORD00213,CUST0283,Amit Singh,280,Male,amit.singh213@example.com,9532956617,Mumbai,Maharashtra,Tablet,2025-11-21,2025-11-28,4999,Paid,Website,2025-11-29 00:00,Accuracy,Age value is outside realistic human range
ORD00214,CUST0661,Vivaan Sharma,40,Male,vivaan.sharma214@example.com,999999999999999,Jaipur,Rajasthan,Mobile,2025-03-06,2025-03-14,1499,Failed,Call Center,2025-03-18 00:00,Believability,Phone number is not plausible
ORD00062,CUST0259,Divya Sharma,58,Female,divya.sharma62@example.com,9769835139,Mumbai,Kerala,Keyboard,2025-02-18,2025-02-27,39999,Refunded,Call Center,2025-03-01 00:00,Uniqueness,Duplicate record intentionally added
ORD00216,CUST0420,Priya Jain,22,Female,priya.jain216@example.com,9615081824,Delhi,Delhi,Router,2025-09-12,2025-09-21,,Failed,CRM,2025-09-23 00:00,Completeness,Missing value in Order_Amount
ORD00217,CUST0214,Sneha Mehta,49,Female,sneha.mehta217@example.com,9698463788,Hyderabad,Telangana,Keyboard,2025-04-24,2025-05-04,59999,Paid,CRM,2025-05-04 00:00,Clean,No intentional issue
ORD00218,CUST0237,Kiran Iyer,20,Male,kiran.iyer218@example.com,9515261741,Pune,Maharashtra,Mobile,21/04/25,2025-04-30,799,Paid,Mobile App,2025-05-05 00:00,Interpretability,Date format is ambiguous
ORD00219,CUST0615,Kavya Malhotra,24,Male,kavya.malhotra219@example.com,9433933747,Bengaluru,Karnataka,Router,2025-07-25,2025-08-03,-999,Pending,Website,2025-08-07 00:00,Believability,Negative order amount is not believable for a normal sale
ORD00220,CUST0611,Isha Malhotra,65,Female,isha.malhotra220@example.com,9018092379,Chennai,Tamil Nadu,Printer,2025-08-18,2025-08-25,499,Paid,Mobile App,2025-08-27 00:00,Clean,No intentional issue
ORD00221,CUST0376,Neha Iyer,54,Male,neha.iyer221@example.com,9822355203,Mumbai,Kerala,Laptop,2025-08-24,2025-08-30,999,Pending,Call Center,2025-09-01 00:00,Accuracy,City and State do not match
ORD00222,CUST0445,Riya Chopra,24,Female,riya.chopra222@example.com,9488266073,Hyderabad,Telangana,Smartwatch,2025-07-15,2025-07-10,499,Failed,Mobile App,2025-07-19 00:00,Believability,Delivery date is before order date
ORD00124,CUST0321,Kavya Jain,26,Female,kavya.jain124@example.com,9323886605,Mumbai,Maharashtra,Tablet,2025-07-16,2025-07-18,59999,Paid,Website,2025-04-26 00:00,Uniqueness,Duplicate record intentionally added
ORD00015,CUST0010,Vivaan Sharma,39,Male,vivaan.sharma15@example.com,9196103540,Pune,Maharashtra,Headphones,2025-08-15,2025-08-24,59999,Refunded,Mobile App,2025-08-28 00:00,Uniqueness,Duplicate record intentionally added
ORD00225,CUST0776,Ananya Nair,46,Male,ananya.nair225@example.com,9707261823,Ahmedabad,Gujarat,Laptop,2025-04-30,2025-05-04,39999,payment_done,CRM,2025-05-05 00:00,Consistency,Payment status uses inconsistent label or case
ORD00226,CUST0748,Aarav Singh,31,Male,aarav.singh226@example.com,9966395202,Delhi,Delhi,Router,2025-09-25,2025-09-30,,Refunded,Mobile App,2025-10-04 00:00,Completeness,Missing value in Order_Amount
ORD00227,CUST0390,Aarav Verma,42,Female,aarav.verma227@example.com,9579450195,Chennai,Tamil Nadu,Mobile,,2025-01-15,39999,Refunded,CRM,2025-01-16 00:00,Completeness,Missing value in Order_Date
ORD00228,CUST0514,Nikhil Singh,49,Female,nikhil.singh228@example.com,9202399992,Bengaluru,Karnataka,Laptop,2025-06-27,2025-07-03,4999,Failed,Mobile App,2025-07-04 00:00,Clean,No intentional issue
ORD00229,CUST0157,Sai Verma,64,Female,sai.verma229@example.com,9436416562,Jaipur,Rajasthan,Smartwatch,2025-11-17,2025-11-21,7999,Pending,Website,2025-11-25 00:00,Consistency,Payment status uses inconsistent label or case
ORD00230,CUST0326,Sai Kumar,0,Male,sai.kumar230@example.com,9810399378,Chennai,Tamil Nadu,Mobile,2025-10-13,2025-10-22,59999,Paid,Mobile App,2025-10-23 00:00,Accuracy,Age value is outside realistic human range
ORD00231,CUST0704,Sai Reddy,150,Female,sai.reddy231@example.com,9007184613,Lucknow,Uttar Pradesh,Smartwatch,2025-11-10,2025-11-14,24999,Pending,Call Center,2025-11-15 00:00,Accuracy,Age value is outside realistic human range
ORD00232,CUST0632,Vivaan Kumar,18,Female,vivaan.kumar232@example.com,9434240733,Kolkata,West Bengal,Tablet,2025-04-14,2025-04-10,799,Pending,CRM,2025-04-21 00:00,Believability,Delivery date is before order date
ORD00233,CUST0299,Vivaan Malhotra,33,Female,vivaan.malhotra233@example.com,9487212969,Hyderabad,Telangana,Router,2025-07-18,2025-07-27,39999,Paid,Call Center,2025-07-28 00:00,Clean,No intentional issue
ORD00234,CUST0462,Meera Verma,64,Male,no-email,9048880367,Bengaluru,Karnataka,Smartwatch,2025-10-07,2025-10-10,7999,Refunded,Website,2025-10-12 00:00,Interpretability,Email format is difficult to interpret or invalid
ORD00235,CUST0564,Arjun Jain,46,Female,arjun.jain235@example.com,9379561817,mumbai,Maharashtra,Router,2025-07-16,2025-07-25,24999,Pending,Call Center,2025-07-28 00:00,Consistency,"City uses inconsistent spelling, abbreviation, or case"
ORD00236,CUST0470,Meera Patel,58,Male,meera.patel236@example.com,9448642644,mumbai,Maharashtra,Headphones,2025-04-14,2025-04-15,24999,Failed,CRM,2025-04-15 00:00,Consistency,"City uses inconsistent spelling, abbreviation, or case"
ORD00237,CUST0149,Kiran Nair,58,Male,kiran.nair237@example.com,9868290416,Hyderabad,Telangana,Headphones,2025-03-17,2025-03-18,39999,Failed,Website,2025-03-18 00:00,Clean,No intentional issue
ORD00238,CUST0067,Riya Singh,20,Male,riya.singh238@example.com,999999999999999,Pune,Maharashtra,Keyboard,2025-07-08,2025-07-15,799,Refunded,CRM,2025-07-19 00:00,Believability,Phone number is not plausible
ORD00239,CUST0577,Nikhil Kumar,56,Female,user@,9474882211,Pune,Maharashtra,Router,2025-10-22,2025-11-01,4999,Pending,Call Center,2025-11-05 00:00,Interpretability,Email format is difficult to interpret or invalid
ORD00240,CUST0289,Divya Kumar,44,Male,divya.kumar240@example.com,9203571335,Chennai,Tamil Nadu,Keyboard,2025-10-14,2025-10-18,499,Pending,CRM,2025-10-23 00:00,Clean,No intentional issue
ORD00241,CUST0472,Amit Singh,39,Female,amit.singh241@example.com,9853747827,Ahmedabad,Gujarat,Laptop,2025-11-27,2025-11-30,-500,Pending,Mobile App,2025-12-05 00:00,Believability,Negative order amount is not believable for a normal sale
ORD00242,CUST0548,Riya Mehta,,Female,riya.mehta242@example.com,9853587730,Mumbai,Maharashtra,Headphones,2025-05-24,2025-05-25,4999,Refunded,Call Center,2025-05-30 00:00,Completeness,Missing value in Age
ORD00026,CUST0224,Aarav Rao,30,Male,aarav.rao26@example.com,9423697713,Lucknow,Uttar Pradesh,Headphones,2025-05-03,2025-05-06,9999,Paid,CRM,2025-05-10 00:00,Uniqueness,Duplicate record intentionally added
ORD00244,CUST0046,Neha Mehta,26,Male,abc.com,9650405635,Hyderabad,Telangana,Printer,2025-07-18,2025-07-27,799,Paid,Mobile App,2025-07-29 00:00,Interpretability,Email format is difficult to interpret or invalid
ORD00245,CUST0281,Amit Rao,36,Female,amit.rao245@example.com,9195155298,Jaipur,Rajasthan,Keyboard,2025-08-14,2025-08-16,123456789,Pending,Website,2025-08-17 00:00,Accuracy,Order amount is inaccurate or far outside expected range
ORD00246,CUST0089,Priya Iyer,46,Male,priya.iyer246@example.com,9415586638,Bengaluru,Karnataka,Laptop,2025-08-30,2025-08-31,799,Refunded,CRM,2025-08-31 00:00,Clean,No intentional issue
ORD00247,CUST0238,Meera Nair,26,Male,meera.nair247@example.com,9918231938,Ahmedabad,Gujarat,Mobile,2026-09-02,2026-09-07,39999,Refunded,Mobile App,2025-08-30 00:00,Timeliness,Order date is in the future
ORD00248,CUST0106,Arjun Singh,48,Female,arjun.singh248@example.com,9471503452,Bengaluru,Karnataka,Monitor,2025-06-28,2025-06-24,24999,Pending,Website,2025-07-12 00:00,Believability,Delivery date is before order date
ORD00249,CUST0679,Aditya Singh,31,Female,aditya.singh249@example.com,9677815304,Kolkata,West Bengal,Smartwatch,2025-06-25,2025-07-04,59999,Pending,Mobile App,2025-07-05 00:00,Clean,No intentional issue
ORD00250,CUST0595,Aditya Nair,24,Female,aditya.nair250@example.com,9960115351,chennai,Tamil Nadu,Printer,2025-11-27,2025-11-28,799,Pending,Mobile App,2025-11-29 00:00,Consistency,"City uses inconsistent spelling, abbreviation, or case"
ORD00251,CUST0302,Nikhil Malhotra,45,Female,nikhil.malhotra251@example.com,9099059120,Mumbai,Maharashtra,SWT,2025-01-05,2025-01-15,14999,Refunded,Call Center,2025-01-16 00:00,Interpretability,Product category is stored as unexplained code
ORD00252,CUST0143,Priya Jain,42,Female,priya.jain252@example.com,9139819610,Kolkata,West Bengal,Mouse,2025-10-07,2025-10-11,123456789,Pending,CRM,2025-10-14 00:00,Accuracy,Order amount is inaccurate or far outside expected range
ORD00253,CUST0522,Kavya Reddy,23,Male,kavya.reddy253@example.com,9483240477,Kolkata,West Bengal,Printer,2025-11-06,2025-11-13,24999,Pending,Mobile App,2025-09-20 00:00,Timeliness,Last updated timestamp is earlier than order date
ORD00254,CUST0748,Vivaan Sharma,54,Female,vivaan.sharma254@example.com,9799740804,Chennai,Tamil Nadu,Mobile,25/10/25,2025-11-02,59999,Paid,CRM,2025-11-03 00:00,Interpretability,Date format is ambiguous
ORD00255,CUST0752,Riya Patel,57,Male,riya.patel255@example.com,9339216537,,Tamil Nadu,Router,2025-01-06,2025-01-14,9999,Refunded,Mobile App,2025-01-18 00:00,Completeness,Missing value in City
ORD00256,CUST0518,Riya Reddy,54,Male,riya.reddy256@example.com,9072622769,Pune,Maharashtra,SWT,2025-01-14,2025-01-19,9999,Paid,Website,2025-01-20 00:00,Interpretability,Product category is stored as unexplained code
ORD00257,CUST0610,Rahul Patel,62,Male,,9914972462,Ahmedabad,Gujarat,Headphones,2025-09-28,2025-09-29,4999,Paid,Mobile App,2025-09-30 00:00,Completeness,Missing value in Email
ORD00258,CUST0700,Arjun Sharma,28,Female,arjun.sharma258@example.com,9741809469,Kolkata,West Bengal,Printer,,2025-06-12,59999,Pending,CRM,2025-06-15 00:00,Completeness,Missing value in Order_Date
ORD00259,CUST0692,,45,Female,ananya.chopra259@example.com,9775136156,Chennai,Tamil Nadu,Monitor,2025-05-17,2025-05-19,2499,Refunded,CRM,2025-05-22 00:00,Completeness,Missing value in Customer_Name
ORD00260,CUST0635,Neha Verma,61,Female,neha.verma260@example.com,9096896718,Chennai,Tamil Nadu,Tablet,2025-05-26,2025-05-31,1499,Paid,Website,2025-03-04 00:00,Timeliness,Last updated timestamp is earlier than order date
ORD00261,CUST0465,Riya Das,29,Male,riya.das261@example.com,9924973107,Bengaluru,Karnataka,Monitor,2025-05-31,2025-06-08,39999,Paid,Call Center,2025-04-27 00:00,Timeliness,Last updated timestamp is earlier than order date
ORD00262,CUST0148,Kiran Reddy,46,Male,kiran.reddy262@example.com,9546142007,,Gujarat,Tablet,2025-11-09,2025-11-16,999,Refunded,Call Center,2025-11-16 00:00,Completeness,Missing value in City
ORD00263,CUST0589,Sai Mehta,58,Male,sai.mehta263@example.com,9077447802,Hyderabad,Telangana,Mouse,2025-05-17,2025-05-20,59999,Failed,Call Center,2025-05-23 00:00,Clean,No intentional issue
ORD00264,CUST0548,Pooja Verma,54,Female,abc.com,9838722596,Chennai,Tamil Nadu,Monitor,2025-07-25,2025-07-26,39999,Paid,Mobile App,2025-07-28 00:00,Interpretability,Email format is difficult to interpret or invalid
ORD00265,CUST0399,Pooja Verma,58,Female,pooja.verma265@example.com,9053584900,Delhi,Delhi,Headphones,2026-12-02,2026-12-07,499,Pending,CRM,2025-01-26 00:00,Timeliness,Order date is in the future
ORD00266,CUST0670,Neha Gupta,61,Male,neha.gupta266@example.com,9096260698,Lucknow,Uttar Pradesh,Tablet,2026-10-31,2026-11-05,59999,Pending,CRM,2025-02-10 00:00,Timeliness,Order date is in the future
ORD00267,CUST0346,Aditya Chopra,24,Male,aditya.chopra267@example.com,9896395187,Ahmedabad,Gujarat,Smartwatch,2025-11-12,2025-11-11,799,Pending,CRM,2025-11-19 00:00,Believability,Delivery date is before order date
ORD00268,CUST0042,Arjun Patel,27,Female,arjun.patel268@example.com,9176318009,Bengaluru,Karnataka,Keyboard,2025-10-11,2025-10-14,9999,Pending,Mobile App,2025-08-11 00:00,Timeliness,Last updated timestamp is earlier than order date
ORD00269,CUST0185,Sai Rao,27,Female,sai.rao269@example.com,9760834519,Jaipur,Rajasthan,Printer,30/07/25,2025-08-03,999,Paid,CRM,2025-08-07 00:00,Interpretability,Date format is ambiguous
ORD00091,CUST0515,Kiran Mehta,41,Male,kiran.mehta91@example.com,9987669329,Hyderabad,Kerala,Mobile,2025-08-27,2025-09-01,999,Refunded,Call Center,2025-09-06 00:00,Uniqueness,Duplicate record intentionally added
ORD00271,CUST0594,Rahul Das,19,Female,rahul.das271@example.com,9316373078,Jaipur,Rajasthan,Mobile,2025-02-06,2025-02-10,59999,Refunded,Call Center,2025-02-14 00:00,Clean,No intentional issue
ORD00272,CUST0397,Aditya Gupta,55,Female,aditya.gupta272@example.com,9341323052,Hyderabad,Telangana,Mouse,2025-03-16,2025-03-20,24999,Refunded,CRM,2025-03-21 00:00,Clean,No intentional issue
ORD00273,CUST0567,Meera Kumar,28,Female,meera.kumar273@example.com,9808495827,DEL,Delhi,Monitor,2025-11-06,2025-11-09,39999,Pending,Website,2025-11-13 00:00,Consistency,"City uses inconsistent spelling, abbreviation, or case"
ORD00274,CUST0517,Riya Rao,55,Male,riya.rao274@example.com,9054784250,Lucknow,Uttar Pradesh,Laptop,2025-08-02,2025-08-03,499,Refunded,Call Center,2025-08-08 00:00,Clean,No intentional issue
ORD00275,CUST0766,Sai Singh,36,Male,sai.singh275@example.com,9594171867,Mumbai,Maharashtra,Laptop,2025-09-03,2025-09-08,999,Refunded,CRM,2025-09-12 00:00,Clean,No intentional issue
ORD00276,CUST0083,Aditya Kumar,62,Female,aditya.kumar276@example.com,9639593034,Jaipur,Rajasthan,Laptop,2026-10-15,2026-10-20,2499,Pending,CRM,2025-06-13 00:00,Timeliness,Order date is in the future
ORD00277,CUST0771,Aditya Iyer,63,Male,aditya.iyer277@example.com,9592723262,Bengaluru,Karnataka,Keyboard,2026-09-15,2026-09-20,799,Refunded,CRM,2025-05-17 00:00,Timeliness,Order date is in the future
ORD00278,CUST0710,Neha Chopra,150,Female,neha.chopra278@example.com,9890840829,Jaipur,Rajasthan,Router,2025-05-30,2025-06-07,24999,Failed,CRM,2025-06-12 00:00,Accuracy,Age value is outside realistic human range
ORD00279,CUST0455,Pooja Reddy,31,Male,pooja.reddy279@example.com,999999999999999,Pune,Maharashtra,Mouse,2025-10-05,2025-10-08,9999,Failed,Mobile App,2025-10-11 00:00,Believability,Phone number is not plausible
ORD00280,CUST0233,Neha Chopra,150,Female,neha.chopra280@example.com,9497034197,Ahmedabad,Gujarat,Monitor,2025-10-18,2025-10-21,2499,Pending,Mobile App,2025-10-23 00:00,Accuracy,Age value is outside realistic human range
ORD00281,CUST0211,Rahul Rao,25,Male,rahul.rao281@example.com,9503335139,Chennai,Tamil Nadu,Smartwatch,2025-03-06,2025-03-14,2499,Failed,Call Center,2025-03-15 00:00,Clean,No intentional issue
ORD00282,CUST0297,Sai Gupta,38,Male,sai.gupta282@example.com,9979677931,Hyderabad,Telangana,Router,2025-09-17,2025-09-23,39999,Failed,Call Center,2025-09-26 00:00,Clean,No intentional issue
ORD00283,CUST0095,Sai Mehta,53,Male,sai.mehta283@example.com,9361577108,Pune,Maharashtra,Laptop,2025-07-25,2025-08-04,1499,Refunded,CRM,2025-08-06 00:00,Clean,No intentional issue
ORD00213,CUST0283,Amit Singh,280,Male,amit.singh213@example.com,9532956617,Mumbai,Maharashtra,Tablet,2025-11-21,2025-11-28,4999,Paid,Website,2025-11-29 00:00,Uniqueness,Duplicate record intentionally added
ORD00285,CUST0311,Meera Patel,28,Female,meera.patel285@example.com,9489097049,Kolkata,West Bengal,Headphones,2025-10-28,2025-11-07,123456789,Pending,Call Center,2025-11-08 00:00,Accuracy,Order amount is inaccurate or far outside expected range
ORD00286,CUST0600,Riya Das,26,Male,riya.das286@example.com,9354002984,Bengaluru,Karnataka,Mouse,2026-12-20,2026-12-25,9999,Paid,Mobile App,2025-06-09 00:00,Timeliness,Order date is in the future
ORD00287,CUST0447,Rohan Sharma,25,Female,rohan.sharma287@example.com,9864615581,Ahmedabad,Gujarat,Mobile,2025-11-03,2025-11-09,123456789,Refunded,CRM,2025-11-13 00:00,Accuracy,Order amount is inaccurate or far outside expected range
ORD00288,CUST0543,Sai Singh,28,Male,sai.singh288@example.com,9601675133,Pune,Maharashtra,Keyboard,2025-08-03,2025-08-09,499,P,Mobile App,2025-08-11 00:00,Consistency,Payment status uses inconsistent label or case
ORD00289,CUST0422,Arjun Iyer,55,Female,arjun.iyer289@example.com,9391121868,Bengaluru,Karnataka,Laptop,2025-03-12,2025-03-21,2499,Failed,CRM,2025-02-25 00:00,Timeliness,Last updated timestamp is earlier than order date
ORD00290,CUST0727,Sai Malhotra,19,Female,no-email,9371166329,Chennai,Tamil Nadu,Monitor,2025-07-05,2025-07-08,9999,Failed,Call Center,2025-07-09 00:00,Interpretability,Email format is difficult to interpret or invalid
ORD00291,CUST0122,Aarav Das,,Female,aarav.das291@example.com,9903001652,Hyderabad,Telangana,Tablet,2025-02-25,2025-02-26,39999,Paid,Mobile App,2025-03-01 00:00,Completeness,Missing value in Age
ORD00292,CUST0593,Kiran Nair,40,Female,kiran.nair292@example.com,9757917079,Bengaluru,Karnataka,Router,2025-11-10,2025-11-14,14999,Paid,Call Center,2025-09-14 00:00,Timeliness,Last updated timestamp is earlier than order date
ORD00293,CUST0127,Arjun Reddy,40,Female,arjun.reddy293@example.com,9454327043,Kolkata,West Bengal,TBL,2025-09-21,2025-09-25,7999,Paid,Call Center,2025-09-27 00:00,Interpretability,Product category is stored as unexplained code
ORD00087,CUST0686,Kiran Malhotra,53,Female,kiran.malhotra87@example.com,9922134619,Bengaluru,Karnataka,Mobile,2025-11-12,2025-11-22,1499,Pending,Website,2025-09-12 00:00,Uniqueness,Duplicate record intentionally added
ORD00295,CUST0512,Aditya Singh,30,Female,aditya.singh295@example.com,9275276446,Delhi,Delhi,Smartwatch,2025-07-26,2025-07-28,1499,Refunded,Call Center,2025-08-02 00:00,Clean,No intentional issue
ORD00267,CUST0346,Aditya Chopra,24,Male,aditya.chopra267@example.com,9896395187,Ahmedabad,Gujarat,Smartwatch,2025-11-12,2025-11-11,799,Pending,CRM,2025-11-19 00:00,Uniqueness,Duplicate record intentionally added
ORD00297,CUST0560,Pooja Das,47,Male,pooja.das297@example.com,9079814840,Pune,Maharashtra,Printer,2025-09-09,2025-09-07,2499,Failed,Website,2025-09-22 00:00,Believability,Delivery date is before order date
ORD00146,CUST0391,Arjun Patel,43,Female,arjun.patel146@example.com,9342422076,Ahmedabad,Gujarat,Monitor,16/02/25,2025-02-25,7999,Pending,CRM,2025-02-27 00:00,Uniqueness,Duplicate record intentionally added
ORD00299,CUST0100,Priya Sharma,,Male,priya.sharma299@example.com,9494022306,Bengaluru,Karnataka,Keyboard,2025-06-28,2025-07-08,499,Failed,Mobile App,2025-07-11 00:00,Completeness,Missing value in Age
ORD00300,CUST0713,Aarav Iyer,38,Male,aarav.iyer300@example.com,12345,Ahmedabad,Gujarat,Mouse,2025-10-18,2025-10-27,7999,Failed,Call Center,2025-10-27 00:00,Believability,Phone number is not plausible
ORD00301,CUST0272,Rahul Nair,37,Female,rahul.nair301@example.com,12345,Kolkata,West Bengal,Tablet,2025-09-12,2025-09-14,14999,Pending,CRM,2025-09-16 00:00,Believability,Phone number is not plausible
ORD00302,CUST0425,Kavya Rao,40,Male,kavya.rao302@example.com,9464710785,Pune,Maharashtra,Router,03/06/25,2025-06-10,39999,Failed,Website,2025-06-11 00:00,Interpretability,Date format is ambiguous
ORD00303,CUST0247,Meera Patel,58,Female,meera.patel303@example.com,9163438024,Lucknow,Uttar Pradesh,LPT,2025-09-25,2025-09-29,4999,Refunded,Mobile App,2025-09-30 00:00,Interpretability,Product category is stored as unexplained code
ORD00304,CUST0498,Divya Rao,43,Male,divya.rao304@example,9546011286,Mumbai,Maharashtra,Headphones,2025-04-09,2025-04-10,1499,Failed,Website,2025-04-13 00:00,Interpretability,Email format is difficult to interpret or invalid
ORD00305,CUST0742,Aarav Sharma,23,Female,aarav.sharma305@example.com,9825516575,Lucknow,Uttar Pradesh,Monitor,2025-02-02,2025-02-09,4999,Paid,Call Center,2025-02-12 00:00,Clean,No intentional issue
ORD00306,CUST0110,Rohan Nair,25,Female,rohan.nair306@example.com,9194254393,Chennai,Tamil Nadu,Smartwatch,2026-05-24,2026-05-29,7999,Pending,Call Center,2025-07-24 00:00,Timeliness,Order date is in the future
ORD00307,CUST0688,Sai Singh,48,Female,sai.singh307@example.com,9253938188,,Maharashtra,Laptop,2025-11-27,2025-12-07,499,Paid,Call Center,2025-12-12 00:00,Completeness,Missing value in City
ORD00308,CUST0417,Kiran Patel,23,Male,kiran.patel308@example.com,9720747934,Pune,Maharashtra,Tablet,2025-03-24,2025-04-01,39999,Failed,CRM,2025-04-06 00:00,Clean,No intentional issue
ORD00309,CUST0657,Kiran Iyer,22,Female,kiran.iyer309@example.com,9667146301,Kolkata,West Bengal,Smartwatch,2025-10-08,2025-10-14,9999,Paid,Website,2025-10-14 00:00,Clean,No intentional issue
ORD00310,CUST0204,Kavya Das,38,Female,kavya.das310@example.com,9033385005,Ahmedabad,Gujarat,Headphones,2025-05-14,2025-05-17,39999,Failed,Website,2025-05-19 00:00,Clean,No intentional issue
ORD00311,CUST0092,Meera Rao,34,Male,abc.com,9915057984,Hyderabad,Telangana,Mouse,2025-11-13,2025-11-20,24999,Failed,Website,2025-11-21 00:00,Interpretability,Email format is difficult to interpret or invalid
ORD00312,CUST0694,Nikhil Jain,49,Female,nikhil.jain312@example.com,9117092425,,Karnataka,Mouse,2025-04-16,2025-04-26,1499,Failed,Call Center,2025-05-01 00:00,Completeness,Missing value in City
ORD00313,CUST0571,Sai Chopra,38,Female,sai.chopra313@example.com,9032999957,Delhi,Delhi,Mouse,,2025-08-15,2499,Paid,CRM,2025-08-15 00:00,Completeness,Missing value in Order_Date
ORD00314,CUST0174,Divya Kumar,37,Female,divya.kumar314@example.com,9598135110,Chennai,Tamil Nadu,Headphones,2025-10-14,2025-10-11,24999,Pending,Website,2025-10-17 00:00,Believability,Delivery date is before order date
ORD00315,CUST0570,Kavya Patel,34,Female,kavya.patel315@example.com,9867012027,,Rajasthan,Keyboard,2025-08-12,2025-08-15,4999,Refunded,Call Center,2025-08-16 00:00,Completeness,Missing value in City
ORD00316,CUST0209,Vivaan Gupta,40,Female,vivaan.gupta316@example.com,9811528559,Ahmedabad,Gujarat,Printer,2026-09-14,2026-09-19,799,Failed,Website,2025-03-02 00:00,Timeliness,Order date is in the future
ORD00317,CUST0158,Arjun Malhotra,39,Male,arjun.malhotra317@example.com,9047462630,Pune,Maharashtra,Mobile,2025-07-21,2025-07-27,24999,Pending,Call Center,2025-07-29 00:00,Consistency,Payment status uses inconsistent label or case
ORD00318,CUST0409,Sai Rao,21,Female,sai.rao318@example.com,9227302346,Chennai,Tamil Nadu,Laptop,2025-02-06,2025-02-15,1,Refunded,Website,2025-02-15 00:00,Accuracy,Order amount is inaccurate or far outside expected range
ORD00319,CUST0398,Nikhil Malhotra,61,Male,nikhil.malhotra319@example.com,9454786440,Chennai,Tamil Nadu,Mobile,2025-07-08,2025-07-17,1499,Refunded,Mobile App,2025-07-20 00:00,Clean,No intentional issue
ORD00320,CUST0448,Rohan Mehta,61,Male,rohan.mehta320@example.com,9083963245,Ahmedabad,Gujarat,Router,2025-11-19,2025-11-28,799,Failed,CRM,2025-12-01 00:00,Clean,No intentional issue
ORD00321,CUST0600,Neha Verma,50,Female,neha.verma321@example.com,9051611308,Kolkata,West Bengal,Mobile,2025-08-26,2025-09-05,2499,payment_done,Mobile App,2025-09-07 00:00,Consistency,Payment status uses inconsistent label or case
ORD00322,CUST0109,Meera Nair,34,Female,meera.nair322@example.com,9403064467,bengaluru,Karnataka,Tablet,2025-04-05,2025-04-07,59999,Failed,Call Center,2025-04-12 00:00,Consistency,"City uses inconsistent spelling, abbreviation, or case"
ORD00323,CUST0017,Ananya Jain,61,Female,ananya.jain323@example.com,9610412885,Pune,Maharashtra,Mobile,2025-03-06,2025-03-09,499,payment_done,CRM,2025-03-09 00:00,Consistency,Payment status uses inconsistent label or case
ORD00306,CUST0110,Rohan Nair,25,Female,rohan.nair306@example.com,9194254393,Chennai,Tamil Nadu,Smartwatch,2026-05-24,2026-05-29,7999,Pending,Call Center,2025-07-24 00:00,Uniqueness,Duplicate record intentionally added
ORD00325,CUST0732,Isha Patel,20,Female,isha.patel325@example.com,9005526816,Kolkata,West Bengal,Printer,2026-03-25,2026-03-30,59999,Refunded,Mobile App,2025-10-01 00:00,Timeliness,Order date is in the future
ORD00326,CUST0733,Nikhil Jain,30,Female,nikhil.jain326@example.com,9612798677,Chennai,Tamil Nadu,PRN,2025-04-29,2025-05-08,1499,Failed,Website,2025-05-12 00:00,Interpretability,Product category is stored as unexplained code
ORD00042,CUST0307,Nikhil Rao,65,Male,nikhil.rao42@example.com,9907231557,Kolkata,Kerala,Mobile,2025-11-21,2025-11-23,9999,Pending,Website,2025-11-28 00:00,Uniqueness,Duplicate record intentionally added
ORD00328,CUST0048,Kavya Verma,57,Male,kavya.verma328@example.com,9758886109,Mumbai,Maharashtra,Router,2025-04-25,2025-05-03,2499,Failed,Call Center,2025-05-05 00:00,Clean,No intentional issue
ORD00329,CUST0371,Arjun Verma,57,Male,arjun.verma329@example.com,9124570631,Jaipur,Rajasthan,Laptop,2026-01-05,2026-01-10,999,Paid,Website,2025-09-20 00:00,Timeliness,Order date is in the future
ORD00330,CUST0773,Rohan Chopra,48,Female,rohan.chopra330@example.com,9462757149,Pune,Maharashtra,Router,2025-03-29,2025-03-31,2499,Failed,Call Center,2025-04-05 00:00,Clean,No intentional issue
ORD00331,CUST0347,Neha Das,61,Female,neha.das331@example.com,9391076690,Hyderabad,Telangana,Printer,2025-03-16,2025-03-17,59999,Paid,Mobile App,2024-12-16 00:00,Timeliness,Last updated timestamp is earlier than order date
ORD00332,CUST0414,Isha Chopra,37,Female,isha.chopra332@example.com,9425766874,Chennai,Tamil Nadu,Laptop,2025-05-24,2025-06-02,24999,Pending,Website,2025-06-07 00:00,Clean,No intentional issue
ORD00333,CUST0524,Aditya Sharma,52,Female,aditya.sharma333@example.com,9557107527,Kolkata,West Bengal,Headphones,2025-09-24,2025-10-03,2499,Pending,Call Center,2025-10-03 00:00,Clean,No intentional issue
ORD00334,CUST0306,Arjun Jain,21,Female,arjun.jain334@example.com,9503275796,Pune,Maharashtra,Router,2025-07-01,2025-07-03,499,P,Website,2025-07-06 00:00,Consistency,Payment status uses inconsistent label or case
ORD00335,CUST0466,Riya Mehta,26,Female,riya.mehta335@example.com,12345,Jaipur,Rajasthan,Tablet,2025-02-23,2025-03-01,14999,Pending,Call Center,2025-03-03 00:00,Believability,Phone number is not plausible
ORD00336,CUST0729,Kiran Nair,49,Female,kiran.nair336@example.com,9495564015,Ahmedabad,Gujarat,PRN,2025-08-02,2025-08-05,999,Pending,CRM,2025-08-08 00:00,Interpretability,Product category is stored as unexplained code
ORD00337,CUST0311,Arjun Verma,41,Female,arjun.verma337@example.com,9201749321,Hyderabad,Telangana,Router,,2025-03-22,4999,Failed,Call Center,2025-03-24 00:00,Completeness,Missing value in Order_Date
ORD00320,CUST0448,Rohan Mehta,61,Male,rohan.mehta320@example.com,9083963245,Ahmedabad,Gujarat,Router,2025-11-19,2025-11-28,799,Failed,CRM,2025-12-01 00:00,Uniqueness,Duplicate record intentionally added
ORD00339,CUST0091,Kavya Kumar,32,Female,kavya.kumar339@example.com,9875775151,Chennai,Tamil Nadu,Router,2025-01-24,2025-02-01,59999,Failed,CRM,2025-02-06 00:00,Clean,No intentional issue
ORD00340,CUST0723,Neha Rao,48,Male,neha.rao340@example.com,9850535493,Mumbai,Maharashtra,Router,2025-04-03,2025-04-04,2499,Pending,Website,2025-02-21 00:00,Timeliness,Last updated timestamp is earlier than order date
ORD00341,CUST0092,Sneha Patel,23,Male,sneha.patel341@example.com,9196091720,Mumbai,Maharashtra,Router,2026-07-13,2026-07-18,999,Pending,Website,2025-04-04 00:00,Timeliness,Order date is in the future
ORD00342,CUST0276,Arjun Sharma,30,Male,arjun.sharma342@example.com,9044442829,Lucknow,Uttar Pradesh,Smartwatch,2025-05-02,2025-05-10,14999,Pending,CRM,2025-05-10 00:00,Consistency,Payment status uses inconsistent label or case
ORD00343,CUST0554,Sai Patel,54,Female,no-email,9975494048,Ahmedabad,Gujarat,Mobile,2025-11-22,2025-12-01,1499,Pending,Mobile App,2025-12-03 00:00,Interpretability,Email format is difficult to interpret or invalid
ORD00344,CUST0523,Vivaan Malhotra,48,Female,vivaan.malhotra344@example.com,9215006879,Lucknow,Kerala,Monitor,2025-07-14,2025-07-20,39999,Pending,Call Center,2025-07-24 00:00,Accuracy,City and State do not match
ORD00345,CUST0216,Priya Malhotra,61,Female,priya.malhotra345@example.com,999999999999999,Pune,Maharashtra,Printer,2025-05-20,2025-05-24,39999,Failed,Call Center,2025-05-26 00:00,Believability,Phone number is not plausible
ORD00144,CUST0077,Nikhil Sharma,280,Female,nikhil.sharma144@example.com,9580564091,Mumbai,Maharashtra,Mobile,2025-06-25,2025-06-28,7999,Pending,Call Center,2025-07-03 00:00,Uniqueness,Duplicate record intentionally added
ORD00347,CUST0721,Ananya Rao,,Female,ananya.rao347@example.com,9721838545,Delhi,Delhi,Tablet,2025-09-10,2025-09-16,499,Failed,Website,2025-09-19 00:00,Completeness,Missing value in Age
ORD00348,CUST0574,Aditya Reddy,34,Male,aditya.reddy348@example.com,9804668384,Jaipur,Rajasthan,MON,2025-04-09,2025-04-10,59999,Failed,CRM,2025-04-15 00:00,Interpretability,Product category is stored as unexplained code
ORD00349,CUST0006,Pooja Singh,51,Male,pooja.singh349@example.com,9338892699,Delhi,Delhi,Laptop,2025-05-23,2025-05-30,9999999,Refunded,Website,2025-06-01 00:00,Accuracy,Order amount is inaccurate or far outside expected range
ORD00350,CUST0485,Arjun Sharma,48,Female,arjun.sharma350@example.com,9230379767,Hyderabad,Telangana,Smartwatch,2025-11-17,2025-11-23,-500,Pending,Call Center,2025-11-23 00:00,Believability,Negative order amount is not believable for a normal sale
ORD00351,CUST0105,Vivaan Kumar,38,Male,vivaan.kumar351@example.com,9652307256,Bengaluru,Karnataka,Laptop,2026-08-09,2026-08-14,2499,Refunded,CRM,2025-08-16 00:00,Timeliness,Order date is in the future
ORD00352,CUST0106,Divya Nair,0,Female,divya.nair352@example.com,9075891534,Hyderabad,Telangana,Printer,2025-09-22,2025-09-28,24999,Pending,Call Center,2025-09-28 00:00,Accuracy,Age value is outside realistic human range
ORD00353,CUST0481,Vivaan Reddy,37,Female,vivaan.reddy353@example.com,9333056058,Jaipur,Rajasthan,Keyboard,2026-04-14,2026-04-19,14999,Pending,CRM,2025-06-20 00:00,Timeliness,Order date is in the future
ORD00354,CUST0580,Amit Das,22,Female,amit.das354@example.com,9964147020,Delhi,Delhi,PRN,2025-08-28,2025-09-07,59999,Failed,Website,2025-09-11 00:00,Interpretability,Product category is stored as unexplained code
ORD00355,CUST0011,Divya Rao,33,Female,divya.rao355@example.com,9001215700,Madras,Tamil Nadu,Mouse,2025-04-16,2025-04-23,999,Paid,Website,2025-04-25 00:00,Consistency,"City uses inconsistent spelling, abbreviation, or case"
ORD00356,CUST0104,Kiran Jain,29,Female,kiran.jain356@example.com,9063719328,Jaipur,Rajasthan,Tablet,2025-04-02,2025-04-06,499,Pending,Website,2025-04-08 00:00,Clean,No intentional issue
ORD00357,CUST0384,Divya Malhotra,45,Male,,9346975821,Mumbai,Maharashtra,Headphones,2025-03-08,2025-03-12,1499,Refunded,Website,2025-03-17 00:00,Completeness,Missing value in Email
ORD00358,CUST0398,Sai Chopra,50,Female,sai.chopra358@example.com,9765443367,Delhi,Delhi,Mobile,2025-08-29,2025-09-08,799,Pending,Call Center,2025-06-08 00:00,Timeliness,Last updated timestamp is earlier than order date
ORD00359,CUST0436,Riya Mehta,20,Male,riya.mehta359@example.com,9859351043,Delhi,Delhi,Tablet,2025-08-20,2025-08-24,7999,Pending,CRM,2025-06-26 00:00,Timeliness,Last updated timestamp is earlier than order date
ORD00360,CUST0453,Meera Gupta,45,Female,,9263085679,Chennai,Tamil Nadu,Printer,2025-06-12,2025-06-17,7999,Paid,CRM,2025-06-18 00:00,Completeness,Missing value in Email
ORD00361,CUST0723,Vivaan Iyer,30,Female,vivaan.iyer361@example.com,9618752723,Delhi,Delhi,Keyboard,2025-05-09,2025-05-14,59999,Failed,Call Center,2025-05-15 00:00,Clean,No intentional issue
ORD00358,CUST0398,Sai Chopra,50,Female,sai.chopra358@example.com,9765443367,Delhi,Delhi,Mobile,2025-08-29,2025-09-08,799,Pending,Call Center,2025-06-08 00:00,Uniqueness,Duplicate record intentionally added
ORD00363,CUST0756,Kavya Rao,46,Female,kavya.rao363@example.com,0000000000,Jaipur,Rajasthan,Laptop,2025-07-11,2025-07-14,24999,Pending,Mobile App,2025-07-16 00:00,Believability,Phone number is not plausible
ORD00364,CUST0487,Sai Reddy,,Female,sai.reddy364@example.com,9154801506,Kolkata,West Bengal,Tablet,2025-07-20,2025-07-22,14999,Refunded,Call Center,2025-07-23 00:00,Completeness,Missing value in Age
ORD00365,CUST0378,Aditya Malhotra,280,Female,aditya.malhotra365@example.com,9518411540,Delhi,Delhi,Tablet,2025-05-30,2025-06-08,799,Refunded,Website,2025-06-08 00:00,Accuracy,Age value is outside realistic human range
ORD00366,CUST0734,Kavya Chopra,63,Female,kavya.chopra366@example.com,9620103859,Bengaluru,Karnataka,Smartwatch,2025-10-22,2025-10-27,24999,Pending,Call Center,2025-10-10 00:00,Timeliness,Last updated timestamp is earlier than order date
ORD00367,CUST0633,Nikhil Mehta,47,Female,nikhil.mehta367@example.com,9749153928,Pune,Maharashtra,Mouse,2025-11-10,2025-11-13,7999,Pending,Mobile App,2025-11-14 00:00,Clean,No intentional issue
ORD00368,CUST0774,Isha Patel,60,Male,isha.patel368@example.com,9173425406,Delhi,Delhi,Printer,2025-07-30,2025-08-08,799,Failed,Call Center,2025-07-05 00:00,Timeliness,Last updated timestamp is earlier than order date
ORD00369,CUST0085,Sneha Sharma,18,Female,sneha.sharma369@example.com,9529188101,Mumbai,Kerala,Headphones,2025-06-17,2025-06-25,9999,Refunded,Mobile App,2025-06-25 00:00,Accuracy,City and State do not match
ORD00370,CUST0036,Sneha Reddy,22,Male,sneha.reddy370@example.com,9854065661,Pune,Maharashtra,Headphones,2025-08-14,2025-08-20,999,Pending,Mobile App,2025-08-07 00:00,Timeliness,Last updated timestamp is earlier than order date
ORD00371,CUST0015,Sneha Das,30,Male,sneha.das371@example.com,9316287811,Chennai,Tamil Nadu,Tablet,2025-04-13,2025-04-10,499,Refunded,Call Center,2025-04-15 00:00,Believability,Delivery date is before order date
ORD00372,CUST0366,Isha Mehta,,Male,isha.mehta372@example.com,9306022626,Jaipur,Rajasthan,Mouse,2025-08-08,2025-08-10,1499,Pending,CRM,2025-08-10 00:00,Completeness,Missing value in Age
ORD00373,CUST0333,,56,Female,kavya.patel373@example.com,9966963683,Mumbai,Maharashtra,Router,2025-10-19,2025-10-22,2499,Paid,Call Center,2025-10-26 00:00,Completeness,Missing value in Customer_Name
ORD00374,CUST0022,Divya Malhotra,55,Female,divya.malhotra374@example.com,9683776032,Kolkata,West Bengal,Router,2025-11-24,2025-11-28,14999,Paid,Website,2025-10-24 00:00,Timeliness,Last updated timestamp is earlier than order date
ORD00375,CUST0296,Divya Gupta,65,Female,divya.gupta375@example.com,9727320998,Bengaluru,Karnataka,MON,2025-06-12,2025-06-13,14999,Refunded,Website,2025-06-18 00:00,Interpretability,Product category is stored as unexplained code
ORD00123,CUST0672,Ananya Patel,23,Female,ananya.patel123@example.com,9002055403,Bengaluru,Karnataka,Laptop,2025-07-22,2025-07-27,59999,Pending,CRM,2025-07-30 00:00,Uniqueness,Duplicate record intentionally added
ORD00377,CUST0493,Kavya Reddy,56,Male,kavya.reddy377@example.com,9093145778,,Maharashtra,Monitor,2025-10-23,2025-10-31,39999,Pending,Call Center,2025-11-02 00:00,Completeness,Missing value in City
ORD00378,CUST0390,Kavya Chopra,23,Female,kavya.chopra378@example.com,9443601411,Lucknow,Uttar Pradesh,Router,2025-03-20,2025-03-29,59999,Pending,CRM,2025-03-31 00:00,Clean,No intentional issue
ORD00379,CUST0040,Ananya Gupta,43,Female,ananya.gupta379@example.com,9919179773,Kolkata,West Bengal,KEY,2025-07-16,2025-07-24,2499,Paid,Call Center,2025-07-27 00:00,Interpretability,Product category is stored as unexplained code
ORD00380,CUST0682,Vivaan Mehta,42,Female,vivaan.mehta380@example.com,9624626980,Delhi,Delhi,TBL,2025-09-02,2025-09-03,4999,Paid,CRM,2025-09-08 00:00,Interpretability,Product category is stored as unexplained code
ORD00138,CUST0368,Sneha Reddy,44,Male,sneha.reddy138@example.com,9473532050,,Rajasthan,Tablet,2025-11-19,2025-11-28,499,Refunded,Mobile App,2025-12-03 00:00,Uniqueness,Duplicate record intentionally added
ORD00382,CUST0714,Amit Malhotra,65,Female,amit.malhotra382@example.com,9442411145,Pune,Maharashtra,Laptop,2025-03-28,2025-04-05,499,Paid,CRM,2025-03-04 00:00,Timeliness,Last updated timestamp is earlier than order date
ORD00002,CUST0390,Aarav Das,28,Female,aarav.das2@example.com,0000000000,Chennai,Tamil Nadu,Monitor,2025-03-21,2025-03-25,4999,Paid,Mobile App,2025-03-25 00:00,Uniqueness,Duplicate record intentionally added
ORD00384,CUST0485,Riya Das,20,Male,riya.das384@example.com,9763633233,Delhi,Delhi,Router,2025-01-04,2025-01-11,24999,Failed,CRM,2025-01-14 00:00,Clean,No intentional issue
ORD00385,CUST0287,Priya Das,24,Male,,9972468560,Ahmedabad,Gujarat,Mouse,2025-03-13,2025-03-14,24999,Paid,Mobile App,2025-03-18 00:00,Completeness,Missing value in Email
ORD00386,CUST0439,Vivaan Das,280,Female,vivaan.das386@example.com,9994661367,Ahmedabad,Gujarat,Tablet,2025-11-07,2025-11-15,7999,Paid,CRM,2025-11-17 00:00,Accuracy,Age value is outside realistic human range
ORD00387,CUST0175,Isha Chopra,47,Male,isha.chopra387@example.com,9760471997,Ahmedabad,Gujarat,Mobile,04/09/25,2025-09-13,1499,Pending,Website,2025-09-14 00:00,Interpretability,Date format is ambiguous
ORD00115,CUST0502,Aditya Nair,24,Male,aditya.nair115@example.com,9565653868,Chennai,Tamil Nadu,Keyboard,2025-04-11,2025-04-19,799,Failed,Mobile App,2025-04-24 00:00,Uniqueness,Duplicate record intentionally added
ORD00065,CUST0205,Pooja Malhotra,,Female,pooja.malhotra65@example.com,9812685188,Lucknow,Uttar Pradesh,Printer,2025-08-25,2025-08-30,7999,Refunded,Mobile App,2025-08-31 00:00,Uniqueness,Duplicate record intentionally added
ORD00390,CUST0304,Neha Mehta,56,Male,neha.mehta390@example.com,0000000000,Mumbai,Maharashtra,Mouse,2025-01-05,2025-01-14,9999,Failed,Mobile App,2025-01-15 00:00,Believability,Phone number is not plausible
ORD00391,CUST0734,Kiran Chopra,63,Female,kiran.chopra391@example.com,9278708143,Delhi,Delhi,Printer,2025-05-30,2025-06-06,499,Failed,Website,2025-06-07 00:00,Clean,No intentional issue
ORD00392,CUST0714,Isha Kumar,39,Female,isha.kumar392@example.com,9975037809,Ahmedabad,Gujarat,Keyboard,2026-03-13,2026-03-18,799,Failed,Mobile App,2025-07-29 00:00,Timeliness,Order date is in the future
ORD00393,CUST0744,Meera Jain,48,Female,meera.jain393@example.com,9817839610,Bengaluru,Karnataka,Tablet,2025-04-22,2025-04-26,59999,Paid,Mobile App,2025-04-28 00:00,Clean,No intentional issue
ORD00394,CUST0247,Rahul Sharma,25,Female,rahul.sharma394@example.com,9335177960,Lucknow,Uttar Pradesh,Mouse,2025-03-18,2025-03-25,1499,Paid,Call Center,2025-03-25 00:00,Clean,No intentional issue
ORD00395,CUST0657,Sneha Patel,58,Female,sneha.patel395@example.com,9650552771,Chennai,Tamil Nadu,Laptop,2025-03-03,2025-03-05,799,Paid,Call Center,2025-03-08 00:00,Clean,No intentional issue
ORD00396,CUST0021,Kavya Patel,54,Male,kavya.patel396@example.com,9387508586,Mumbai,Maharashtra,Keyboard,2025-02-02,2025-02-11,999,Refunded,Website,2025-02-16 00:00,Clean,No intentional issue
ORD00397,CUST0589,Arjun Reddy,56,Male,arjun.reddy397@example.com,9215809535,Hyderabad,Telangana,Router,2025-08-17,2025-08-23,799,Paid,Call Center,2025-08-24 00:00,Clean,No intentional issue
ORD00398,CUST0321,Aarav Rao,37,Male,aarav.rao398@example.com,9593520821,Jaipur,Rajasthan,Monitor,2025-10-01,2025-10-09,999,Refunded,Mobile App,2025-10-14 00:00,Clean,No intentional issue
ORD00399,CUST0564,Amit Reddy,56,Male,amit.reddy399@example.com,9239402465,Lucknow,Uttar Pradesh,KEY,2025-05-23,2025-05-26,59999,Refunded,CRM,2025-05-26 00:00,Interpretability,Product category is stored as unexplained code
ORD00400,CUST0254,Amit Jain,41,Male,amit.jain400@example.com,9011506332,Kolkata,West Bengal,Headphones,2025-06-11,2025-06-18,7999,paid,Website,2025-06-22 00:00,Consistency,Payment status uses inconsistent label or case
ORD00401,CUST0542,Sneha Rao,42,Male,sneha.rao401@example.com,9352200371,Mumbai,Maharashtra,Headphones,2026-01-06,2026-01-11,24999,Refunded,Call Center,2025-10-02 00:00,Timeliness,Order date is in the future
ORD00402,CUST0256,Neha Jain,27,Male,neha.jain402@example.com,9644434295,Bangalore,Karnataka,Mouse,2025-10-18,2025-10-23,499,Failed,Website,2025-10-28 00:00,Consistency,"City uses inconsistent spelling, abbreviation, or case"
ORD00403,CUST0762,Nikhil Kumar,38,Male,nikhil.kumar403@example.com,9298096914,Mumbai,Maharashtra,Mobile,2025-05-03,2025-05-05,999,Paid,CRM,2025-05-02 00:00,Timeliness,Last updated timestamp is earlier than order date
ORD00404,CUST0691,Kavya Jain,52,Female,kavya.jain404@example.com,9979131304,Delhi,Delhi,Router,2026-12-15,2026-12-20,24999,Refunded,Website,2025-11-10 00:00,Timeliness,Order date is in the future
ORD00405,CUST0756,,52,Male,rohan.chopra405@example.com,9639995898,Pune,Maharashtra,Monitor,2025-09-05,2025-09-10,2499,Pending,Call Center,2025-09-10 00:00,Completeness,Missing value in Customer_Name
ORD00406,CUST0364,Divya Gupta,39,Female,divya.gupta406@example.com,9041584907,Chennai,Tamil Nadu,Mobile,2025-01-03,2025-01-09,1,Pending,Mobile App,2025-01-12 00:00,Accuracy,Order amount is inaccurate or far outside expected range
ORD00407,CUST0144,Nikhil Singh,-5,Male,nikhil.singh407@example.com,9343811037,Jaipur,Rajasthan,Monitor,2025-02-25,2025-03-05,39999,Refunded,CRM,2025-03-06 00:00,Accuracy,Age value is outside realistic human range
ORD00408,CUST0113,Kiran Verma,44,Female,kiran.verma408@example.com,9971306084,Jaipur,Rajasthan,Printer,2026-09-07,2026-09-12,7999,Refunded,CRM,2025-03-14 00:00,Timeliness,Order date is in the future
ORD00409,CUST0270,Aditya Das,-5,Male,aditya.das409@example.com,9928178751,Lucknow,Uttar Pradesh,Headphones,2025-09-19,2025-09-22,1499,Failed,Website,2025-09-22 00:00,Accuracy,Age value is outside realistic human range
ORD00410,CUST0418,Vivaan Patel,30,Male,vivaan.patel410@example.com,9579240401,Kolkata,West Bengal,Laptop,2025-11-12,2025-11-16,799,P,Mobile App,2025-11-19 00:00,Consistency,Payment status uses inconsistent label or case
ORD00411,CUST0293,Kavya Rao,38,Male,kavya.rao411@example.com,9491193300,bengaluru,Karnataka,Laptop,2025-01-01,2025-01-02,39999,Failed,Website,2025-01-03 00:00,Consistency,"City uses inconsistent spelling, abbreviation, or case"
ORD00412,CUST0134,Ananya Jain,55,Female,ananya.jain412@example.com,9660988140,DEL,Delhi,Monitor,2025-04-18,2025-04-28,7999,Paid,Mobile App,2025-04-28 00:00,Consistency,"City uses inconsistent spelling, abbreviation, or case"
ORD00413,CUST0356,Amit Iyer,64,Male,abc.com,9847904950,Hyderabad,Telangana,Headphones,2025-04-09,2025-04-16,14999,Failed,Mobile App,2025-04-20 00:00,Interpretability,Email format is difficult to interpret or invalid
ORD00414,CUST0769,Vivaan Nair,21,Male,vivaan.nair414@example.com,999999999999999,Kolkata,West Bengal,Printer,2025-09-30,2025-10-09,799,Pending,Call Center,2025-10-12 00:00,Believability,Phone number is not plausible
ORD00415,CUST0244,Kiran Patel,32,Female,kiran.patel415@example.com,9269218099,Pune,Maharashtra,Router,2025-03-02,2025-03-05,-2500,Paid,Website,2025-03-09 00:00,Believability,Negative order amount is not believable for a normal sale
ORD00353,CUST0481,Vivaan Reddy,37,Female,vivaan.reddy353@example.com,9333056058,Jaipur,Rajasthan,Keyboard,2026-04-14,2026-04-19,14999,Pending,CRM,2025-06-20 00:00,Uniqueness,Duplicate record intentionally added
ORD00417,CUST0457,Sneha Mehta,34,Male,sneha.mehta417@example.com,9273901181,Ahmedabad,Gujarat,Tablet,2025-06-16,2025-06-21,1499,Refunded,Call Center,2025-06-22 00:00,Clean,No intentional issue
ORD00418,CUST0147,Rahul Mehta,36,Male,rahul.mehta418@example.com,9029915786,Pune,Maharashtra,Headphones,2026-01-08,2026-01-13,39999,Pending,Call Center,2025-04-08 00:00,Timeliness,Order date is in the future
ORD00419,CUST0556,Vivaan Reddy,33,Male,vivaan.reddy419@example.com,9737245413,Pune,Maharashtra,Headphones,2025-11-18,2025-11-28,499,Pending,Website,2025-11-28 00:00,Consistency,Payment status uses inconsistent label or case
ORD00420,CUST0426,Kiran Mehta,52,Male,kiran.mehta420@example.com,9190416283,Hyderabad,Telangana,Laptop,2025-02-22,2025-03-03,-500,Paid,CRM,2025-03-07 00:00,Believability,Negative order amount is not believable for a normal sale
ORD00421,CUST0155,Arjun Patel,40,Male,arjun.patel421@example.com,9155616383,Lucknow,Uttar Pradesh,Keyboard,2025-03-02,2025-03-08,799,payment_done,CRM,2025-03-12 00:00,Consistency,Payment status uses inconsistent label or case
ORD00422,CUST0739,Ananya Malhotra,34,Male,ananya.malhotra422@example.com,9798147131,HYD,Telangana,Headphones,2025-03-17,2025-03-23,999,Refunded,Call Center,2025-03-26 00:00,Consistency,"City uses inconsistent spelling, abbreviation, or case"
ORD00423,CUST0510,Kavya Gupta,62,Female,abc.com,9545207578,Lucknow,Uttar Pradesh,Keyboard,2025-03-12,2025-03-16,7999,Refunded,Website,2025-03-20 00:00,Interpretability,Email format is difficult to interpret or invalid
ORD00424,CUST0143,Aarav Rao,19,Female,aarav.rao424@example.com,9218992801,Jaipur,Rajasthan,Printer,2026-08-07,2026-08-12,499,Failed,Website,2025-03-14 00:00,Timeliness,Order date is in the future
ORD00425,CUST0375,Ananya Sharma,62,Male,ananya.sharma425@example.com,9120847415,Lucknow,Uttar Pradesh,Mobile,2025-09-02,2025-09-12,999,Paid,Mobile App,2025-07-07 00:00,Timeliness,Last updated timestamp is earlier than order date
ORD00426,CUST0406,Aarav Patel,25,Male,aarav.patel426@example.com,9868589574,Hyd,Telangana,Laptop,2025-11-06,2025-11-09,14999,Pending,Website,2025-11-09 00:00,Consistency,"City uses inconsistent spelling, abbreviation, or case"
ORD00427,CUST0573,Neha Kumar,0,Male,neha.kumar427@example.com,9606464303,Kolkata,West Bengal,Smartwatch,2025-01-29,2025-02-02,7999,Pending,Call Center,2025-02-07 00:00,Accuracy,Age value is outside realistic human range
ORD00428,CUST0217,Aditya Singh,56,Female,,9573560295,Hyderabad,Telangana,Tablet,2025-05-25,2025-05-28,14999,Paid,Call Center,2025-05-28 00:00,Completeness,Missing value in Email
ORD00429,CUST0365,Aditya Patel,18,Female,aditya.patel429@example.com,9970471815,Pune,Maharashtra,Mouse,2025-09-14,2025-09-18,4999,Refunded,Call Center,2025-09-09 00:00,Timeliness,Last updated timestamp is earlier than order date
ORD00430,CUST0165,Nikhil Reddy,27,Female,nikhil.reddy430@example.com,9959657412,Mumbai,Maharashtra,Mobile,2025-04-29,2025-05-03,,Pending,Call Center,2025-05-08 00:00,Completeness,Missing value in Order_Amount
ORD00431,CUST0317,Sneha Rao,31,Male,sneha.rao431@example.com,9597003912,Bangalore,Karnataka,Smartwatch,2025-11-18,2025-11-26,799,Paid,Mobile App,2025-11-27 00:00,Consistency,"City uses inconsistent spelling, abbreviation, or case"
ORD00432,CUST0373,Rahul Jain,47,Female,rahul.jain432@example.com,9848913893,Ahmedabad,Gujarat,Monitor,2025-08-15,2025-08-14,799,Refunded,Call Center,2025-08-18 00:00,Believability,Delivery date is before order date
ORD00433,CUST0584,Divya Mehta,-5,Male,divya.mehta433@example.com,9303404694,Jaipur,Rajasthan,Laptop,2025-03-21,2025-03-23,2499,Refunded,CRM,2025-03-24 00:00,Accuracy,Age value is outside realistic human range
ORD00434,CUST0760,Kavya Rao,43,Female,,9420146306,Mumbai,Maharashtra,Keyboard,2025-06-25,2025-07-05,9999,Pending,Call Center,2025-07-10 00:00,Completeness,Missing value in Email
ORD00435,CUST0146,Kavya Gupta,31,Male,kavya.gupta435@example.com,9042785628,Delhi,Delhi,Laptop,2025-08-05,2025-08-10,2499,Pending,CRM,2025-08-10 00:00,Clean,No intentional issue
ORD00436,CUST0448,Kavya Singh,37,Male,kavya.singh436@example.com,9363075066,Delhi,Delhi,Keyboard,03/08/25,2025-08-11,9999,Pending,Mobile App,2025-08-16 00:00,Interpretability,Date format is ambiguous
ORD00437,CUST0534,Priya Sharma,27,Female,priya.sharma437@example.com,9799866507,Bengaluru,Karnataka,Printer,2025-06-12,2025-06-14,39999,Refunded,Website,2025-05-21 00:00,Timeliness,Last updated timestamp is earlier than order date
ORD00438,CUST0310,Divya Kumar,,Female,divya.kumar438@example.com,9858664435,Delhi,Delhi,Tablet,2025-10-23,2025-10-24,4999,Failed,Mobile App,2025-10-24 00:00,Completeness,Missing value in Age
ORD00439,CUST0676,Meera Kumar,41,Male,meera.kumar439@example.com,9642698981,Jaipur,Rajasthan,SWT,2025-03-25,2025-04-03,7999,Refunded,CRM,2025-04-05 00:00,Interpretability,Product category is stored as unexplained code
ORD00440,CUST0217,Arjun Gupta,65,Male,,9243141994,Ahmedabad,Gujarat,Router,2025-10-25,2025-10-26,39999,Failed,Call Center,2025-10-29 00:00,Completeness,Missing value in Email
ORD00441,CUST0016,Rohan Iyer,36,Female,rohan.iyer441@example.com,9078573154,Pune,Kerala,Monitor,2025-08-01,2025-08-05,499,Refunded,Call Center,2025-08-05 00:00,Accuracy,City and State do not match
ORD00442,CUST0237,Sneha Chopra,0,Female,sneha.chopra442@example.com,9085678625,Bengaluru,Karnataka,Mouse,2025-03-30,2025-04-06,4999,Pending,Mobile App,2025-04-09 00:00,Accuracy,Age value is outside realistic human range
ORD00320,CUST0448,Rohan Mehta,61,Male,rohan.mehta320@example.com,9083963245,Ahmedabad,Gujarat,Router,2025-11-19,2025-11-28,799,Failed,CRM,2025-12-01 00:00,Uniqueness,Duplicate record intentionally added
ORD00444,CUST0146,Vivaan Patel,23,Male,vivaan.patel444@example.com,0000000000,Hyderabad,Telangana,Smartwatch,2025-02-22,2025-02-24,9999,Paid,CRM,2025-02-24 00:00,Believability,Phone number is not plausible
ORD00445,CUST0676,Amit Mehta,44,Female,amit.mehta445@example.com,9560994651,Chennai,Tamil Nadu,Printer,2025-03-24,2025-03-27,2499,Paid,Mobile App,2025-03-28 00:00,Clean,No intentional issue
ORD00446,CUST0031,Amit Nair,19,Male,amit.nair446@example.com,9327924935,Jaipur,Rajasthan,Router,2025-03-20,2025-03-24,4999,Paid,Mobile App,2025-01-23 00:00,Timeliness,Last updated timestamp is earlier than order date
ORD00447,CUST0211,Neha Kumar,30,Female,neha.kumar447@example.com,9948478664,Bengaluru,Karnataka,Tablet,2025-05-24,2025-05-31,799,Failed,Mobile App,2025-05-15 00:00,Timeliness,Last updated timestamp is earlier than order date
ORD00448,CUST0031,Meera Reddy,20,Female,meera.reddy448@example.com,9184122313,Lucknow,Uttar Pradesh,Mouse,2025-05-31,2025-06-10,39999,paid,CRM,2025-06-13 00:00,Consistency,Payment status uses inconsistent label or case
ORD00102,CUST0062,Sai Chopra,58,Male,sai.chopra102@example.com,9666440505,Mumbai,Maharashtra,Headphones,2025-01-05,2025-01-04,14999,Refunded,Mobile App,2025-01-11 00:00,Uniqueness,Duplicate record intentionally added
ORD00450,CUST0616,Amit Sharma,49,Female,amit.sharma450@example.com,9335268992,Hyderabad,Telangana,Monitor,,2025-08-06,799,Refunded,Call Center,2025-08-07 00:00,Completeness,Missing value in Order_Date
ORD00451,CUST0325,Neha Sharma,39,Male,neha.sharma451@example.com,9745363648,Mumbai,Maharashtra,Printer,2025-02-18,2025-02-25,59999,Failed,CRM,2025-02-27 00:00,Clean,No intentional issue
ORD00452,CUST0175,Divya Verma,19,Male,,9078850608,Hyderabad,Telangana,Laptop,2025-03-13,2025-03-15,4999,Refunded,CRM,2025-03-16 00:00,Completeness,Missing value in Email
ORD00453,CUST0327,Aditya Patel,39,Female,aditya.patel453@example.com,9878944155,Pune,Maharashtra,Headphones,2025-03-12,2025-03-22,9999,Paid,Call Center,2025-03-23 00:00,Clean,No intentional issue
ORD00097,CUST0696,Neha Rao,44,Female,neha.rao97@example.com,9449967341,Pune,Kerala,Laptop,2025-10-13,2025-10-23,59999,Pending,Call Center,2025-10-28 00:00,Uniqueness,Duplicate record intentionally added
ORD00455,CUST0158,Pooja Verma,39,Male,pooja.verma455@example.com,9811934624,Lucknow,Uttar Pradesh,Router,2025-09-21,2025-09-27,2499,PAID,CRM,2025-10-02 00:00,Consistency,Payment status uses inconsistent label or case
ORD00456,CUST0192,Nikhil Chopra,54,Male,nikhil.chopra456@example.com,9245315323,Bengaluru,Karnataka,Printer,2025-02-24,2025-02-26,-999,Paid,Call Center,2025-03-01 00:00,Believability,Negative order amount is not believable for a normal sale
ORD00457,CUST0609,Kiran Singh,24,Male,kiran.singh457@example.com,9265102118,Kolkata,Kerala,Mouse,2025-04-10,2025-04-15,1499,Refunded,Mobile App,2025-04-16 00:00,Accuracy,City and State do not match
ORD00458,CUST0211,Arjun Patel,32,Female,arjun.patel458@example.com,9126720196,Kolkata,West Bengal,Mouse,2025-02-21,2025-02-25,59999,Failed,Mobile App,2025-02-28 00:00,Clean,No intentional issue
ORD00459,CUST0486,Rohan Reddy,38,Male,rohan.reddy459@example.com,9409817034,Bengaluru,Karnataka,Headphones,2025-06-20,2025-06-28,-999,Paid,CRM,2025-07-03 00:00,Believability,Negative order amount is not believable for a normal sale
ORD00460,CUST0312,Arjun Sharma,19,Female,arjun.sharma460@example.com,9834356248,Delhi,Delhi,Router,15/09/25,2025-09-18,999,Paid,Mobile App,2025-09-18 00:00,Interpretability,Date format is ambiguous
ORD00461,CUST0510,Divya Gupta,25,Female,divya.gupta461@example.com,9056420931,Jaipur,Rajasthan,Laptop,2025-03-17,2025-03-24,1499,Pending,Mobile App,2025-03-26 00:00,Clean,No intentional issue
ORD00462,CUST0317,Isha Malhotra,46,Male,isha.malhotra462@example.com,9157817573,Pune,Maharashtra,Keyboard,2025-06-19,2025-06-26,24999,Refunded,CRM,2025-06-28 00:00,Clean,No intentional issue
ORD00463,CUST0499,Pooja Malhotra,,Male,pooja.malhotra463@example.com,9270025034,Ahmedabad,Gujarat,Headphones,2025-09-25,2025-09-30,24999,Pending,CRM,2025-10-02 00:00,Completeness,Missing value in Age
ORD00464,CUST0225,Ananya Malhotra,36,Male,ananya.malhotra464@example.com,9092633989,Mumbai,Maharashtra,Monitor,2025-03-15,2025-03-19,123456789,Paid,Mobile App,2025-03-21 00:00,Accuracy,Order amount is inaccurate or far outside expected range
ORD00465,CUST0313,Priya Das,55,Male,priya.das465@example.com,999999999999999,Delhi,Delhi,Monitor,2025-03-11,2025-03-18,14999,Pending,Mobile App,2025-03-20 00:00,Believability,Phone number is not plausible
ORD00466,CUST0091,Ananya Gupta,40,Female,ananya.gupta466@example.com,9763251552,Ahmedabad,Kerala,Mouse,2025-07-30,2025-08-07,499,Paid,Call Center,2025-08-10 00:00,Accuracy,City and State do not match
ORD00467,CUST0609,Aarav Gupta,51,Female,aarav.gupta467@example.com,999999999999999,Hyderabad,Telangana,Mobile,2025-01-29,2025-02-03,39999,Paid,Website,2025-02-05 00:00,Believability,Phone number is not plausible
ORD00468,CUST0069,Pooja Reddy,32,Male,pooja.reddy468@example.com,9061024840,Pune,Maharashtra,Monitor,2025-01-04,2025-01-12,24999,payment_done,CRM,2025-01-12 00:00,Consistency,Payment status uses inconsistent label or case
ORD00469,CUST0023,Rahul Chopra,33,Female,rahul.chopra469@example.com,9186175426,Lucknow,Uttar Pradesh,Printer,2026-07-18,2026-07-23,7999,Pending,Call Center,2025-11-19 00:00,Timeliness,Order date is in the future
ORD00470,CUST0595,Arjun Gupta,,Female,arjun.gupta470@example.com,9368609947,Bengaluru,Karnataka,Laptop,2025-05-26,2025-06-03,799,Refunded,Mobile App,2025-06-03 00:00,Completeness,Missing value in Age
ORD00471,CUST0156,Ananya Iyer,50,Male,ananya.iyer471@example.com,9373772733,Chennai,Tamil Nadu,Router,2026-12-05,2026-12-10,799,Pending,Call Center,2025-08-02 00:00,Timeliness,Order date is in the future
ORD00472,CUST0047,Rahul Nair,,Female,rahul.nair472@example.com,9072646327,Bengaluru,Karnataka,Keyboard,2025-10-29,2025-11-08,4999,Refunded,Website,2025-11-08 00:00,Completeness,Missing value in Age
ORD00473,CUST0384,Sneha Das,44,Male,sneha.das473@example.com,12345,Hyderabad,Telangana,Smartwatch,2025-05-09,2025-05-11,499,Paid,Mobile App,2025-05-14 00:00,Believability,Phone number is not plausible
ORD00474,CUST0685,Rohan Rao,-5,Male,rohan.rao474@example.com,9001075836,Kolkata,West Bengal,Router,2025-04-09,2025-04-11,24999,Paid,Call Center,2025-04-16 00:00,Accuracy,Age value is outside realistic human range
ORD00475,CUST0530,Neha Singh,,Male,neha.singh475@example.com,9212632992,Mumbai,Maharashtra,Printer,2025-08-07,2025-08-14,799,Paid,Mobile App,2025-08-15 00:00,Completeness,Missing value in Age
ORD00476,CUST0715,Nikhil Verma,52,Male,nikhil.verma476@example.com,9859960428,Jaipur,Kerala,Smartwatch,2025-09-14,2025-09-19,7999,Paid,CRM,2025-09-23 00:00,Accuracy,City and State do not match
ORD00477,CUST0073,Priya Malhotra,60,Male,priya.malhotra477@example.com,9956059200,Delhi,Delhi,PRN,2025-02-07,2025-02-17,24999,Paid,Website,2025-02-19 00:00,Interpretability,Product category is stored as unexplained code
ORD00478,CUST0701,Pooja Patel,32,Male,pooja.patel478@example.com,9750764414,HYD,Telangana,Laptop,2025-04-11,2025-04-20,24999,Refunded,Mobile App,2025-04-25 00:00,Consistency,"City uses inconsistent spelling, abbreviation, or case"
ORD00479,CUST0771,Kavya Malhotra,21,Male,kavya.malhotra479@example.com,9875907801,DEL,Delhi,Mobile,2025-10-29,2025-10-30,1499,Refunded,Website,2025-11-04 00:00,Consistency,"City uses inconsistent spelling, abbreviation, or case"
ORD00075,CUST0243,Isha Patel,37,Male,isha.patel75@example.com,9705385603,Bengaluru,Karnataka,Keyboard,2025-09-18,2025-09-13,799,Pending,Call Center,2025-09-23 00:00,Uniqueness,Duplicate record intentionally added
ORD00481,CUST0637,Rohan Iyer,,Female,rohan.iyer481@example.com,9409853517,Jaipur,Rajasthan,Router,2025-02-23,2025-02-24,4999,Refunded,Website,2025-03-01 00:00,Completeness,Missing value in Age
ORD00482,CUST0087,Meera Mehta,47,Male,abc.com,9083034236,Hyderabad,Telangana,Printer,2025-01-18,2025-01-23,2499,Refunded,CRM,2025-01-25 00:00,Interpretability,Email format is difficult to interpret or invalid
ORD00483,CUST0747,Aarav Malhotra,56,Female,aarav.malhotra483@example.com,999999999999999,Pune,Maharashtra,Smartwatch,2025-04-21,2025-04-22,4999,Refunded,Call Center,2025-04-25 00:00,Believability,Phone number is not plausible
ORD00484,CUST0256,Kiran Reddy,42,Female,kiran.reddy484@example.com,9725022267,Delhi,Kerala,Headphones,2025-01-08,2025-01-13,39999,Failed,CRM,2025-01-13 00:00,Accuracy,City and State do not match
ORD00485,CUST0368,Priya Chopra,34,Male,priya.chopra485@example.com,9482092630,Ahmedabad,Gujarat,Printer,2025-01-09,2025-01-17,499,P,Website,2025-01-17 00:00,Consistency,Payment status uses inconsistent label or case
ORD00486,CUST0118,Kiran Chopra,49,Male,,9615435299,Delhi,Delhi,Headphones,2025-03-17,2025-03-27,39999,Paid,Mobile App,2025-03-28 00:00,Completeness,Missing value in Email
ORD00487,CUST0080,Isha Jain,20,Male,isha.jain487@example.com,9233846813,CHE,Tamil Nadu,Mobile,2025-02-09,2025-02-18,9999,Paid,Mobile App,2025-02-22 00:00,Consistency,"City uses inconsistent spelling, abbreviation, or case"
ORD00488,CUST0624,Ananya Gupta,36,Male,ananya.gupta488@example.com,9237777935,Bengaluru,Karnataka,Keyboard,2025-01-23,2025-01-28,999,Paid,Website,2025-01-12 00:00,Timeliness,Last updated timestamp is earlier than order date
ORD00060,CUST0463,Meera Mehta,37,Female,meera.mehta60@example.com,9032690535,Lucknow,Uttar Pradesh,Laptop,2025-06-30,2025-07-09,799,Failed,CRM,2025-04-07 00:00,Uniqueness,Duplicate record intentionally added
ORD00490,CUST0670,Rohan Gupta,64,Female,rohan.gupta490@example.com,9427289929,Chennai,Tamil Nadu,MOB,2025-06-30,2025-07-09,14999,Paid,Website,2025-07-11 00:00,Interpretability,Product category is stored as unexplained code
ORD00491,CUST0203,Priya Singh,25,Male,priya.singh491@example.com,9880125971,Kolkata,West Bengal,Mouse,2025-09-16,2025-09-19,24999,Refunded,CRM,2025-09-24 00:00,Clean,No intentional issue
ORD00182,CUST0561,Aarav Iyer,53,Male,aarav.iyer182@example.com,9937934651,Mumbai,Maharashtra,LPT,2025-01-03,2025-01-13,24999,Refunded,Website,2025-01-17 00:00,Uniqueness,Duplicate record intentionally added
ORD00493,CUST0604,Meera Malhotra,44,Female,meera.malhotra493@example.com,9990853634,Kolkata,West Bengal,Monitor,2025-09-02,2025-09-05,59999,Pending,Mobile App,2025-09-10 00:00,Clean,No intentional issue
ORD00494,CUST0331,Arjun Rao,37,Female,,9379098742,Chennai,Tamil Nadu,Laptop,2025-10-16,2025-10-25,14999,Refunded,Mobile App,2025-10-27 00:00,Completeness,Missing value in Email
ORD00495,CUST0772,,36,Female,rahul.verma495@example.com,9122055150,Ahmedabad,Gujarat,Printer,2025-04-25,2025-04-28,2499,Failed,Website,2025-05-02 00:00,Completeness,Missing value in Customer_Name
ORD00114,CUST0238,Rahul Malhotra,65,Male,abc.com,9761637844,Jaipur,Rajasthan,Headphones,2025-10-10,2025-10-13,4999,Refunded,CRM,2025-10-16 00:00,Uniqueness,Duplicate record intentionally added
ORD00497,CUST0705,Aditya Singh,28,Female,aditya.singh497@example.com,9394973868,Pune,Maharashtra,Printer,2025-11-19,2025-11-28,39999,Paid,CRM,2025-12-03 00:00,Clean,No intentional issue
ORD00498,CUST0752,Aarav Rao,26,Female,aarav.rao498@example,9416057244,Delhi,Delhi,Tablet,2025-05-16,2025-05-24,999,Refunded,Website,2025-05-25 00:00,Interpretability,Email format is difficult to interpret or invalid
ORD00499,CUST0685,Kiran Nair,42,Male,kiran.nair499@example.com,9473340187,Chennai,Tamil Nadu,Printer,2026-05-08,2026-05-13,2499,Pending,Mobile App,2025-10-04 00:00,Timeliness,Order date is in the future
ORD00500,CUST0501,Kavya Verma,29,Female,kavya.verma500@example.com,9660228453,Chennai,Tamil Nadu,Mobile,2025-06-27,2025-07-04,59999,Pending,Mobile App,2025-05-03 00:00,Timeliness,Last updated timestamp is earlier than order date
ORD00047,CUST0065,Arjun Mehta,32,Female,arjun.mehta47@example.com,9647610091,Hyderabad,Telangana,Smartwatch,2025-10-15,2025-10-21,24999,Pending,Website,2025-10-26 00:00,Uniqueness,Duplicate record intentionally added
ORD00091,CUST0515,Kiran Mehta,41,Male,kiran.mehta91@example.com,9987669329,Hyderabad,Kerala,Mobile,2025-08-27,2025-09-01,999,Refunded,Call Center,2025-09-06 00:00,Uniqueness,Duplicate record intentionally added
ORD00503,CUST0705,Arjun Iyer,43,Female,arjun.iyer503@example.com,999999999999999,Hyderabad,Telangana,Headphones,2025-05-25,2025-05-30,499,Pending,CRM,2025-06-04 00:00,Believability,Phone number is not plausible
ORD00504,CUST0436,Kavya Sharma,18,Male,kavya.sharma504@example.com,9502226420,Mumbai,Maharashtra,Smartwatch,2025-07-20,2025-07-17,24999,Failed,Call Center,2025-07-26 00:00,Believability,Delivery date is before order date
ORD00505,CUST0230,Isha Iyer,,Female,isha.iyer505@example.com,9507441316,Hyderabad,Telangana,Printer,2025-07-21,2025-07-27,14999,Paid,CRM,2025-07-30 00:00,Completeness,Missing value in Age
ORD00506,CUST0506,Amit Chopra,49,Male,amit.chopra506@example.com,9233135406,Mumbai,Maharashtra,Headphones,2025-07-26,2025-07-24,9999,Pending,Call Center,2025-08-05 00:00,Believability,Delivery date is before order date
ORD00507,CUST0131,Priya Gupta,63,Female,priya.gupta507@example.com,9717149041,Jaipur,Kerala,Router,2025-02-11,2025-02-13,7999,Paid,Call Center,2025-02-16 00:00,Accuracy,City and State do not match
ORD00508,CUST0381,Kavya Kumar,18,Female,kavya.kumar508@example.com,9512689364,Mumbai,Maharashtra,Mouse,2025-05-31,2025-06-05,14999,Failed,Website,2025-06-09 00:00,Clean,No intentional issue
ORD00509,CUST0006,Sai Reddy,51,Female,sai.reddy509@example.com,9316530413,Hyd,Telangana,Keyboard,2025-08-02,2025-08-05,999,Refunded,Website,2025-08-05 00:00,Consistency,"City uses inconsistent spelling, abbreviation, or case"
ORD00510,CUST0555,Amit Patel,36,Female,amit.patel510@example.com,9625121515,Lucknow,Uttar Pradesh,Monitor,2025-07-08,2025-07-18,7999,Pending,Call Center,2025-07-22 00:00,Consistency,Payment status uses inconsistent label or case
ORD00511,CUST0151,Divya Patel,65,Female,divya.patel511@example.com,9140091844,Delhi,Delhi,Headphones,2025-01-02,2025-01-06,-500,Paid,Mobile App,2025-01-10 00:00,Believability,Negative order amount is not believable for a normal sale
ORD00512,CUST0220,Isha Kumar,42,Female,no-email,9998785476,Ahmedabad,Gujarat,Keyboard,2025-06-09,2025-06-18,4999,Paid,Call Center,2025-06-22 00:00,Interpretability,Email format is difficult to interpret or invalid
ORD00513,CUST0184,Ananya Chopra,47,Female,abc.com,9991315399,Kolkata,West Bengal,Tablet,2025-11-12,2025-11-21,1499,Refunded,CRM,2025-11-23 00:00,Interpretability,Email format is difficult to interpret or invalid
ORD00514,CUST0648,Pooja Kumar,20,Female,pooja.kumar514@example.com,9417651367,Pune,Maharashtra,Laptop,2025-10-20,2025-10-21,59999,Refunded,Website,2025-10-25 00:00,Clean,No intentional issue
ORD00515,CUST0285,Sai Verma,44,Male,sai.verma515@example.com,12345,Hyderabad,Telangana,Printer,2025-11-23,2025-11-24,4999,Paid,Mobile App,2025-11-28 00:00,Believability,Phone number is not plausible
ORD00516,CUST0177,Kavya Chopra,60,Male,kavya.chopra516@example.com,9421517802,,Maharashtra,Tablet,2025-09-14,2025-09-17,59999,Failed,Mobile App,2025-09-17 00:00,Completeness,Missing value in City
ORD00517,CUST0089,Riya Chopra,62,Male,riya.chopra517@example.com,9159772307,Lucknow,Uttar Pradesh,Printer,2025-02-15,2025-02-17,799,PAID,Website,2025-02-22 00:00,Consistency,Payment status uses inconsistent label or case
ORD00518,CUST0232,Sai Patel,21,Female,sai.patel518@example.com,9821924033,Pune,Maharashtra,Headphones,2025-05-23,2025-05-26,24999,Failed,Call Center,2025-05-29 00:00,Clean,No intentional issue
ORD00519,CUST0662,Rahul Sharma,55,Female,rahul.sharma519@example.com,9872658707,Bengaluru,Karnataka,Router,2025-10-19,2025-10-23,9999999,Refunded,Mobile App,2025-10-25 00:00,Accuracy,Order amount is inaccurate or far outside expected range
ORD00520,CUST0387,Arjun Iyer,60,Male,arjun.iyer520@example.com,9693139143,Ahmedabad,Gujarat,Headphones,2025-08-28,2025-09-07,1,Failed,CRM,2025-09-11 00:00,Accuracy,Order amount is inaccurate or far outside expected range
ORD00521,CUST0409,Rahul Gupta,52,Male,rahul.gupta521@example.com,9427644092,Hyderabad,Telangana,Printer,2025-11-12,2025-11-20,24999,Refunded,CRM,2025-08-30 00:00,Timeliness,Last updated timestamp is earlier than order date
ORD00522,CUST0770,Sneha Nair,,Male,sneha.nair522@example.com,9167007133,Jaipur,Rajasthan,Headphones,2025-06-03,2025-06-13,59999,Pending,Call Center,2025-06-17 00:00,Completeness,Missing value in Age
ORD00523,CUST0742,Amit Malhotra,29,Female,amit.malhotra523@example.com,9268343466,Pune,Maharashtra,MOB,2025-04-05,2025-04-09,1499,Refunded,Call Center,2025-04-09 00:00,Interpretability,Product category is stored as unexplained code
ORD00524,CUST0748,Rohan Das,24,Female,rohan.das524@example.com,9855369081,Bengaluru,Karnataka,Keyboard,2026-01-02,2026-01-07,4999,Failed,Website,2025-03-22 00:00,Timeliness,Order date is in the future
ORD00525,CUST0446,Divya Nair,43,Male,divya.nair525@example.com,9031136429,Delhi,Kerala,Headphones,2025-09-13,2025-09-17,499,Pending,Website,2025-09-19 00:00,Accuracy,City and State do not match
ORD00526,CUST0132,Neha Chopra,24,Female,neha.chopra526@example.com,9534494732,Mumbai,Maharashtra,KEY,2025-02-21,2025-02-28,499,Pending,CRM,2025-03-02 00:00,Interpretability,Product category is stored as unexplained code
ORD00527,CUST0082,Neha Singh,48,Female,neha.singh527@example.com,9139518740,,Rajasthan,Keyboard,2025-02-27,2025-03-02,7999,Refunded,Mobile App,2025-03-07 00:00,Completeness,Missing value in City
ORD00528,CUST0301,Meera Singh,21,Female,meera.singh528@example.com,9303653072,Pune,Maharashtra,Mouse,2025-06-22,2025-06-27,-2500,Failed,CRM,2025-06-28 00:00,Believability,Negative order amount is not believable for a normal sale
ORD00529,CUST0079,Sai Mehta,49,Female,sai.mehta529@example.com,9306781573,Pune,Maharashtra,Keyboard,2026-05-13,2026-05-18,1499,Refunded,Mobile App,2025-09-02 00:00,Timeliness,Order date is in the future
ORD00530,CUST0051,Aditya Chopra,45,Male,aditya.chopra530@example.com,9347477266,Delhi,Delhi,SWT,2025-05-14,2025-05-19,24999,Pending,Website,2025-05-24 00:00,Interpretability,Product category is stored as unexplained code
ORD00531,CUST0227,Aarav Kumar,31,Male,aarav.kumar531@example.com,9272676445,Kolkata,West Bengal,Headphones,2025-05-21,2025-05-26,9999,Failed,Call Center,2025-04-07 00:00,Timeliness,Last updated timestamp is earlier than order date
ORD00532,CUST0400,Priya Singh,40,Female,priya.singh532@example.com,9208965329,BLR,Karnataka,Printer,2025-09-13,2025-09-17,14999,Pending,Mobile App,2025-09-22 00:00,Consistency,"City uses inconsistent spelling, abbreviation, or case"
ORD00533,CUST0442,Meera Mehta,,Male,meera.mehta533@example.com,9477279353,Bengaluru,Karnataka,Smartwatch,2025-10-27,2025-10-30,24999,Failed,CRM,2025-11-03 00:00,Completeness,Missing value in Age
ORD00534,CUST0429,Amit Verma,54,Female,amit.verma534@example.com,9927666665,Bengaluru,Karnataka,Headphones,2025-07-25,2025-08-03,1,Failed,Call Center,2025-08-04 00:00,Accuracy,Order amount is inaccurate or far outside expected range
ORD00535,CUST0672,Meera Patel,46,Male,meera.patel535@example.com,12345,Bengaluru,Karnataka,Mouse,2025-05-28,2025-05-29,14999,Failed,CRM,2025-06-01 00:00,Believability,Phone number is not plausible
ORD00536,CUST0024,Aarav Singh,57,Male,aarav.singh536@example.com,9786588138,Bengaluru,Karnataka,Smartwatch,2025-11-17,2025-11-25,39999,Paid,Website,2025-10-22 00:00,Timeliness,Last updated timestamp is earlier than order date
ORD00537,CUST0618,Priya Reddy,36,Male,priya.reddy537@example.com,9421468889,Hyderabad,Telangana,Tablet,2025-10-23,2025-10-31,9999,Pending,Website,2025-10-22 00:00,Timeliness,Last updated timestamp is earlier than order date
ORD00538,CUST0551,Vivaan Mehta,61,Female,vivaan.mehta538@example.com,9176504723,Jaipur,Rajasthan,Printer,2025-07-17,2025-07-19,7999,Failed,CRM,2025-05-12 00:00,Timeliness,Last updated timestamp is earlier than order date
ORD00351,CUST0105,Vivaan Kumar,38,Male,vivaan.kumar351@example.com,9652307256,Bengaluru,Karnataka,Laptop,2026-08-09,2026-08-14,2499,Refunded,CRM,2025-08-16 00:00,Uniqueness,Duplicate record intentionally added
ORD00540,CUST0152,Nikhil Jain,46,Female,user@,9508573753,Ahmedabad,Gujarat,Monitor,2025-10-18,2025-10-23,24999,Paid,Call Center,2025-10-24 00:00,Interpretability,Email format is difficult to interpret or invalid
ORD00541,CUST0599,Sai Nair,36,Female,sai.nair541@example.com,9035854996,Pune,Maharashtra,Tablet,2025-01-15,2025-01-11,24999,Failed,Mobile App,2025-01-20 00:00,Believability,Delivery date is before order date
ORD00542,CUST0231,Rahul Chopra,51,Female,rahul.chopra542@example.com,9322776349,Bengaluru,Karnataka,Printer,2025-07-14,2025-07-15,39999,Paid,CRM,2025-07-17 00:00,Clean,No intentional issue
ORD00543,CUST0567,Neha Malhotra,32,Male,neha.malhotra543@example.com,9985074527,Chennai,Tamil Nadu,Laptop,24/07/25,2025-07-26,4999,Paid,Website,2025-07-28 00:00,Interpretability,Date format is ambiguous
ORD00544,CUST0761,,62,Female,rohan.rao544@example.com,9180950255,Bengaluru,Karnataka,Laptop,2025-11-08,2025-11-13,14999,Failed,Call Center,2025-11-13 00:00,Completeness,Missing value in Customer_Name
ORD00545,CUST0103,Priya Das,58,Male,priya.das545@example.com,999999999999999,Delhi,Delhi,Printer,2025-03-01,2025-03-09,799,Refunded,Website,2025-03-10 00:00,Believability,Phone number is not plausible
ORD00546,CUST0291,Meera Sharma,34,Female,meera.sharma546@example.com,9928225349,Lucknow,Uttar Pradesh,Monitor,2025-09-10,2025-09-05,4999,Refunded,Website,2025-09-17 00:00,Believability,Delivery date is before order date
ORD00547,CUST0704,Pooja Gupta,28,Male,pooja.gupta547@example.com,9517725351,Mumbai,Maharashtra,Mouse,2025-06-05,2025-06-07,9999,Failed,Mobile App,2025-06-12 00:00,Clean,No intentional issue
ORD00548,CUST0679,Amit Nair,61,Male,amit.nair548@example.com,9199677294,Chennai,Tamil Nadu,Headphones,2026-07-02,2026-07-07,999,Pending,Mobile App,2025-04-20 00:00,Timeliness,Order date is in the future
ORD00549,CUST0363,Priya Gupta,37,Female,priya.gupta549@example.com,9614282628,Lucknow,Uttar Pradesh,Mouse,2025-08-02,2025-08-03,7999,payment_done,CRM,2025-08-06 00:00,Consistency,Payment status uses inconsistent label or case
ORD00550,CUST0249,Priya Iyer,53,Male,priya.iyer550@example.com,9179599739,delhi,Delhi,Smartwatch,2025-09-15,2025-09-23,2499,Paid,Call Center,2025-09-23 00:00,Consistency,"City uses inconsistent spelling, abbreviation, or case"
ORD00551,CUST0114,Riya Kumar,21,Male,riya.kumar551@example.com,9480978855,Hyderabad,Telangana,Keyboard,2026-10-08,2026-10-13,4999,Refunded,CRM,2025-06-02 00:00,Timeliness,Order date is in the future
ORD00552,CUST0220,Kiran Iyer,51,Female,kiran.iyer552@example.com,9144367270,Hyderabad,Telangana,HD,2025-02-04,2025-02-10,4999,Refunded,CRM,2025-02-15 00:00,Interpretability,Product category is stored as unexplained code
ORD00553,CUST0517,Sneha Das,49,Male,sneha.das553@example.com,0000000000,Jaipur,Rajasthan,Laptop,2025-09-20,2025-09-26,499,Refunded,CRM,2025-09-26 00:00,Believability,Phone number is not plausible
ORD00554,CUST0339,Riya Malhotra,47,Male,riya.malhotra554@example.com,9063568405,Mumbai,Maharashtra,MSE,2025-05-22,2025-05-30,9999,Pending,CRM,2025-06-04 00:00,Interpretability,Product category is stored as unexplained code
ORD00555,CUST0469,Aarav Sharma,0,Female,aarav.sharma555@example.com,9628987511,Kolkata,West Bengal,Headphones,2025-05-13,2025-05-17,24999,Failed,Mobile App,2025-05-21 00:00,Accuracy,Age value is outside realistic human range
ORD00556,CUST0435,Sai Iyer,40,Male,sai.iyer556@example.com,9929708919,Chennai,Tamil Nadu,Keyboard,2025-04-28,2025-05-02,1499,Failed,CRM,2025-04-01 00:00,Timeliness,Last updated timestamp is earlier than order date
ORD00557,CUST0180,Sneha Sharma,280,Female,sneha.sharma557@example.com,9555129739,Kolkata,West Bengal,Tablet,2025-04-16,2025-04-23,24999,Paid,Call Center,2025-04-23 00:00,Accuracy,Age value is outside realistic human range
ORD00558,CUST0364,Pooja Patel,50,Male,,9330962768,Ahmedabad,Gujarat,Laptop,2025-01-04,2025-01-11,7999,Refunded,Call Center,2025-01-11 00:00,Completeness,Missing value in Email
ORD00559,CUST0712,Priya Sharma,27,Male,priya.sharma559@example.com,9405272684,Bengaluru,Karnataka,Smartwatch,2025-01-05,2025-01-08,14999,Pending,Website,2025-01-09 00:00,Clean,No intentional issue
ORD00560,CUST0414,Sai Jain,60,Male,sai.jain560@example.com,9692373808,,Tamil Nadu,Mobile,2025-03-25,2025-03-26,9999,Pending,Call Center,2025-03-28 00:00,Completeness,Missing value in City
ORD00561,CUST0068,Divya Jain,51,Male,divya.jain561@example.com,9149851663,Bengaluru,Karnataka,Mobile,2025-01-08,2025-01-14,1499,Paid,Call Center,2025-01-17 00:00,Clean,No intentional issue
ORD00562,CUST0225,Kiran Reddy,38,Female,kiran.reddy562@example.com,9581677262,Lucknow,Kerala,Mobile,2025-09-02,2025-09-10,59999,Pending,Mobile App,2025-09-11 00:00,Accuracy,City and State do not match
ORD00563,CUST0433,Nikhil Singh,150,Female,nikhil.singh563@example.com,9317877679,Lucknow,Uttar Pradesh,Router,2025-09-22,2025-10-02,2499,Pending,CRM,2025-10-04 00:00,Accuracy,Age value is outside realistic human range
ORD00500,CUST0501,Kavya Verma,29,Female,kavya.verma500@example.com,9660228453,Chennai,Tamil Nadu,Mobile,2025-06-27,2025-07-04,59999,Pending,Mobile App,2025-05-03 00:00,Uniqueness,Duplicate record intentionally added
ORD00565,CUST0027,Isha Gupta,60,Male,isha.gupta565@example.com,9912415283,Chennai,Tamil Nadu,Router,2025-05-15,2025-05-17,-2500,Refunded,Call Center,2025-05-22 00:00,Believability,Negative order amount is not believable for a normal sale
ORD00566,CUST0616,Rahul Kumar,,Male,rahul.kumar566@example.com,9755055691,Bengaluru,Karnataka,Tablet,2025-01-09,2025-01-13,59999,Failed,Website,2025-01-17 00:00,Completeness,Missing value in Age
ORD00567,CUST0304,Divya Rao,63,Male,divya.rao567@example.com,9354437207,Jaipur,Kerala,Smartwatch,2025-08-06,2025-08-10,2499,Paid,Mobile App,2025-08-13 00:00,Accuracy,City and State do not match
ORD00568,CUST0164,Divya Nair,280,Male,divya.nair568@example.com,9631809281,Kolkata,West Bengal,Headphones,2025-03-15,2025-03-23,999,Pending,Website,2025-03-26 00:00,Accuracy,Age value is outside realistic human range
ORD00569,CUST0677,Priya Sharma,58,Male,priya.sharma569@example.com,9485618778,Jaipur,Rajasthan,Monitor,2025-09-26,2025-09-28,39999,Refunded,CRM,2025-09-11 00:00,Timeliness,Last updated timestamp is earlier than order date
ORD00570,CUST0618,Meera Kumar,55,Male,meera.kumar570@example.com,9982847401,Ahmedabad,Gujarat,Monitor,2025-04-26,2025-05-05,799,Paid,Mobile App,2025-05-10 00:00,Clean,No intentional issue
ORD00571,CUST0498,Kiran Malhotra,34,Female,kiran.malhotra571@example.com,9245617758,Kolkata,West Bengal,Monitor,02/07/25,2025-07-04,499,Paid,Call Center,2025-07-09 00:00,Interpretability,Date format is ambiguous
ORD00572,CUST0595,Sneha Sharma,56,Male,sneha.sharma572@example.com,9694373785,Lucknow,Uttar Pradesh,Mobile,2025-10-22,2025-10-24,799,Pending,CRM,2025-10-26 00:00,Clean,No intentional issue
ORD00573,CUST0030,Kavya Mehta,19,Male,kavya.mehta573@example.com,9782839240,Lucknow,Uttar Pradesh,Headphones,13/01/25,2025-01-19,799,Failed,Call Center,2025-01-22 00:00,Interpretability,Date format is ambiguous
ORD00574,CUST0092,Kiran Das,28,Male,kiran.das574@example.com,9367828176,Jaipur,Rajasthan,Router,14/06/25,2025-06-21,4999,Pending,Mobile App,2025-06-24 00:00,Interpretability,Date format is ambiguous
ORD00575,CUST0173,Rahul Das,-5,Male,rahul.das575@example.com,9315975753,Pune,Maharashtra,Printer,2025-06-29,2025-07-05,9999,Failed,CRM,2025-07-06 00:00,Accuracy,Age value is outside realistic human range
ORD00576,CUST0301,Kiran Reddy,63,Female,kiran.reddy576@example.com,9693282190,Jaipur,Rajasthan,Keyboard,2025-07-23,2025-07-26,7999,Paid,Website,2025-07-31 00:00,Clean,No intentional issue
ORD00373,CUST0333,,56,Female,kavya.patel373@example.com,9966963683,Mumbai,Maharashtra,Router,2025-10-19,2025-10-22,2499,Paid,Call Center,2025-10-26 00:00,Uniqueness,Duplicate record intentionally added
ORD00568,CUST0164,Divya Nair,280,Male,divya.nair568@example.com,9631809281,Kolkata,West Bengal,Headphones,2025-03-15,2025-03-23,999,Pending,Website,2025-03-26 00:00,Uniqueness,Duplicate record intentionally added
ORD00579,CUST0176,Rohan Gupta,35,Male,rohan.gupta579@example.com,0000000000,Ahmedabad,Gujarat,Smartwatch,2025-08-13,2025-08-21,24999,Refunded,Mobile App,2025-08-21 00:00,Believability,Phone number is not plausible
ORD00580,CUST0239,Divya Gupta,45,Male,divya.gupta580@example.com,9589156306,Kolkata,West Bengal,Tablet,2025-08-20,2025-08-25,-2500,Failed,Mobile App,2025-08-27 00:00,Believability,Negative order amount is not believable for a normal sale
ORD00581,CUST0507,Aditya Iyer,44,Male,aditya.iyer581@example.com,9730476834,Delhi,Delhi,Tablet,2025-11-04,2025-11-07,1,Paid,Mobile App,2025-11-12 00:00,Accuracy,Order amount is inaccurate or far outside expected range
ORD00582,CUST0360,,45,Female,rahul.jain582@example.com,9963750690,Ahmedabad,Gujarat,Mobile,2025-04-05,2025-04-10,7999,Pending,Mobile App,2025-04-11 00:00,Completeness,Missing value in Customer_Name
ORD00583,CUST0177,Neha Sharma,18,Female,user@,9161238955,Kolkata,West Bengal,Monitor,2025-01-15,2025-01-25,24999,Failed,Call Center,2025-01-25 00:00,Interpretability,Email format is difficult to interpret or invalid
ORD00120,CUST0130,Nikhil Patel,54,Female,nikhil.patel120@example.com,9711328316,Jaipur,Rajasthan,Mobile,2026-02-18,2026-02-23,499,Failed,Call Center,2025-03-23 00:00,Uniqueness,Duplicate record intentionally added
ORD00585,CUST0367,Isha Verma,39,Male,isha.verma585@example.com,9094867580,Chennai,Tamil Nadu,Headphones,2025-05-03,2025-05-11,1499,Refunded,Mobile App,2025-05-11 00:00,Clean,No intentional issue
ORD00057,CUST0407,Kavya Reddy,26,Female,kavya.reddy57@example.com,9800985574,Jaipur,Rajasthan,Tablet,2025-09-14,2025-09-23,39999,Failed,CRM,2025-08-23 00:00,Uniqueness,Duplicate record intentionally added
ORD00587,CUST0322,Neha Chopra,20,Male,neha.chopra587@example.com,999999999999999,Mumbai,Maharashtra,Monitor,2025-10-28,2025-11-07,14999,Pending,Website,2025-11-12 00:00,Believability,Phone number is not plausible
ORD00588,CUST0212,Vivaan Malhotra,31,Male,vivaan.malhotra588@example.com,9560391296,Ahmedabad,Gujarat,Headphones,2025-04-24,2025-04-30,799,Pending,Mobile App,2025-05-03 00:00,Clean,No intentional issue
ORD00589,CUST0685,Sneha Chopra,32,Female,sneha.chopra589@example.com,9296793969,Kolkata,West Bengal,LPT,2025-03-21,2025-03-24,24999,Pending,Call Center,2025-03-28 00:00,Interpretability,Product category is stored as unexplained code
ORD00590,CUST0713,Kavya Kumar,35,Male,kavya.kumar590@example.com,9716011705,Ahmedabad,Gujarat,Monitor,2025-11-04,2025-11-05,39999,Refunded,Website,2025-11-05 00:00,Clean,No intentional issue
ORD00591,CUST0780,,63,Female,kiran.mehta591@example.com,9188954194,Pune,Maharashtra,Router,2025-05-27,2025-06-01,24999,Failed,CRM,2025-06-01 00:00,Completeness,Missing value in Customer_Name
ORD00592,CUST0612,Sneha Reddy,23,Male,sneha.reddy592@example.com,9765977001,Delhi,Delhi,Mouse,2025-11-12,2025-11-18,9999,Pending,Mobile App,2025-11-21 00:00,Clean,No intentional issue
ORD00593,CUST0189,Ananya Gupta,30,Male,ananya.gupta593@example.com,9637048621,Kolkata,West Bengal,Mouse,2025-03-20,2025-03-25,,Paid,Mobile App,2025-03-26 00:00,Completeness,Missing value in Order_Amount
ORD00594,CUST0701,Aditya Kumar,51,Male,aditya.kumar594@example.com,9235871265,,Uttar Pradesh,Headphones,2025-06-14,2025-06-20,499,Pending,CRM,2025-06-20 00:00,Completeness,Missing value in City
ORD00595,CUST0257,Riya Mehta,42,Female,riya.mehta595@example.com,9394915316,Lucknow,Uttar Pradesh,Mouse,2025-08-19,2025-08-23,39999,Refunded,Website,2025-08-27 00:00,Clean,No intentional issue
ORD00596,CUST0728,Sneha Patel,28,Female,sneha.patel596@example.com,9889162484,Hyderabad,Telangana,Mouse,2026-07-07,2026-07-12,499,Refunded,Call Center,2025-06-09 00:00,Timeliness,Order date is in the future
ORD00597,CUST0200,Priya Singh,-5,Female,priya.singh597@example.com,9977348733,Bengaluru,Karnataka,Router,2025-04-16,2025-04-20,1499,Pending,Call Center,2025-04-24 00:00,Accuracy,Age value is outside realistic human range
ORD00598,CUST0394,Nikhil Malhotra,57,Female,nikhil.malhotra598@example.com,9949025196,Hyderabad,Telangana,Tablet,22/04/25,2025-04-28,14999,Pending,Website,2025-05-03 00:00,Interpretability,Date format is ambiguous
ORD00599,CUST0100,Amit Reddy,44,Female,amit.reddy599@example.com,9700808392,Ahmedabad,Gujarat,Tablet,2025-03-08,2025-03-16,4999,Paid,Website,2025-03-21 00:00,Clean,No intentional issue
ORD00600,CUST0180,Nikhil Chopra,22,Female,nikhil.chopra600@example.com,9215914561,Lucknow,Uttar Pradesh,KEY,2025-10-26,2025-11-03,9999,Failed,Call Center,2025-11-08 00:00,Interpretability,Product category is stored as unexplained code
ORD00601,CUST0489,Rohan Verma,60,Male,rohan.verma601@example.com,9106895189,Ahmedabad,Gujarat,Mobile,2025-01-21,2025-01-24,7999,Refunded,Mobile App,2025-01-27 00:00,Clean,No intentional issue
ORD00602,CUST0114,Aditya Malhotra,41,Male,aditya.malhotra602@example.com,9976937906,Bengaluru,Karnataka,Headphones,,2025-11-21,39999,Refunded,Call Center,2025-11-22 00:00,Completeness,Missing value in Order_Date
ORD00603,CUST0171,Kavya Reddy,41,Female,kavya.reddy603@example.com,9023440774,New Delhi,Delhi,Router,2025-05-24,2025-06-02,499,Refunded,CRM,2025-06-04 00:00,Consistency,"City uses inconsistent spelling, abbreviation, or case"
ORD00604,CUST0398,Sai Chopra,57,Male,sai.chopra604@example.com,9066388743,Lucknow,Uttar Pradesh,Laptop,04/06/25,2025-06-11,1499,Refunded,Mobile App,2025-06-14 00:00,Interpretability,Date format is ambiguous
ORD00350,CUST0485,Arjun Sharma,48,Female,arjun.sharma350@example.com,9230379767,Hyderabad,Telangana,Smartwatch,2025-11-17,2025-11-23,-500,Pending,Call Center,2025-11-23 00:00,Uniqueness,Duplicate record intentionally added
ORD00606,CUST0764,Divya Verma,27,Female,divya.verma606@example.com,9917046273,Chennai,Tamil Nadu,Mobile,2026-09-12,2026-09-17,499,Pending,Website,2025-11-13 00:00,Timeliness,Order date is in the future
ORD00607,CUST0181,Divya Jain,29,Female,divya.jain607@example.com,9928511718,Pune,Kerala,Smartwatch,2025-02-01,2025-02-09,999,Paid,Website,2025-02-09 00:00,Accuracy,City and State do not match
ORD00608,CUST0247,Riya Patel,56,Female,riya.patel608@example.com,9569270037,Jaipur,Rajasthan,Monitor,2025-04-22,2025-04-29,,Failed,Call Center,2025-05-04 00:00,Completeness,Missing value in Order_Amount
ORD00609,CUST0269,Meera Sharma,65,Male,meera.sharma609@example.com,9733833457,Chennai,Tamil Nadu,Smartwatch,2025-07-05,2025-07-15,-2500,Paid,Website,2025-07-19 00:00,Believability,Negative order amount is not believable for a normal sale
ORD00610,CUST0756,Ananya Kumar,150,Female,ananya.kumar610@example.com,9740139630,Chennai,Tamil Nadu,Mouse,2025-08-26,2025-09-03,9999,Pending,Website,2025-09-04 00:00,Accuracy,Age value is outside realistic human range
ORD00611,CUST0163,Arjun Sharma,43,Female,arjun.sharma611@example.com,9395247491,Bangalore,Karnataka,Monitor,2025-06-22,2025-06-26,499,Refunded,CRM,2025-06-29 00:00,Consistency,"City uses inconsistent spelling, abbreviation, or case"
ORD00132,CUST0711,Amit Jain,52,Male,amit.jain132@example.com,9890687152,Bengaluru,Karnataka,Laptop,2025-07-29,2025-07-30,1499,Failed,Call Center,2025-08-04 00:00,Uniqueness,Duplicate record intentionally added
ORD00613,CUST0705,Ananya Nair,48,Male,ananya.nair613@example.com,9283997553,Hyderabad,Telangana,Printer,2025-07-09,2025-07-16,1499,Pending,Website,2025-07-18 00:00,Clean,No intentional issue
ORD00614,CUST0321,Priya Das,58,Male,priya.das614@example.com,9507604689,,Uttar Pradesh,Smartwatch,2025-05-02,2025-05-06,9999,Refunded,Mobile App,2025-05-06 00:00,Completeness,Missing value in City
ORD00615,CUST0365,Amit Das,35,Male,amit.das615@example.com,9841239658,Chennai,Tamil Nadu,Laptop,2025-08-31,2025-09-04,1499,Paid,Website,2025-09-06 00:00,Clean,No intentional issue
ORD00616,CUST0434,Divya Nair,25,Female,divya.nair616@example.com,9782220643,Hyderabad,Telangana,Tablet,2026-03-23,2026-03-28,2499,Pending,Website,2025-10-08 00:00,Timeliness,Order date is in the future
ORD00617,CUST0167,Divya Gupta,38,Male,divya.gupta617@example.com,9530034183,Pune,Maharashtra,Printer,22/05/25,2025-05-26,59999,Refunded,CRM,2025-05-28 00:00,Interpretability,Date format is ambiguous
ORD00618,CUST0058,Priya Kumar,29,Female,priya.kumar618@example.com,9774911170,Lucknow,Uttar Pradesh,Laptop,2025-11-26,2025-12-01,4999,Paid,Mobile App,2025-12-05 00:00,Clean,No intentional issue
ORD00619,CUST0406,Priya Verma,44,Female,priya.verma619@example.com,9650217820,Mumbai,Maharashtra,Printer,2025-07-25,2025-08-03,,Refunded,CRM,2025-08-08 00:00,Completeness,Missing value in Order_Amount
ORD00620,CUST0397,Rohan Gupta,20,Male,rohan.gupta620@example.com,9760746650,Delhi,Kerala,Tablet,2025-03-20,2025-03-23,14999,Failed,CRM,2025-03-25 00:00,Accuracy,City and State do not match
ORD00621,CUST0550,Pooja Sharma,40,Male,pooja.sharma621@example.com,9066233872,Lucknow,Uttar Pradesh,Keyboard,2025-09-18,2025-09-21,7999,P,Website,2025-09-22 00:00,Consistency,Payment status uses inconsistent label or case
ORD00622,CUST0190,Sneha Verma,59,Female,sneha.verma622@example.com,9131927726,Ahmedabad,Gujarat,Laptop,2025-08-17,2025-08-27,39999,Refunded,Website,2025-08-28 00:00,Clean,No intentional issue
ORD00623,CUST0013,Nikhil Singh,47,Male,nikhil.singh623@example.com,12345,Delhi,Delhi,Smartwatch,2025-05-10,2025-05-14,14999,Paid,Call Center,2025-05-16 00:00,Believability,Phone number is not plausible
ORD00624,CUST0311,Rohan Verma,57,Male,rohan.verma624@example.com,9479036973,Hyderabad,Telangana,Laptop,2026-01-19,2026-01-24,499,Failed,Mobile App,2025-11-15 00:00,Timeliness,Order date is in the future
ORD00625,CUST0116,Arjun Patel,27,Female,arjun.patel625@example.com,9028552747,Ahmedabad,Gujarat,Tablet,2025-03-03,2025-03-04,123456789,Pending,Website,2025-03-04 00:00,Accuracy,Order amount is inaccurate or far outside expected range
ORD00046,CUST0742,Kiran Malhotra,48,Female,kiran.malhotra46@example.com,12345,Chennai,Tamil Nadu,Mobile,2025-08-28,2025-08-30,999,Pending,Mobile App,2025-09-04 00:00,Uniqueness,Duplicate record intentionally added
ORD00627,CUST0484,Riya Chopra,45,Female,riya.chopra627@example.com,9539753645,Delhi,Delhi,Laptop,2026-05-31,2026-06-05,799,Failed,Mobile App,2025-06-05 00:00,Timeliness,Order date is in the future
ORD00628,CUST0341,Sai Chopra,61,Female,sai.chopra628@example.com,999999999999999,Jaipur,Rajasthan,Mouse,2025-07-04,2025-07-11,799,Failed,Website,2025-07-12 00:00,Believability,Phone number is not plausible
ORD00629,CUST0107,Rahul Chopra,54,Male,rahul.chopra629@example.com,9525976743,Delhi,Delhi,Mouse,2025-02-11,2025-02-06,799,Paid,Mobile App,2025-02-22 00:00,Believability,Delivery date is before order date
ORD00630,CUST0001,Sneha Rao,54,Female,sneha.rao630@example.com,9897496373,Kolkata,West Bengal,Mobile,2025-04-26,2025-05-04,-500,Pending,Website,2025-05-09 00:00,Believability,Negative order amount is not believable for a normal sale
ORD00631,CUST0122,Aarav Sharma,19,Female,aarav.sharma631@example.com,9434633245,Mumbai,Maharashtra,Tablet,06/04/25,2025-04-08,799,Failed,Call Center,2025-04-11 00:00,Interpretability,Date format is ambiguous
ORD00089,CUST0657,Nikhil Malhotra,20,Male,abc.com,9549841114,Pune,Maharashtra,Smartwatch,2025-11-05,2025-11-07,4999,Failed,Mobile App,2025-11-10 00:00,Uniqueness,Duplicate record intentionally added
ORD00633,CUST0346,Pooja Patel,52,Male,pooja.patel633@example.com,0000000000,Mumbai,Maharashtra,Tablet,2025-11-20,2025-11-22,9999,Refunded,Website,2025-11-27 00:00,Believability,Phone number is not plausible
ORD00634,CUST0600,Neha Gupta,22,Male,neha.gupta634@example.com,9151480646,Ahmedabad,Gujarat,Monitor,2025-10-17,2025-10-24,9999999,Paid,CRM,2025-10-26 00:00,Accuracy,Order amount is inaccurate or far outside expected range
ORD00635,CUST0598,Aarav Kumar,65,Male,aarav.kumar635@example.com,9824791179,Kolkata,West Bengal,Laptop,2026-12-25,2026-12-30,1499,Failed,CRM,2025-06-12 00:00,Timeliness,Order date is in the future
ORD00636,CUST0571,Kavya Sharma,0,Female,kavya.sharma636@example.com,9700864529,Jaipur,Rajasthan,Mobile,2025-08-03,2025-08-11,499,Failed,Website,2025-08-14 00:00,Accuracy,Age value is outside realistic human range
ORD00637,CUST0673,Riya Reddy,60,Male,riya.reddy637@example.com,9145211700,Ahmedabad,Gujarat,Router,2025-07-11,2025-07-20,,Refunded,CRM,2025-07-20 00:00,Completeness,Missing value in Order_Amount
ORD00638,CUST0680,Kiran Nair,51,Male,kiran.nair638@example.com,9440365811,Pune,Maharashtra,Headphones,2025-06-13,2025-06-17,9999,Pending,Website,2025-06-18 00:00,Clean,No intentional issue
ORD00131,CUST0071,Aditya Nair,41,Male,aditya.nair131@example.com,9887304327,Jaipur,Rajasthan,Laptop,2025-04-02,2025-04-06,14999,Paid,Website,2025-01-28 00:00,Uniqueness,Duplicate record intentionally added
ORD00640,CUST0444,Pooja Nair,50,Female,pooja.nair640@example.com,9545777022,bengaluru,Karnataka,Tablet,2025-11-03,2025-11-12,2499,Refunded,Mobile App,2025-11-12 00:00,Consistency,"City uses inconsistent spelling, abbreviation, or case"
ORD00641,CUST0346,Divya Singh,37,Female,divya.singh641@example.com,9043562222,Jaipur,Rajasthan,Printer,2025-07-17,2025-07-27,59999,P,Website,2025-07-30 00:00,Consistency,Payment status uses inconsistent label or case
ORD00642,CUST0271,Rohan Nair,30,Female,rohan.nair642@example.com,9561678616,Pune,Maharashtra,Tablet,2025-06-21,2025-06-30,123456789,Refunded,Mobile App,2025-07-02 00:00,Accuracy,Order amount is inaccurate or far outside expected range
ORD00643,CUST0252,Neha Reddy,,Female,neha.reddy643@example.com,9379432013,Delhi,Delhi,Tablet,2025-11-03,2025-11-09,999,Refunded,Call Center,2025-11-11 00:00,Completeness,Missing value in Age
ORD00644,CUST0273,,49,Female,kiran.malhotra644@example.com,9049543113,Jaipur,Rajasthan,Smartwatch,2025-05-22,2025-05-31,24999,Refunded,CRM,2025-06-01 00:00,Completeness,Missing value in Customer_Name
ORD00645,CUST0115,Kiran Verma,53,Female,kiran.verma645@example.com,9362426525,Bengaluru,Kerala,Mobile,2025-08-05,2025-08-09,499,Paid,Website,2025-08-09 00:00,Accuracy,City and State do not match
ORD00646,CUST0585,Riya Singh,32,Male,riya.singh646@example.com,9792408241,Kolkata,West Bengal,Tablet,2025-10-05,2025-10-15,499,Pending,Website,2025-10-15 00:00,Clean,No intentional issue
ORD00647,CUST0238,Kiran Verma,18,Male,kiran.verma647@example.com,9107473635,Pune,Kerala,Mouse,2025-10-24,2025-11-03,7999,Refunded,Mobile App,2025-11-04 00:00,Accuracy,City and State do not match
ORD00648,CUST0622,Pooja Kumar,51,Female,pooja.kumar648@example.com,9210861423,CHE,Tamil Nadu,Laptop,2025-09-13,2025-09-22,24999,Refunded,Mobile App,2025-09-25 00:00,Consistency,"City uses inconsistent spelling, abbreviation, or case"
ORD00649,CUST0586,Rohan Kumar,56,Female,rohan.kumar649@example.com,9334790223,Hyderabad,Telangana,Smartwatch,2026-10-28,2026-11-02,9999,Paid,Mobile App,2025-05-10 00:00,Timeliness,Order date is in the future
ORD00650,CUST0163,Neha Nair,51,Male,neha.nair650@example.com,9060094282,Hyderabad,Telangana,Mouse,2025-07-06,2025-07-07,9999999,Paid,Website,2025-07-12 00:00,Accuracy,Order amount is inaccurate or far outside expected range
ORD00651,CUST0172,Neha Verma,32,Male,neha.verma651@example.com,9281701811,Lucknow,Uttar Pradesh,Laptop,2025-10-21,2025-10-19,2499,Refunded,Call Center,2025-10-27 00:00,Believability,Delivery date is before order date
ORD00652,CUST0517,Sai Iyer,29,Male,sai.iyer652@example.com,9831482637,Hyd,Telangana,Keyboard,2025-03-29,2025-04-03,14999,Paid,Call Center,2025-04-07 00:00,Consistency,"City uses inconsistent spelling, abbreviation, or case"
ORD00537,CUST0618,Priya Reddy,36,Male,priya.reddy537@example.com,9421468889,Hyderabad,Telangana,Tablet,2025-10-23,2025-10-31,9999,Pending,Website,2025-10-22 00:00,Uniqueness,Duplicate record intentionally added
ORD00654,CUST0119,Kavya Reddy,50,Female,kavya.reddy654@example.com,9643331046,Bengaluru,Karnataka,Laptop,2025-04-16,2025-04-18,24999,Failed,Website,2025-03-29 00:00,Timeliness,Last updated timestamp is earlier than order date
ORD00655,CUST0730,Nikhil Kumar,33,Male,nikhil.kumar655@example.com,9484409892,HYD,Telangana,Tablet,2025-08-13,2025-08-18,9999,Refunded,CRM,2025-08-21 00:00,Consistency,"City uses inconsistent spelling, abbreviation, or case"
ORD00656,CUST0361,Kavya Verma,56,Female,kavya.verma656@example.com,9335017505,,Tamil Nadu,Router,2025-10-10,2025-10-18,499,Refunded,Mobile App,2025-10-18 00:00,Completeness,Missing value in City
ORD00657,CUST0600,Priya Das,57,Female,priya.das657@example.com,9144707750,Chennai,Tamil Nadu,Smartwatch,2025-06-17,2025-06-22,4999,Paid,Website,2025-06-26 00:00,Clean,No intentional issue
ORD00658,CUST0404,Sneha Singh,60,Female,sneha.singh658@example.com,9200141784,Pune,Maharashtra,Headphones,2025-03-14,2025-03-18,799,Refunded,Mobile App,2025-03-20 00:00,Clean,No intentional issue
ORD00659,CUST0689,Amit Sharma,22,Male,amit.sharma659@example.com,9404869892,Hyderabad,Telangana,MON,2025-09-05,2025-09-07,1499,Refunded,Mobile App,2025-09-08 00:00,Interpretability,Product category is stored as unexplained code
ORD00660,CUST0337,Neha Reddy,60,Female,neha.reddy660@example.com,9939905828,Lucknow,Uttar Pradesh,Tablet,2025-04-26,2025-04-27,7999,Refunded,Website,2025-04-29 00:00,Clean,No intentional issue
ORD00661,CUST0410,Rohan Malhotra,33,Female,rohan.malhotra661@example.com,9430149038,Bengaluru,Karnataka,Mobile,2026-08-02,2026-08-07,4999,Refunded,Call Center,2025-10-19 00:00,Timeliness,Order date is in the future
ORD00662,CUST0220,Pooja Sharma,39,Female,pooja.sharma662@example.com,9482611330,Mumbai,Maharashtra,Monitor,2025-05-01,2025-05-09,,Refunded,CRM,2025-05-13 00:00,Completeness,Missing value in Order_Amount
ORD00663,CUST0034,Aarav Reddy,52,Female,aarav.reddy663@example.com,9193683508,Ahmedabad,Gujarat,Mobile,,2025-03-20,499,Refunded,Mobile App,2025-03-21 00:00,Completeness,Missing value in Order_Date
ORD00664,CUST0299,Aditya Sharma,57,Male,aditya.sharma664@example.com,9658206266,Delhi,Delhi,Headphones,2025-07-20,2025-07-28,-2500,Failed,CRM,2025-08-01 00:00,Believability,Negative order amount is not believable for a normal sale
ORD00665,CUST0670,,43,Female,nikhil.sharma665@example.com,9748293321,Bengaluru,Karnataka,Printer,2025-08-20,2025-08-26,14999,Failed,Website,2025-08-28 00:00,Completeness,Missing value in Customer_Name
ORD00666,CUST0341,Riya Malhotra,25,Male,riya.malhotra666@example.com,9657416955,Mumbai,Maharashtra,Printer,2025-03-06,2025-03-09,59999,Paid,Website,2025-03-11 00:00,Clean,No intentional issue
ORD00667,CUST0192,Vivaan Singh,28,Female,vivaan.singh667@example.com,9849784877,Delhi,Delhi,Keyboard,2025-02-03,2025-02-04,499,Failed,Mobile App,2025-02-07 00:00,Clean,No intentional issue
ORD00668,CUST0152,Riya Chopra,62,Male,riya.chopra668@example.com,9015422100,Hyderabad,Telangana,Headphones,09/05/25,2025-05-16,799,Refunded,Mobile App,2025-05-18 00:00,Interpretability,Date format is ambiguous
ORD00669,CUST0675,Ananya Singh,18,Male,ananya.singh669@example.com,9872355917,Ahmedabad,Gujarat,Router,2025-04-14,2025-04-18,999,Failed,CRM,2025-02-02 00:00,Timeliness,Last updated timestamp is earlier than order date
ORD00594,CUST0701,Aditya Kumar,51,Male,aditya.kumar594@example.com,9235871265,,Uttar Pradesh,Headphones,2025-06-14,2025-06-20,499,Pending,CRM,2025-06-20 00:00,Uniqueness,Duplicate record intentionally added
ORD00053,CUST0126,Aditya Kumar,24,Female,aditya.kumar53@example.com,9489490231,Bengaluru,Karnataka,Router,2025-01-31,2025-02-10,9999999,Failed,Website,2025-02-15 00:00,Uniqueness,Duplicate record intentionally added
ORD00672,CUST0559,Pooja Nair,31,Female,pooja.nair672@example.com,9604324097,Mumbai,Maharashtra,Tablet,19/07/25,2025-07-28,59999,Failed,Website,2025-07-29 00:00,Interpretability,Date format is ambiguous
ORD00673,CUST0709,Kiran Kumar,28,Female,kiran.kumar673@example.com,9509880277,Delhi,Delhi,Headphones,2025-07-05,2025-07-07,2499,Failed,Mobile App,2025-07-11 00:00,Clean,No intentional issue
ORD00674,CUST0685,Arjun Das,46,Female,arjun.das674@example.com,9673018520,Mumbai,Maharashtra,Router,2025-10-01,2025-10-09,14999,Paid,CRM,2025-10-12 00:00,Clean,No intentional issue
ORD00675,CUST0349,Rahul Reddy,39,Male,rahul.reddy675@example.com,9874874164,Jaipur,Rajasthan,Router,2025-04-10,2025-04-18,39999,Failed,CRM,2025-04-18 00:00,Clean,No intentional issue
ORD00676,CUST0043,Rohan Chopra,60,Female,rohan.chopra676@example.com,9015063370,Jaipur,Rajasthan,Printer,2025-07-18,2025-07-24,39999,Failed,Mobile App,2025-07-25 00:00,Clean,No intentional issue
ORD00677,CUST0640,Aditya Reddy,24,Male,aditya.reddy677@example.com,9876254019,Lucknow,Uttar Pradesh,HD,2025-08-31,2025-09-08,14999,Failed,Website,2025-09-08 00:00,Interpretability,Product category is stored as unexplained code
ORD00678,CUST0308,Sai Patel,39,Female,,9402101551,Mumbai,Maharashtra,Router,2025-07-06,2025-07-08,9999,Failed,CRM,2025-07-13 00:00,Completeness,Missing value in Email
ORD00679,CUST0319,Priya Singh,25,Male,priya.singh679@example.com,9855885562,,Uttar Pradesh,Tablet,2025-10-26,2025-10-28,1499,Paid,Mobile App,2025-10-30 00:00,Completeness,Missing value in City
ORD00680,CUST0005,Vivaan Patel,44,Male,vivaan.patel680@example.com,9144352557,Madras,Tamil Nadu,Monitor,2025-01-27,2025-01-30,799,Paid,CRM,2025-02-03 00:00,Consistency,"City uses inconsistent spelling, abbreviation, or case"
ORD00681,CUST0006,Riya Jain,24,Male,riya.jain681@example.com,9685784246,Ahmedabad,Kerala,Tablet,2025-03-06,2025-03-09,59999,Pending,Call Center,2025-03-12 00:00,Accuracy,City and State do not match
ORD00682,CUST0128,Nikhil Singh,26,Female,nikhil.singh682@example.com,9726015765,Lucknow,Uttar Pradesh,Mouse,2025-10-24,2025-10-29,2499,Pending,CRM,2025-11-02 00:00,Clean,No intentional issue
ORD00127,CUST0294,Aditya Sharma,55,Male,aditya.sharma127@example.com,9654705623,Hyderabad,Telangana,Monitor,2025-04-21,2025-04-22,499,Refunded,Website,2025-04-26 00:00,Uniqueness,Duplicate record intentionally added
ORD00684,CUST0399,,44,Female,ananya.singh684@example.com,9388649424,Jaipur,Rajasthan,Monitor,2025-08-16,2025-08-20,39999,Pending,Website,2025-08-21 00:00,Completeness,Missing value in Customer_Name
ORD00685,CUST0437,Meera Iyer,36,Male,meera.iyer685@example.com,9747043228,Kolkata,West Bengal,Mobile,2025-05-28,2025-05-31,2499,Failed,Call Center,2025-06-01 00:00,Clean,No intentional issue
ORD00021,CUST0152,Pooja Nair,22,Female,pooja.nair21@example.com,9607714195,Kolkata,West Bengal,Smartwatch,2025-04-10,2025-04-17,-999,Refunded,CRM,2025-04-18 00:00,Uniqueness,Duplicate record intentionally added
ORD00436,CUST0448,Kavya Singh,37,Male,kavya.singh436@example.com,9363075066,Delhi,Delhi,Keyboard,03/08/25,2025-08-11,9999,Pending,Mobile App,2025-08-16 00:00,Uniqueness,Duplicate record intentionally added
ORD00688,CUST0484,Kiran Jain,35,Male,user@,9683837544,Kolkata,West Bengal,Smartwatch,2025-10-17,2025-10-27,4999,Paid,CRM,2025-10-30 00:00,Interpretability,Email format is difficult to interpret or invalid
ORD00689,CUST0139,Rohan Kumar,20,Male,rohan.kumar689@example.com,9223005125,Ahmedabad,Gujarat,Mouse,2025-10-01,2025-10-03,799,Refunded,Call Center,2025-10-08 00:00,Clean,No intentional issue
ORD00690,CUST0488,Aditya Singh,33,Male,aditya.singh690@example.com,9656608824,Mumbai,Maharashtra,Monitor,,2025-11-12,59999,Pending,Mobile App,2025-11-12 00:00,Completeness,Missing value in Order_Date
ORD00691,CUST0757,Riya Rao,54,Female,riya.rao691@example.com,9060211771,Hyderabad,Telangana,Mouse,2025-06-28,2025-07-04,1,Pending,Website,2025-07-04 00:00,Accuracy,Order amount is inaccurate or far outside expected range
ORD00692,CUST0643,Vivaan Mehta,46,Male,vivaan.mehta692@example.com,12345,Lucknow,Uttar Pradesh,Headphones,2025-01-17,2025-01-19,59999,Pending,CRM,2025-01-21 00:00,Believability,Phone number is not plausible
ORD00693,CUST0171,Arjun Verma,28,Male,arjun.verma693@example.com,9255699899,Mumbai,Kerala,Headphones,2025-08-01,2025-08-03,7999,Pending,Call Center,2025-08-08 00:00,Accuracy,City and State do not match
ORD00130,CUST0484,Riya Mehta,64,Male,riya.mehta130@example.com,9391908762,Delhi,Delhi,Router,2025-01-02,2025-01-03,499,Pending,Website,2024-11-28 00:00,Uniqueness,Duplicate record intentionally added
ORD00695,CUST0531,Vivaan Rao,65,Male,vivaan.rao695@example.com,9187208505,Jaipur,Rajasthan,Printer,2025-07-22,2025-08-01,59999,Pending,CRM,2025-08-01 00:00,Consistency,Payment status uses inconsistent label or case
ORD00696,CUST0144,Aditya Patel,34,Female,aditya.patel696@example.com,9826560757,Jaipur,Rajasthan,Headphones,2025-04-02,2025-04-03,7999,Refunded,Mobile App,2025-02-17 00:00,Timeliness,Last updated timestamp is earlier than order date
ORD00697,CUST0705,Aarav Sharma,18,Male,aarav.sharma697@example.com,9190753776,Hyderabad,Telangana,Laptop,2025-02-12,2025-02-18,999,Paid,Website,2025-02-18 00:00,Clean,No intentional issue
ORD00698,CUST0152,Priya Kumar,61,Male,priya.kumar698@example.com,9654490175,Jaipur,Rajasthan,Monitor,2025-05-30,2025-06-04,999,payment_done,CRM,2025-06-08 00:00,Consistency,Payment status uses inconsistent label or case
ORD00699,CUST0387,Vivaan Iyer,45,Female,vivaan.iyer699@example.com,9333554521,Hyderabad,Telangana,Laptop,2025-11-03,2025-10-31,499,Failed,Mobile App,2025-11-05 00:00,Believability,Delivery date is before order date
ORD00700,CUST0482,Vivaan Singh,280,Male,vivaan.singh700@example.com,9024856706,Lucknow,Uttar Pradesh,Mouse,2025-01-22,2025-01-31,59999,Paid,Website,2025-02-05 00:00,Accuracy,Age value is outside realistic human range
ORD00701,CUST0641,Vivaan Malhotra,25,Female,vivaan.malhotra701@example.com,9796548217,Pune,Maharashtra,Router,2025-03-05,2025-03-14,-999,Paid,Website,2025-03-16 00:00,Believability,Negative order amount is not believable for a normal sale
ORD00702,CUST0586,Kiran Rao,27,Male,kiran.rao702@example.com,9663208717,Bengaluru,Karnataka,Mouse,2025-11-13,2025-11-18,1,Pending,Call Center,2025-11-22 00:00,Accuracy,Order amount is inaccurate or far outside expected range
ORD00703,CUST0192,Aditya Gupta,20,Female,aditya.gupta703@example.com,9426362990,Pune,Maharashtra,Mouse,2026-05-25,2026-05-30,4999,Failed,CRM,2025-03-28 00:00,Timeliness,Order date is in the future
ORD00704,CUST0340,Nikhil Iyer,150,Male,nikhil.iyer704@example.com,9716663269,Delhi,Delhi,Mobile,2025-07-08,2025-07-12,14999,Pending,Mobile App,2025-07-14 00:00,Accuracy,Age value is outside realistic human range
ORD00705,CUST0105,Ananya Rao,51,Female,ananya.rao705@example,9074481092,Lucknow,Uttar Pradesh,Keyboard,2025-03-04,2025-03-11,59999,Pending,CRM,2025-03-12 00:00,Interpretability,Email format is difficult to interpret or invalid
ORD00706,CUST0769,Amit Reddy,,Female,amit.reddy706@example.com,9657334545,Delhi,Delhi,Laptop,2025-07-28,2025-07-29,59999,Paid,CRM,2025-07-29 00:00,Completeness,Missing value in Age
ORD00707,CUST0537,Amit Chopra,19,Male,amit.chopra707@example.com,9923472291,Lucknow,Uttar Pradesh,Mobile,2025-06-21,2025-06-28,799,Pending,Call Center,2025-07-02 00:00,Clean,No intentional issue
ORD00708,CUST0619,Divya Mehta,31,Female,divya.mehta708@example.com,9015725234,Chennai,Tamil Nadu,Smartwatch,2025-06-27,2025-06-25,499,Paid,CRM,2025-07-02 00:00,Believability,Delivery date is before order date
ORD00709,CUST0463,Rahul Chopra,64,Male,rahul.chopra709@example.com,9230207715,Delhi,Delhi,Smartwatch,2025-11-05,2025-11-14,999,Paid,CRM,2025-11-15 00:00,Clean,No intentional issue
ORD00710,CUST0711,Aarav Das,39,Male,aarav.das710@example.com,9074899808,Ahmedabad,Gujarat,Mouse,2025-08-08,2025-08-15,59999,Paid,Mobile App,2025-07-27 00:00,Timeliness,Last updated timestamp is earlier than order date
ORD00711,CUST0349,Aarav Kumar,27,Female,aarav.kumar711@example.com,9385154845,Mumbai,Maharashtra,Keyboard,19/04/25,2025-04-21,999,Pending,Website,2025-04-23 00:00,Interpretability,Date format is ambiguous
ORD00712,CUST0351,Kiran Patel,65,Male,kiran.patel712@example.com,9246581023,Mumbai,Maharashtra,Tablet,2025-06-05,2025-06-14,,Refunded,CRM,2025-06-15 00:00,Completeness,Missing value in Order_Amount
ORD00587,CUST0322,Neha Chopra,20,Male,neha.chopra587@example.com,999999999999999,Mumbai,Maharashtra,Monitor,2025-10-28,2025-11-07,14999,Pending,Website,2025-11-12 00:00,Uniqueness,Duplicate record intentionally added
ORD00714,CUST0549,Sneha Chopra,60,Female,sneha.chopra714@example.com,9756515278,Jaipur,Rajasthan,Smartwatch,2025-11-04,2025-11-12,799,Failed,Website,2025-11-13 00:00,Clean,No intentional issue
ORD00715,CUST0638,Amit Verma,29,Male,amit.verma715@example.com,9694317904,Pune,Maharashtra,Headphones,2025-08-09,2025-08-16,24999,PAID,Website,2025-08-19 00:00,Consistency,Payment status uses inconsistent label or case
ORD00716,CUST0004,Neha Nair,32,Female,neha.nair716@example.com,9898116635,Lucknow,Uttar Pradesh,Keyboard,2025-05-05,2025-05-14,999,Paid,Website,2025-02-24 00:00,Timeliness,Last updated timestamp is earlier than order date
ORD00717,CUST0646,Sai Kumar,60,Female,sai.kumar717@example.com,9080446611,Mumbai,Maharashtra,Router,2025-07-15,2025-07-25,-999,Failed,Mobile App,2025-07-28 00:00,Believability,Negative order amount is not believable for a normal sale
ORD00718,CUST0042,,35,Female,amit.das718@example.com,9881706569,Jaipur,Rajasthan,Headphones,2025-05-04,2025-05-14,2499,Failed,Call Center,2025-05-19 00:00,Completeness,Missing value in Customer_Name
ORD00719,CUST0068,Arjun Chopra,42,Male,arjun.chopra719@example.com,9306060704,Mumbai,Maharashtra,Mobile,2025-04-09,2025-04-19,4999,Paid,Website,2025-04-19 00:00,Clean,No intentional issue
ORD00720,CUST0018,Neha Rao,55,Female,neha.rao720@example.com,9845309877,Kolkata,West Bengal,Headphones,26/01/25,2025-02-01,1499,Failed,Call Center,2025-02-03 00:00,Interpretability,Date format is ambiguous
ORD00721,CUST0024,Sai Singh,19,Male,sai.singh721@example.com,9355012299,Ahmedabad,Gujarat,Printer,2025-07-16,2025-07-17,999,PAID,Mobile App,2025-07-19 00:00,Consistency,Payment status uses inconsistent label or case
ORD00722,CUST0695,Amit Singh,43,Male,amit.singh722@example.com,9160172561,Ahmedabad,Gujarat,Router,2025-02-10,2025-02-06,499,Pending,Call Center,2025-02-19 00:00,Believability,Delivery date is before order date
ORD00723,CUST0173,Arjun Rao,31,Female,arjun.rao723@example.com,9831359029,Mumbai,Maharashtra,Router,2025-06-01,2025-06-06,2499,Paid,Website,2025-05-18 00:00,Timeliness,Last updated timestamp is earlier than order date
ORD00724,CUST0015,Sneha Gupta,52,Male,sneha.gupta724@example.com,9868858115,Bengaluru,Kerala,Printer,2025-09-13,2025-09-22,999,Pending,Call Center,2025-09-22 00:00,Accuracy,City and State do not match
ORD00725,CUST0182,Priya Jain,49,Female,priya.jain725@example.com,9594354747,Delhi,Delhi,Mouse,2025-04-29,2025-05-08,1499,Paid,Call Center,2025-04-13 00:00,Timeliness,Last updated timestamp is earlier than order date
ORD00726,CUST0374,Meera Gupta,62,Male,meera.gupta726@example.com,9731612360,Kolkata,West Bengal,Printer,01/05/25,2025-05-08,14999,Pending,Call Center,2025-05-08 00:00,Interpretability,Date format is ambiguous
ORD00727,CUST0667,Ananya Sharma,39,Female,ananya.sharma727@example.com,9719159795,Mumbai,Kerala,Monitor,2025-07-27,2025-08-06,999,Paid,Mobile App,2025-08-10 00:00,Accuracy,City and State do not match
ORD00728,CUST0556,Divya Iyer,36,Male,divya.iyer728@example.com,9477296268,Bengaluru,Karnataka,HD,2025-01-20,2025-01-26,499,Pending,CRM,2025-01-31 00:00,Interpretability,Product category is stored as unexplained code
ORD00729,CUST0412,Ananya Gupta,58,Female,ananya.gupta729@example.com,9445919430,Hyderabad,Telangana,Printer,16/02/25,2025-02-22,999,Pending,CRM,2025-02-26 00:00,Interpretability,Date format is ambiguous
ORD00730,CUST0510,Meera Gupta,57,Female,meera.gupta730@example.com,9718354775,Kolkata,West Bengal,Router,2026-11-18,2026-11-23,24999,Refunded,CRM,2025-04-01 00:00,Timeliness,Order date is in the future
ORD00731,CUST0468,Rohan Singh,21,Female,rohan.singh731@example.com,9501257332,Hyderabad,Telangana,Keyboard,2026-03-14,2026-03-19,59999,Failed,Call Center,2025-07-31 00:00,Timeliness,Order date is in the future
ORD00732,CUST0228,Ananya Chopra,57,Female,ananya.chopra732@example.com,9819993106,Bengaluru,Karnataka,Tablet,2025-11-21,2025-11-24,123456789,Failed,Mobile App,2025-11-27 00:00,Accuracy,Order amount is inaccurate or far outside expected range
ORD00733,CUST0228,Pooja Reddy,39,Female,pooja.reddy733@example.com,9366189173,Bengaluru,Karnataka,Smartwatch,2025-03-29,2025-04-05,24999,Pending,CRM,2025-04-10 00:00,Clean,No intentional issue
ORD00734,CUST0295,Pooja Iyer,34,Female,pooja.iyer734@example.com,9821616559,Jaipur,Rajasthan,Keyboard,2025-01-09,2025-01-19,4999,Refunded,CRM,2025-01-24 00:00,Clean,No intentional issue
ORD00735,CUST0089,Divya Gupta,28,Male,divya.gupta735@example,9823343317,Delhi,Delhi,Router,2025-06-20,2025-06-30,1499,Failed,Mobile App,2025-06-30 00:00,Interpretability,Email format is difficult to interpret or invalid
ORD00736,CUST0273,Pooja Jain,51,Male,pooja.jain736@example,9918827071,Delhi,Delhi,Mouse,2025-08-18,2025-08-24,499,Paid,Call Center,2025-08-28 00:00,Interpretability,Email format is difficult to interpret or invalid
ORD00737,CUST0540,Isha Sharma,56,Male,isha.sharma737@example.com,9574895974,Ahmedabad,Gujarat,Laptop,2025-05-20,2025-05-26,999,Pending,Mobile App,2025-05-30 00:00,Clean,No intentional issue
ORD00629,CUST0107,Rahul Chopra,54,Male,rahul.chopra629@example.com,9525976743,Delhi,Delhi,Mouse,2025-02-11,2025-02-06,799,Paid,Mobile App,2025-02-22 00:00,Uniqueness,Duplicate record intentionally added
ORD00739,CUST0027,Nikhil Reddy,280,Male,nikhil.reddy739@example.com,9188083262,Pune,Maharashtra,Smartwatch,2025-03-02,2025-03-04,59999,Refunded,Website,2025-03-06 00:00,Accuracy,Age value is outside realistic human range
ORD00740,CUST0649,Priya Verma,31,Male,priya.verma740@example.com,9476225636,Chennai,Kerala,Keyboard,2025-09-04,2025-09-05,14999,Pending,Call Center,2025-09-10 00:00,Accuracy,City and State do not match
ORD00195,CUST0615,Isha Nair,62,Male,isha.nair195@example.com,9402003965,Bengaluru,Karnataka,Mouse,2025-11-22,2025-11-23,799,Pending,CRM,2025-11-26 00:00,Uniqueness,Duplicate record intentionally added
ORD00742,CUST0009,Aditya Reddy,30,Male,aditya.reddy742@example.com,9854425357,Hyderabad,Telangana,Monitor,2025-11-16,2025-11-18,-2500,Refunded,Call Center,2025-11-23 00:00,Believability,Negative order amount is not believable for a normal sale
ORD00743,CUST0643,Meera Reddy,29,Female,meera.reddy743@example.com,9211501088,Ahmedabad,Gujarat,Printer,2025-06-14,2025-06-19,59999,Failed,Call Center,2025-05-14 00:00,Timeliness,Last updated timestamp is earlier than order date
ORD00744,CUST0704,Arjun Kumar,21,Male,arjun.kumar744@example.com,9247255180,Ahmedabad,Kerala,Mobile,2025-11-27,2025-12-05,999,Paid,Website,2025-12-08 00:00,Accuracy,City and State do not match
ORD00745,CUST0311,Riya Malhotra,57,Male,riya.malhotra745@example.com,9252167258,Kolkata,West Bengal,Headphones,2025-02-21,2025-02-28,4999,P,Website,2025-03-05 00:00,Consistency,Payment status uses inconsistent label or case
ORD00746,CUST0021,Kiran Kumar,25,Female,kiran.kumar746@example.com,9522876714,Ahmedabad,Gujarat,Printer,,2025-04-26,7999,Failed,Call Center,2025-04-27 00:00,Completeness,Missing value in Order_Date
ORD00747,CUST0116,Rahul Gupta,22,Male,rahul.gupta747@example.com,9278199510,Hyderabad,Telangana,Keyboard,2025-05-07,2025-05-17,1,Refunded,CRM,2025-05-22 00:00,Accuracy,Order amount is inaccurate or far outside expected range
ORD00748,CUST0516,Vivaan Iyer,30,Male,vivaan.iyer748@example.com,9553277351,Hyderabad,Telangana,Laptop,2025-05-16,2025-05-25,9999,Refunded,Call Center,2025-05-29 00:00,Clean,No intentional issue
ORD00748,CUST0516,Vivaan Iyer,30,Male,vivaan.iyer748@example.com,9553277351,Hyderabad,Telangana,Laptop,2025-05-16,2025-05-25,9999,Refunded,Call Center,2025-05-29 00:00,Uniqueness,Duplicate record intentionally added
ORD00750,CUST0627,Riya Jain,,Male,riya.jain750@example.com,9895906461,Mumbai,Maharashtra,Monitor,2025-04-12,2025-04-20,2499,Pending,Call Center,2025-04-20 00:00,Completeness,Missing value in Age
ORD00751,CUST0118,Sai Verma,31,Male,sai.verma751@example.com,9670141117,Mumbai,Maharashtra,Printer,2025-07-29,2025-08-06,123456789,Pending,Call Center,2025-08-06 00:00,Accuracy,Order amount is inaccurate or far outside expected range
ORD00752,CUST0390,Neha Das,280,Male,neha.das752@example.com,9356488717,Delhi,Delhi,Smartwatch,2025-04-20,2025-04-21,2499,Pending,Mobile App,2025-04-24 00:00,Accuracy,Age value is outside realistic human range
ORD00053,CUST0126,Aditya Kumar,24,Female,aditya.kumar53@example.com,9489490231,Bengaluru,Karnataka,Router,2025-01-31,2025-02-10,9999999,Failed,Website,2025-02-15 00:00,Uniqueness,Duplicate record intentionally added
ORD00754,CUST0122,Aarav Das,31,Female,aarav.das754@example.com,9119553718,Bengaluru,Karnataka,Smartwatch,2025-09-12,2025-09-13,799,Pending,Mobile App,2025-09-16 00:00,Clean,No intentional issue
ORD00755,CUST0237,Sai Sharma,280,Female,sai.sharma755@example.com,9521647045,Hyderabad,Telangana,Mouse,2025-03-05,2025-03-11,24999,Pending,Call Center,2025-03-14 00:00,Accuracy,Age value is outside realistic human range
ORD00756,CUST0256,Neha Mehta,24,Female,neha.mehta756@example.com,9003995744,Chennai,Tamil Nadu,MON,2025-03-23,2025-03-24,1499,Failed,Mobile App,2025-03-24 00:00,Interpretability,Product category is stored as unexplained code
ORD00757,CUST0109,Meera Nair,61,Female,meera.nair757@example.com,9184000171,Chennai,Tamil Nadu,Monitor,2025-08-06,2025-08-09,,Failed,Website,2025-08-12 00:00,Completeness,Missing value in Order_Amount
ORD00758,CUST0529,Kavya Iyer,32,Male,kavya.iyer758@example.com,9000731581,Ahmedabad,Gujarat,MSE,2025-05-22,2025-05-24,9999,Pending,Mobile App,2025-05-27 00:00,Interpretability,Product category is stored as unexplained code
ORD00759,CUST0235,Aditya Rao,50,Male,no-email,9398299414,Kolkata,West Bengal,Printer,2025-02-22,2025-02-26,499,Refunded,CRM,2025-03-03 00:00,Interpretability,Email format is difficult to interpret or invalid
ORD00760,CUST0260,Riya Kumar,29,Female,riya.kumar760@example.com,9425398761,Jaipur,Rajasthan,Router,2025-07-01,2025-07-09,7999,Refunded,Call Center,2025-07-13 00:00,Clean,No intentional issue
ORD00052,CUST0424,,56,Female,meera.iyer52@example.com,9344046319,Mumbai,Maharashtra,Mobile,2025-10-10,2025-10-14,7999,Refunded,CRM,2025-10-15 00:00,Uniqueness,Duplicate record intentionally added
ORD00762,CUST0242,Meera Nair,49,Female,meera.nair762@example.com,9590778620,Mumbai,Maharashtra,Monitor,20/01/25,2025-01-21,59999,Failed,Website,2025-01-25 00:00,Interpretability,Date format is ambiguous
ORD00392,CUST0714,Isha Kumar,39,Female,isha.kumar392@example.com,9975037809,Ahmedabad,Gujarat,Keyboard,2026-03-13,2026-03-18,799,Failed,Mobile App,2025-07-29 00:00,Uniqueness,Duplicate record intentionally added
ORD00764,CUST0294,Divya Iyer,65,Female,divya.iyer764@example.com,9945287426,Mumbai,Maharashtra,Mouse,2025-07-15,2025-07-17,-2500,Pending,Mobile App,2025-07-20 00:00,Believability,Negative order amount is not believable for a normal sale
ORD00765,CUST0053,Meera Das,18,Male,meera.das765@example.com,9585100160,Pune,Maharashtra,Headphones,,2025-08-12,499,Pending,Mobile App,2025-08-15 00:00,Completeness,Missing value in Order_Date
ORD00766,CUST0521,Aditya Rao,41,Female,aditya.rao766@example.com,0000000000,Bengaluru,Karnataka,Mobile,2025-02-12,2025-02-20,499,Failed,Mobile App,2025-02-25 00:00,Believability,Phone number is not plausible
ORD00685,CUST0437,Meera Iyer,36,Male,meera.iyer685@example.com,9747043228,Kolkata,West Bengal,Mobile,2025-05-28,2025-05-31,2499,Failed,Call Center,2025-06-01 00:00,Uniqueness,Duplicate record intentionally added
ORD00768,CUST0517,Aditya Malhotra,280,Female,aditya.malhotra768@example.com,9173968600,Lucknow,Uttar Pradesh,Monitor,2025-03-26,2025-04-05,39999,Refunded,Mobile App,2025-04-09 00:00,Accuracy,Age value is outside realistic human range
ORD00769,CUST0500,Aditya Das,55,Female,aditya.das769@example.com,9286533195,Mumbai,Kerala,Keyboard,2025-08-07,2025-08-08,9999,Pending,Call Center,2025-08-09 00:00,Accuracy,City and State do not match
ORD00770,CUST0272,Vivaan Malhotra,56,Female,vivaan.malhotra770@example.com,9942514133,Pune,Maharashtra,Smartwatch,2025-07-12,2025-07-19,14999,Pending,Website,2025-07-24 00:00,Clean,No intentional issue
ORD00771,CUST0548,Ananya Nair,33,Female,ananya.nair771@example,9462049319,Pune,Maharashtra,Router,2025-10-07,2025-10-10,499,Pending,Call Center,2025-10-12 00:00,Interpretability,Email format is difficult to interpret or invalid
ORD00772,CUST0678,Aarav Nair,22,Male,aarav.nair772@example.com,9758987127,Pune,Maharashtra,Mobile,2025-04-20,2025-04-22,24999,PAID,CRM,2025-04-24 00:00,Consistency,Payment status uses inconsistent label or case
ORD00773,CUST0369,Vivaan Malhotra,34,Female,vivaan.malhotra773@example.com,9923110301,Jaipur,Rajasthan,Router,2025-02-18,2025-02-25,4999,Pending,Mobile App,2025-02-26 00:00,Consistency,Payment status uses inconsistent label or case
ORD00774,CUST0552,Kavya Kumar,22,Female,,9550590481,Ahmedabad,Gujarat,Mobile,2025-09-22,2025-09-25,59999,Failed,Mobile App,2025-09-29 00:00,Completeness,Missing value in Email
ORD00775,CUST0560,Kavya Iyer,24,Male,kavya.iyer775@example.com,0000000000,Chennai,Tamil Nadu,Smartwatch,2025-04-05,2025-04-12,39999,Refunded,Call Center,2025-04-14 00:00,Believability,Phone number is not plausible
ORD00776,CUST0614,Priya Singh,55,Female,priya.singh776@example.com,9606436363,Chennai,Tamil Nadu,Laptop,2026-02-02,2026-02-07,24999,Pending,CRM,2025-03-05 00:00,Timeliness,Order date is in the future
ORD00777,CUST0528,Rohan Chopra,56,Female,rohan.chopra777@example.com,12345,Delhi,Delhi,Mouse,2025-06-10,2025-06-14,7999,Pending,Mobile App,2025-06-14 00:00,Believability,Phone number is not plausible
ORD00778,CUST0421,Rahul Sharma,36,Female,rahul.sharma778@example.com,9072073437,Kolkata,West Bengal,Monitor,2025-10-13,2025-10-23,-2500,Refunded,Mobile App,2025-10-26 00:00,Believability,Negative order amount is not believable for a normal sale
ORD00779,CUST0249,Meera Das,37,Female,meera.das779@example.com,9837878147,Delhi,Delhi,Tablet,2025-09-17,2025-09-27,,Refunded,CRM,2025-09-28 00:00,Completeness,Missing value in Order_Amount
ORD00780,CUST0180,Priya Nair,56,Female,priya.nair780@example.com,9117494631,Delhi,Delhi,LPT,2025-01-05,2025-01-12,999,Pending,Mobile App,2025-01-12 00:00,Interpretability,Product category is stored as unexplained code
ORD00781,CUST0530,Aarav Verma,23,Male,aarav.verma781@example.com,9690951594,Pune,Maharashtra,Mobile,2025-02-17,2025-02-23,14999,Failed,Call Center,2025-02-27 00:00,Clean,No intentional issue
ORD00782,CUST0139,Sai Rao,23,Male,sai.rao782@example.com,9942180790,Lucknow,Uttar Pradesh,Smartwatch,2025-07-03,2025-07-11,1,Failed,Mobile App,2025-07-14 00:00,Accuracy,Order amount is inaccurate or far outside expected range
ORD00783,CUST0272,Rohan Kumar,40,Female,rohan.kumar783@example.com,9911662327,Jaipur,Rajasthan,Laptop,2025-08-25,2025-09-03,,Pending,Mobile App,2025-09-05 00:00,Completeness,Missing value in Order_Amount
ORD00784,CUST0144,Kavya Patel,37,Female,kavya.patel784@example.com,9917476796,Pune,Maharashtra,Printer,2025-06-23,2025-06-26,1499,Paid,CRM,2025-05-03 00:00,Timeliness,Last updated timestamp is earlier than order date
ORD00785,CUST0174,Amit Rao,60,Female,amit.rao785@example.com,9883058079,bengaluru,Karnataka,Printer,2025-03-28,2025-03-29,1499,Refunded,CRM,2025-04-03 00:00,Consistency,"City uses inconsistent spelling, abbreviation, or case"
ORD00786,CUST0236,Amit Sharma,42,Male,amit.sharma786@example.com,0000000000,Chennai,Tamil Nadu,Router,2025-09-15,2025-09-18,2499,Pending,Call Center,2025-09-20 00:00,Believability,Phone number is not plausible
ORD00787,CUST0545,Kavya Singh,29,Female,kavya.singh787@example.com,9253062750,Pune,Maharashtra,Monitor,2025-07-04,2025-07-09,2499,Pending,Mobile App,2025-07-09 00:00,Consistency,Payment status uses inconsistent label or case
ORD00788,CUST0582,Arjun Reddy,52,Female,arjun.reddy788@example.com,9595787539,Jaipur,Rajasthan,Router,2025-05-11,2025-05-20,-999,Refunded,Call Center,2025-05-24 00:00,Believability,Negative order amount is not believable for a normal sale
ORD00789,CUST0259,Arjun Patel,46,Male,arjun.patel789@example.com,9112524527,Pune,Maharashtra,Mouse,2025-04-30,2025-05-01,799,Refunded,Website,2025-05-06 00:00,Clean,No intentional issue
ORD00790,CUST0592,Isha Gupta,19,Female,isha.gupta790@example.com,9521011100,Bengaluru,Karnataka,Smartwatch,2026-01-25,2026-01-30,14999,Paid,Call Center,2025-04-26 00:00,Timeliness,Order date is in the future
ORD00283,CUST0095,Sai Mehta,53,Male,sai.mehta283@example.com,9361577108,Pune,Maharashtra,Laptop,2025-07-25,2025-08-04,1499,Refunded,CRM,2025-08-06 00:00,Uniqueness,Duplicate record intentionally added
ORD00792,CUST0101,Kavya Das,53,Male,kavya.das792@example.com,9017084138,Delhi,Delhi,Keyboard,2025-06-08,2025-06-15,24999,Failed,Mobile App,2025-06-20 00:00,Clean,No intentional issue
ORD00793,CUST0276,Riya Kumar,46,Male,riya.kumar793@example.com,9006920089,Chennai,Tamil Nadu,Laptop,2025-01-24,2025-01-31,7999,Refunded,Website,2025-02-03 00:00,Clean,No intentional issue
ORD00794,CUST0536,Aarav Das,46,Female,aarav.das794@example.com,9635142537,Mumbai,Kerala,Mouse,2025-11-11,2025-11-21,2499,Refunded,Call Center,2025-11-21 00:00,Accuracy,City and State do not match
ORD00795,CUST0542,Meera Das,18,Male,meera.das795@example.com,9964633514,Jaipur,Rajasthan,Mouse,2025-10-13,2025-10-12,14999,Paid,CRM,2025-10-25 00:00,Believability,Delivery date is before order date
ORD00796,CUST0016,Divya Rao,26,Male,divya.rao796@example.com,9308795997,MUM,Maharashtra,Headphones,2025-08-09,2025-08-15,9999,Pending,Mobile App,2025-08-18 00:00,Consistency,"City uses inconsistent spelling, abbreviation, or case"
ORD00797,CUST0190,Arjun Gupta,49,Female,arjun.gupta797@example.com,9706852659,Pune,Maharashtra,Mobile,2025-03-12,2025-03-20,2499,PAID,Call Center,2025-03-24 00:00,Consistency,Payment status uses inconsistent label or case
ORD00798,CUST0749,Sai Nair,48,Female,sai.nair798@example.com,9391563804,Jaipur,Rajasthan,Smartwatch,,2025-02-16,499,Failed,Website,2025-02-21 00:00,Completeness,Missing value in Order_Date
ORD00799,CUST0722,Sai Reddy,41,Female,sai.reddy799@example.com,9849421841,Hyderabad,Telangana,Smartwatch,2025-01-10,2025-01-11,799,Refunded,Website,2025-01-12 00:00,Clean,No intentional issue
ORD00800,CUST0706,Divya Singh,64,Female,divya.singh800@example.com,9240909597,Hyderabad,Telangana,Laptop,2025-02-15,2025-02-23,-999,Pending,CRM,2025-02-24 00:00,Believability,Negative order amount is not believable for a normal sale
ORD00801,CUST0112,Isha Mehta,62,Male,isha.mehta801@example.com,9963470398,Mumbai,Maharashtra,Mobile,,2025-10-28,499,Pending,Call Center,2025-10-31 00:00,Completeness,Missing value in Order_Date
ORD00535,CUST0672,Meera Patel,46,Male,meera.patel535@example.com,12345,Bengaluru,Karnataka,Mouse,2025-05-28,2025-05-29,14999,Failed,CRM,2025-06-01 00:00,Uniqueness,Duplicate record intentionally added
ORD00803,CUST0119,Meera Kumar,55,Male,meera.kumar803@example.com,9479751488,Kolkata,Kerala,Keyboard,2025-03-09,2025-03-19,2499,Failed,CRM,2025-03-22 00:00,Accuracy,City and State do not match
ORD00804,CUST0702,Aditya Sharma,34,Female,aditya.sharma804@example.com,9142977458,Hyd,Telangana,Headphones,2025-06-30,2025-07-09,39999,Refunded,Website,2025-07-10 00:00,Consistency,"City uses inconsistent spelling, abbreviation, or case"
ORD00805,CUST0199,Kavya Iyer,21,Female,kavya.iyer805@example.com,9527225131,Pune,Maharashtra,Router,2025-08-11,2025-08-12,59999,Refunded,Website,2025-05-22 00:00,Timeliness,Last updated timestamp is earlier than order date
ORD00806,CUST0052,Nikhil Kumar,26,Male,nikhil.kumar806@example.com,9343091570,Chennai,Tamil Nadu,Keyboard,2025-01-28,2025-01-25,9999,Failed,CRM,2025-02-10 00:00,Believability,Delivery date is before order date
ORD00807,CUST0474,Arjun Sharma,49,Female,user@,9790903296,Hyderabad,Telangana,Smartwatch,2025-02-22,2025-02-26,799,Paid,CRM,2025-02-26 00:00,Interpretability,Email format is difficult to interpret or invalid
ORD00808,CUST0085,,63,Female,aarav.kumar808@example.com,9619793908,Delhi,Delhi,Keyboard,2025-05-18,2025-05-20,39999,Pending,CRM,2025-05-20 00:00,Completeness,Missing value in Customer_Name
ORD00809,CUST0449,Priya Rao,64,Male,no-email,9294778459,Chennai,Tamil Nadu,Smartwatch,2025-05-13,2025-05-21,39999,Failed,Mobile App,2025-05-21 00:00,Interpretability,Email format is difficult to interpret or invalid
ORD00810,CUST0285,Vivaan Sharma,43,Female,vivaan.sharma810@example.com,9398456705,Lucknow,Uttar Pradesh,Tablet,2025-06-05,2025-06-06,1499,Paid,CRM,2025-06-06 00:00,Clean,No intentional issue
ORD00811,CUST0047,Priya Malhotra,57,Male,priya.malhotra811@example.com,9300955634,,Rajasthan,Keyboard,2025-06-27,2025-07-01,4999,Failed,CRM,2025-07-02 00:00,Completeness,Missing value in City
ORD00161,CUST0656,Sai Rao,64,Male,sai.rao161@example.com,9250966064,Lucknow,Uttar Pradesh,Router,2025-03-28,2025-03-30,1,Paid,Call Center,2025-04-02 00:00,Uniqueness,Duplicate record intentionally added
ORD00813,CUST0321,Priya Singh,280,Male,priya.singh813@example.com,9281151019,Bengaluru,Karnataka,Keyboard,2025-01-06,2025-01-08,9999,Pending,Website,2025-01-11 00:00,Accuracy,Age value is outside realistic human range
ORD00814,CUST0048,Priya Chopra,24,Male,priya.chopra814@example.com,9307595219,Hyderabad,Telangana,Laptop,2026-03-12,2026-03-17,39999,Refunded,CRM,2025-10-26 00:00,Timeliness,Order date is in the future
ORD00711,CUST0349,Aarav Kumar,27,Female,aarav.kumar711@example.com,9385154845,Mumbai,Maharashtra,Keyboard,19/04/25,2025-04-21,999,Pending,Website,2025-04-23 00:00,Uniqueness,Duplicate record intentionally added
ORD00816,CUST0712,Sai Gupta,41,Female,no-email,9504031751,Jaipur,Rajasthan,Headphones,2025-02-09,2025-02-14,9999,Refunded,Call Center,2025-02-14 00:00,Interpretability,Email format is difficult to interpret or invalid
ORD00817,CUST0005,Divya Jain,60,Male,divya.jain817@example.com,9654752350,Mumbai,Maharashtra,Keyboard,2025-09-26,2025-09-22,14999,Refunded,Mobile App,2025-10-03 00:00,Believability,Delivery date is before order date
ORD00818,CUST0243,Rahul Jain,62,Male,rahul.jain818@example.com,9476809619,Kolkata,West Bengal,Router,2025-09-22,2025-09-23,59999,Paid,Call Center,2025-09-25 00:00,Clean,No intentional issue
ORD00819,CUST0002,Neha Patel,39,Female,,9056568261,Hyderabad,Telangana,Mobile,2025-09-21,2025-09-24,999,Refunded,Mobile App,2025-09-25 00:00,Completeness,Missing value in Email
ORD00820,CUST0617,Pooja Patel,150,Male,pooja.patel820@example.com,9776771692,Bengaluru,Karnataka,Router,2025-02-26,2025-02-28,7999,Failed,Website,2025-03-04 00:00,Accuracy,Age value is outside realistic human range
ORD00821,CUST0096,Meera Gupta,40,Male,meera.gupta821@example.com,9484309075,Mumbai,Maharashtra,Tablet,2026-10-28,2026-11-02,499,Pending,Call Center,2025-07-18 00:00,Timeliness,Order date is in the future
ORD00822,CUST0700,,52,Male,arjun.nair822@example.com,9867436817,Bengaluru,Karnataka,Mobile,2025-01-12,2025-01-15,24999,Paid,Website,2025-01-18 00:00,Completeness,Missing value in Customer_Name
ORD00823,CUST0084,Kiran Rao,65,Female,kiran.rao823@example.com,9821453538,Mumbai,Maharashtra,Smartwatch,2025-07-18,2025-07-25,999,Pending,Call Center,2025-07-12 00:00,Timeliness,Last updated timestamp is earlier than order date
ORD00824,CUST0062,Sneha Rao,62,Female,sneha.rao824@example.com,9327264496,Bengaluru,Karnataka,Mobile,20/10/25,2025-10-29,7999,Failed,Website,2025-10-31 00:00,Interpretability,Date format is ambiguous
ORD00825,CUST0395,Kavya Singh,18,Female,kavya.singh825@example.com,9181212418,Lucknow,Uttar Pradesh,Mouse,2025-03-27,2025-04-04,1499,Pending,Mobile App,2025-04-05 00:00,Clean,No intentional issue
ORD00826,CUST0753,Isha Jain,38,Female,isha.jain826@example.com,9499679123,Bengaluru,Karnataka,Mobile,21/09/25,2025-09-30,39999,Paid,CRM,2025-10-04 00:00,Interpretability,Date format is ambiguous
ORD00827,CUST0192,Sneha Patel,32,Male,,9863229906,Jaipur,Rajasthan,Keyboard,2025-05-03,2025-05-06,59999,Failed,CRM,2025-05-09 00:00,Completeness,Missing value in Email
ORD00828,CUST0578,Neha Gupta,43,Male,neha.gupta828@example.com,9647477979,Chennai,Tamil Nadu,Monitor,2025-07-09,2025-07-17,59999,Refunded,Mobile App,2025-07-22 00:00,Clean,No intentional issue
ORD00829,CUST0442,Ananya Rao,45,Female,ananya.rao829@example.com,9220335959,Lucknow,Uttar Pradesh,Printer,2025-05-19,2025-05-17,7999,Refunded,Mobile App,2025-05-26 00:00,Believability,Delivery date is before order date
ORD00830,CUST0116,Sneha Nair,27,Female,sneha.nair830@example.com,9824913792,Chennai,Tamil Nadu,Smartwatch,2025-07-15,2025-07-22,9999999,Refunded,Call Center,2025-07-23 00:00,Accuracy,Order amount is inaccurate or far outside expected range
ORD00831,CUST0219,Kiran Mehta,52,Male,kiran.mehta831@example.com,12345,Delhi,Delhi,Headphones,2025-08-01,2025-08-03,2499,Failed,CRM,2025-08-05 00:00,Believability,Phone number is not plausible
ORD00832,CUST0161,Rahul Reddy,25,Male,rahul.reddy832@example.com,9286718542,,Tamil Nadu,Router,2025-08-17,2025-08-19,14999,Failed,Call Center,2025-08-21 00:00,Completeness,Missing value in City
ORD00450,CUST0616,Amit Sharma,49,Female,amit.sharma450@example.com,9335268992,Hyderabad,Telangana,Monitor,,2025-08-06,799,Refunded,Call Center,2025-08-07 00:00,Uniqueness,Duplicate record intentionally added
ORD00124,CUST0321,Kavya Jain,26,Female,kavya.jain124@example.com,9323886605,Mumbai,Maharashtra,Tablet,2025-07-16,2025-07-18,59999,Paid,Website,2025-04-26 00:00,Uniqueness,Duplicate record intentionally added
ORD00353,CUST0481,Vivaan Reddy,37,Female,vivaan.reddy353@example.com,9333056058,Jaipur,Rajasthan,Keyboard,2026-04-14,2026-04-19,14999,Pending,CRM,2025-06-20 00:00,Uniqueness,Duplicate record intentionally added
ORD00231,CUST0704,Sai Reddy,150,Female,sai.reddy231@example.com,9007184613,Lucknow,Uttar Pradesh,Smartwatch,2025-11-10,2025-11-14,24999,Pending,Call Center,2025-11-15 00:00,Uniqueness,Duplicate record intentionally added
ORD00837,CUST0051,Sai Rao,45,Female,sai.rao837@example.com,9545349788,Mumbai,Maharashtra,Router,2026-09-10,2026-09-15,9999,Refunded,Website,2025-06-30 00:00,Timeliness,Order date is in the future
ORD00838,CUST0092,Arjun Reddy,43,Male,arjun.reddy838@example.com,9947697524,CHE,Tamil Nadu,Router,2025-04-24,2025-05-03,39999,Pending,Website,2025-05-08 00:00,Consistency,"City uses inconsistent spelling, abbreviation, or case"
ORD00839,CUST0300,Sai Reddy,31,Male,sai.reddy839@example.com,9215671896,Bengaluru,Karnataka,Headphones,2025-03-24,2025-04-02,1,Paid,Website,2025-04-06 00:00,Accuracy,Order amount is inaccurate or far outside expected range
ORD00840,CUST0069,Vivaan Kumar,29,Female,vivaan.kumar840@example.com,9810372806,Delhi,Delhi,Keyboard,2025-01-26,2025-02-02,1499,Refunded,Website,2025-02-03 00:00,Clean,No intentional issue
ORD00841,CUST0677,Nikhil Das,25,Female,,9076284307,Bengaluru,Karnataka,Laptop,2025-02-06,2025-02-10,7999,Pending,Call Center,2025-02-13 00:00,Completeness,Missing value in Email
ORD00842,CUST0080,Kiran Nair,22,Male,kiran.nair842@example.com,9593409075,Mumbai,Maharashtra,Keyboard,2025-02-14,2025-02-09,59999,Failed,Website,2025-02-21 00:00,Believability,Delivery date is before order date
ORD00441,CUST0016,Rohan Iyer,36,Female,rohan.iyer441@example.com,9078573154,Pune,Kerala,Monitor,2025-08-01,2025-08-05,499,Refunded,Call Center,2025-08-05 00:00,Uniqueness,Duplicate record intentionally added
ORD00844,CUST0169,Divya Kumar,47,Female,divya.kumar844@example.com,9482791437,Kolkata,West Bengal,Laptop,2025-10-17,2025-10-26,9999,Pending,Call Center,2025-10-26 00:00,Clean,No intentional issue
ORD00845,CUST0702,Riya Iyer,150,Female,riya.iyer845@example.com,9596266330,Jaipur,Rajasthan,Mouse,2025-06-30,2025-07-04,39999,Pending,Mobile App,2025-07-09 00:00,Accuracy,Age value is outside realistic human range
ORD00846,CUST0577,Vivaan Reddy,25,Male,vivaan.reddy846@example.com,9672001943,Chennai,Tamil Nadu,Laptop,2025-06-28,2025-06-23,7999,Failed,Call Center,2025-07-08 00:00,Believability,Delivery date is before order date
ORD00847,CUST0035,Meera Nair,46,Female,meera.nair847@example.com,0000000000,Mumbai,Maharashtra,Mouse,2025-04-14,2025-04-21,4999,Refunded,Mobile App,2025-04-26 00:00,Believability,Phone number is not plausible
ORD00848,CUST0329,Meera Gupta,23,Male,meera.gupta848@example.com,9265713114,Lucknow,Uttar Pradesh,Keyboard,2026-02-11,2026-02-16,59999,Refunded,Website,2025-03-23 00:00,Timeliness,Order date is in the future
ORD00849,CUST0306,Priya Nair,36,Female,priya.nair849@example.com,9978922777,Lucknow,Uttar Pradesh,MSE,2025-06-28,2025-07-03,7999,Refunded,Mobile App,2025-07-04 00:00,Interpretability,Product category is stored as unexplained code
ORD00850,CUST0232,Riya Malhotra,56,Male,riya.malhotra850@example.com,9524078612,Lucknow,Uttar Pradesh,Tablet,2025-05-13,2025-05-18,-2500,Refunded,Mobile App,2025-05-20 00:00,Believability,Negative order amount is not believable for a normal sale
ORD00851,CUST0063,Pooja Jain,31,Female,pooja.jain851@example.com,9614038516,Mumbai,Maharashtra,Tablet,2026-10-28,2026-11-02,499,Refunded,Call Center,2025-03-25 00:00,Timeliness,Order date is in the future
ORD00852,CUST0391,Sai Chopra,26,Male,sai.chopra852@example.com,9916581731,Delhi,Delhi,Laptop,2025-01-22,2025-01-27,1,Refunded,CRM,2025-01-29 00:00,Accuracy,Order amount is inaccurate or far outside expected range
ORD00853,CUST0569,Sneha Chopra,40,Female,sneha.chopra853@example.com,9990520751,Delhi,Delhi,Keyboard,2026-02-08,2026-02-13,39999,Refunded,Mobile App,2025-11-01 00:00,Timeliness,Order date is in the future
ORD00854,CUST0687,Rohan Malhotra,52,Female,rohan.malhotra854@example.com,9702322213,Hyderabad,Telangana,TBL,2025-06-01,2025-06-04,1499,Refunded,Call Center,2025-06-05 00:00,Interpretability,Product category is stored as unexplained code
ORD00855,CUST0725,Neha Jain,62,Female,neha.jain855@example.com,9852791806,Jaipur,Rajasthan,Laptop,2026-08-28,2026-09-02,39999,Failed,Call Center,2025-01-31 00:00,Timeliness,Order date is in the future
ORD00856,CUST0168,Kiran Rao,150,Female,kiran.rao856@example.com,9159434389,Delhi,Delhi,Keyboard,2025-01-30,2025-02-02,1499,Failed,Website,2025-02-02 00:00,Accuracy,Age value is outside realistic human range
ORD00857,CUST0210,Divya Das,32,Male,divya.das857@example.com,9822240664,Bengaluru,Karnataka,Laptop,2025-03-10,2025-03-16,7999,Paid,Call Center,2025-01-12 00:00,Timeliness,Last updated timestamp is earlier than order date
ORD00858,CUST0058,Kavya Reddy,48,Female,kavya.reddy858@example.com,9099752422,Chennai,Tamil Nadu,Tablet,,2025-02-02,2499,Failed,Website,2025-02-03 00:00,Completeness,Missing value in Order_Date
ORD00859,CUST0054,Nikhil Gupta,22,Male,nikhil.gupta859@example.com,9808792847,Mumbai,Maharashtra,Printer,2025-03-25,2025-03-28,39999,Pending,CRM,2025-03-30 00:00,Clean,No intentional issue
ORD00860,CUST0052,Pooja Mehta,58,Female,pooja.mehta860@example.com,9362847415,Chennai,Tamil Nadu,Monitor,2025-07-31,2025-08-02,123456789,Pending,CRM,2025-08-04 00:00,Accuracy,Order amount is inaccurate or far outside expected range
ORD00861,CUST0743,Vivaan Das,55,Female,vivaan.das861@example.com,9794647011,Kolkata,West Bengal,Mouse,2025-10-01,2025-10-06,59999,Failed,CRM,2025-10-10 00:00,Clean,No intentional issue
ORD00862,CUST0076,Arjun Iyer,47,Male,abc.com,9408206211,Delhi,Delhi,Keyboard,2025-10-11,2025-10-18,59999,Paid,Mobile App,2025-10-23 00:00,Interpretability,Email format is difficult to interpret or invalid
ORD00863,CUST0226,Arjun Gupta,24,Male,arjun.gupta863@example.com,12345,Bengaluru,Karnataka,Headphones,2025-09-10,2025-09-17,59999,Failed,Mobile App,2025-09-18 00:00,Believability,Phone number is not plausible
ORD00864,CUST0019,Amit Malhotra,30,Male,amit.malhotra864@example.com,9384590480,Jaipur,Rajasthan,TBL,2025-04-14,2025-04-19,2499,Failed,Mobile App,2025-04-22 00:00,Interpretability,Product category is stored as unexplained code
ORD00865,CUST0719,Neha Mehta,40,Male,neha.mehta865@example.com,9936295321,Lucknow,Uttar Pradesh,Keyboard,2025-04-08,2025-04-16,9999,Failed,Call Center,2025-03-18 00:00,Timeliness,Last updated timestamp is earlier than order date
ORD00866,CUST0620,Ananya Nair,280,Male,ananya.nair866@example.com,9165912099,Kolkata,West Bengal,Mobile,2025-07-24,2025-07-30,14999,Paid,Call Center,2025-07-31 00:00,Accuracy,Age value is outside realistic human range
ORD00867,CUST0419,Priya Das,60,Female,priya.das867@example.com,9162714066,Delhi,Delhi,Mouse,06/05/25,2025-05-14,39999,Pending,CRM,2025-05-19 00:00,Interpretability,Date format is ambiguous
ORD00868,CUST0548,Priya Verma,30,Male,priya.verma868@example.com,9828061191,Mumbai,Maharashtra,Tablet,2026-12-07,2026-12-12,499,Failed,CRM,2025-10-08 00:00,Timeliness,Order date is in the future
ORD00869,CUST0009,Arjun Jain,41,Male,arjun.jain869@example.com,9155253978,,West Bengal,Router,2025-08-02,2025-08-11,9999,Refunded,CRM,2025-08-13 00:00,Completeness,Missing value in City
ORD00870,CUST0398,Rahul Nair,,Female,rahul.nair870@example.com,9628771412,Ahmedabad,Gujarat,Router,2025-09-03,2025-09-07,4999,Failed,Website,2025-09-12 00:00,Completeness,Missing value in Age
ORD00871,CUST0292,Kavya Das,27,Male,kavya.das871@example.com,9122924587,Mumbai,Maharashtra,Tablet,,2025-04-05,2499,Paid,CRM,2025-04-05 00:00,Completeness,Missing value in Order_Date
ORD00553,CUST0517,Sneha Das,49,Male,sneha.das553@example.com,0000000000,Jaipur,Rajasthan,Laptop,2025-09-20,2025-09-26,499,Refunded,CRM,2025-09-26 00:00,Uniqueness,Duplicate record intentionally added
ORD00873,CUST0184,Priya Rao,52,Female,priya.rao873@example.com,9288503698,Delhi,Delhi,Mobile,02/01/25,2025-01-08,39999,Paid,Website,2025-01-10 00:00,Interpretability,Date format is ambiguous
ORD00874,CUST0233,Divya Sharma,21,Female,divya.sharma874@example.com,9158858682,Kolkata,West Bengal,Router,2025-08-10,2025-08-13,9999,Refunded,Call Center,2025-06-06 00:00,Timeliness,Last updated timestamp is earlier than order date
ORD00875,CUST0313,Priya Mehta,25,Female,priya.mehta875@example.com,9919167226,Bengaluru,Karnataka,Mouse,21/08/25,2025-08-23,1499,Refunded,CRM,2025-08-27 00:00,Interpretability,Date format is ambiguous
ORD00876,CUST0494,Rohan Singh,29,Female,rohan.singh876@example.com,9400778169,Lucknow,Uttar Pradesh,Mobile,2025-09-28,2025-10-06,4999,Paid,CRM,2025-10-09 00:00,Clean,No intentional issue
ORD00877,CUST0712,Kiran Rao,22,Male,kiran.rao877@example.com,9194865261,Ahmedabad,Gujarat,Smartwatch,2025-08-16,2025-08-23,799,Refunded,CRM,2025-08-27 00:00,Clean,No intentional issue
ORD00878,CUST0097,Sai Jain,43,Female,sai.jain878@example,9143559322,Chennai,Tamil Nadu,Mouse,2025-10-01,2025-10-08,999,Failed,Call Center,2025-10-12 00:00,Interpretability,Email format is difficult to interpret or invalid
ORD00879,CUST0605,Nikhil Malhotra,26,Male,nikhil.malhotra879@example.com,9937530074,Ahmedabad,Gujarat,Monitor,2025-11-18,2025-11-26,999,P,Call Center,2025-11-29 00:00,Consistency,Payment status uses inconsistent label or case
ORD00880,CUST0421,Divya Chopra,54,Female,divya.chopra880@example.com,9424933581,Kolkata,West Bengal,Monitor,2025-02-08,2025-02-17,1499,Pending,Call Center,2025-02-17 00:00,Consistency,Payment status uses inconsistent label or case
ORD00881,CUST0335,Isha Sharma,34,Female,isha.sharma881@example.com,9918039045,Chennai,Tamil Nadu,Laptop,,2025-11-09,39999,Refunded,CRM,2025-11-09 00:00,Completeness,Missing value in Order_Date
ORD00882,CUST0043,Rahul Patel,52,Female,rahul.patel882@example.com,9338567289,Chennai,Tamil Nadu,Router,2025-02-23,2025-02-27,499,Pending,Mobile App,2025-02-21 00:00,Timeliness,Last updated timestamp is earlier than order date
ORD00883,CUST0400,Sai Malhotra,46,Female,,9745856093,Hyderabad,Telangana,Laptop,2025-01-01,2025-01-05,499,Failed,Mobile App,2025-01-10 00:00,Completeness,Missing value in Email
ORD00884,CUST0020,Riya Rao,46,Female,,9651880623,Kolkata,West Bengal,Printer,2025-10-19,2025-10-20,14999,Refunded,CRM,2025-10-25 00:00,Completeness,Missing value in Email
ORD00885,CUST0352,Nikhil Patel,34,Male,nikhil.patel885@example.com,9959833017,Lucknow,Uttar Pradesh,Smartwatch,2025-01-23,2025-01-30,9999,P,CRM,2025-02-04 00:00,Consistency,Payment status uses inconsistent label or case
ORD00886,CUST0624,Divya Nair,45,Female,divya.nair886@example.com,12345,Bengaluru,Karnataka,Keyboard,2025-08-06,2025-08-09,999,Pending,Mobile App,2025-08-09 00:00,Believability,Phone number is not plausible
ORD00404,CUST0691,Kavya Jain,52,Female,kavya.jain404@example.com,9979131304,Delhi,Delhi,Router,2026-12-15,2026-12-20,24999,Refunded,Website,2025-11-10 00:00,Uniqueness,Duplicate record intentionally added
ORD00888,CUST0161,Sai Mehta,29,Male,sai.mehta888@example.com,9426765733,Mumbai,Maharashtra,Printer,2025-05-02,2025-04-30,39999,Refunded,Website,2025-05-08 00:00,Believability,Delivery date is before order date
ORD00889,CUST0630,Ananya Reddy,63,Female,ananya.reddy889@example.com,9003080304,Bombay,Maharashtra,Mouse,2025-03-01,2025-03-10,4999,Refunded,Mobile App,2025-03-12 00:00,Consistency,"City uses inconsistent spelling, abbreviation, or case"
ORD00890,CUST0473,Ananya Mehta,31,Female,ananya.mehta890@example.com,0000000000,Bengaluru,Karnataka,Monitor,2025-08-13,2025-08-22,59999,Failed,Website,2025-08-22 00:00,Believability,Phone number is not plausible
ORD00891,CUST0039,Rohan Rao,25,Male,rohan.rao891@example.com,9558853151,Kolkata,West Bengal,Mobile,2025-02-05,2025-02-09,1499,Pending,Mobile App,2025-02-12 00:00,Clean,No intentional issue
ORD00892,CUST0335,Kavya Reddy,38,Male,kavya.reddy892@example.com,9823287058,Chennai,Tamil Nadu,Headphones,2026-05-31,2026-06-05,59999,Failed,Mobile App,2025-03-15 00:00,Timeliness,Order date is in the future
ORD00893,CUST0067,Kiran Chopra,42,Female,kiran.chopra893@example.com,9928162372,Mumbai,Maharashtra,Printer,,2025-08-22,999,Refunded,Mobile App,2025-08-26 00:00,Completeness,Missing value in Order_Date
ORD00894,CUST0234,Riya Nair,19,Male,riya.nair894@example.com,9552971754,Mumbai,Maharashtra,Laptop,2025-09-30,2025-10-10,14999,Failed,Mobile App,2025-10-13 00:00,Clean,No intentional issue
ORD00895,CUST0380,Rahul Mehta,36,Female,rahul.mehta895@example.com,9458883735,Pune,Maharashtra,Router,2025-09-22,2025-09-27,24999,Refunded,CRM,2025-10-01 00:00,Clean,No intentional issue
ORD00896,CUST0307,Vivaan Reddy,27,Male,vivaan.reddy896@example.com,9516884975,Ahmedabad,Gujarat,Smartwatch,2025-08-25,2025-09-03,24999,Paid,Mobile App,2025-09-04 00:00,Clean,No intentional issue
ORD00897,CUST0187,Arjun Das,35,Male,arjun.das897@example.com,9762578102,Kolkata,West Bengal,Printer,2025-03-23,2025-04-01,7999,Paid,Call Center,2025-04-01 00:00,Clean,No intentional issue
ORD00552,CUST0220,Kiran Iyer,51,Female,kiran.iyer552@example.com,9144367270,Hyderabad,Telangana,HD,2025-02-04,2025-02-10,4999,Refunded,CRM,2025-02-15 00:00,Uniqueness,Duplicate record intentionally added
ORD00899,CUST0765,Aarav Das,64,Female,aarav.das899@example.com,9712509589,Hyderabad,Telangana,Keyboard,2025-04-10,2025-04-13,1,Refunded,Mobile App,2025-04-13 00:00,Accuracy,Order amount is inaccurate or far outside expected range
ORD00900,CUST0735,Arjun Rao,64,Female,arjun.rao900@example.com,9120124499,Hyderabad,Telangana,Smartwatch,2025-01-31,2025-02-09,9999999,Paid,Call Center,2025-02-13 00:00,Accuracy,Order amount is inaccurate or far outside expected range
ORD00901,CUST0248,Meera Verma,31,Female,meera.verma901@example.com,9700338790,Jaipur,Rajasthan,Smartwatch,2026-12-01,2026-12-06,1499,Pending,Mobile App,2025-08-06 00:00,Timeliness,Order date is in the future
ORD00902,CUST0119,Priya Chopra,,Female,priya.chopra902@example.com,9123601524,Delhi,Delhi,Smartwatch,2025-09-07,2025-09-17,999,Failed,Call Center,2025-09-19 00:00,Completeness,Missing value in Age
ORD00903,CUST0085,Isha Nair,44,Female,abc.com,9320740194,Kolkata,West Bengal,Laptop,2025-06-25,2025-06-29,2499,Pending,Mobile App,2025-07-03 00:00,Interpretability,Email format is difficult to interpret or invalid
ORD00904,CUST0686,Isha Chopra,58,Female,isha.chopra904@example.com,9504224218,Kolkata,West Bengal,Monitor,2025-01-22,2025-01-28,799,P,CRM,2025-01-29 00:00,Consistency,Payment status uses inconsistent label or case
ORD00905,CUST0046,Kiran Gupta,25,Male,kiran.gupta905@example.com,9446866995,Lucknow,Uttar Pradesh,Keyboard,2025-04-19,2025-04-14,24999,Refunded,Website,2025-04-24 00:00,Believability,Delivery date is before order date
ORD00906,CUST0503,Neha Gupta,35,Female,neha.gupta906@example.com,9121645511,Chennai,Tamil Nadu,Mobile,2025-05-02,2025-05-08,14999,Refunded,Call Center,2025-05-09 00:00,Clean,No intentional issue
ORD00907,CUST0506,Kiran Das,64,Male,kiran.das907@example.com,9246357224,Delhi,Delhi,Monitor,2025-04-17,2025-04-27,14999,Paid,CRM,2025-05-01 00:00,Clean,No intentional issue
ORD00908,CUST0653,Arjun Rao,63,Male,arjun.rao908@example.com,9891112102,Lucknow,Uttar Pradesh,Laptop,2025-11-15,2025-11-17,4999,Pending,Website,2025-11-21 00:00,Clean,No intentional issue
ORD00909,CUST0068,Rohan Malhotra,23,Male,rohan.malhotra909@example.com,9074570229,Chennai,Tamil Nadu,Printer,2025-08-25,2025-08-28,499,Failed,Website,2025-08-30 00:00,Clean,No intentional issue
ORD00910,CUST0477,Aditya Sharma,57,Female,aditya.sharma910@example.com,9075132941,,Uttar Pradesh,Monitor,2025-02-20,2025-02-23,999,Failed,Mobile App,2025-02-27 00:00,Completeness,Missing value in City
ORD00911,CUST0111,Nikhil Das,27,Male,nikhil.das911@example.com,9560350300,Pune,Maharashtra,Laptop,2025-05-16,2025-05-20,999,Refunded,Call Center,2025-05-08 00:00,Timeliness,Last updated timestamp is earlier than order date
ORD00912,CUST0585,Sai Das,20,Male,sai.das912@example.com,9345034304,Lucknow,Uttar Pradesh,Keyboard,2025-05-02,2025-05-09,7999,Pending,Website,2025-05-09 00:00,Consistency,Payment status uses inconsistent label or case
ORD00913,CUST0165,Aarav Sharma,47,Male,,9028574031,Lucknow,Uttar Pradesh,Printer,2025-02-15,2025-02-19,499,Refunded,CRM,2025-02-20 00:00,Completeness,Missing value in Email
ORD00914,CUST0071,Priya Chopra,0,Female,priya.chopra914@example.com,9402209872,Kolkata,West Bengal,Mobile,2025-09-11,2025-09-13,24999,Pending,Website,2025-09-17 00:00,Accuracy,Age value is outside realistic human range
ORD00915,CUST0681,Sneha Sharma,27,Female,sneha.sharma915@example.com,9753874162,Bengaluru,Karnataka,Tablet,2025-10-28,2025-11-02,799,Pending,Website,2025-09-17 00:00,Timeliness,Last updated timestamp is earlier than order date
ORD00916,CUST0138,Arjun Rao,26,Female,arjun.rao916@example.com,9236533116,Kolkata,West Bengal,Mobile,2025-08-27,2025-09-06,2499,Paid,Mobile App,2025-09-11 00:00,Clean,No intentional issue
ORD00917,CUST0491,Isha Nair,23,Male,isha.nair917@example.com,9579542300,Kolkata,West Bengal,Router,2025-07-27,2025-08-01,59999,P,Mobile App,2025-08-03 00:00,Consistency,Payment status uses inconsistent label or case
ORD00918,CUST0299,Aarav Iyer,65,Male,aarav.iyer918@example.com,9650305758,Ahmedabad,Gujarat,Router,2025-02-15,2025-02-25,799,Paid,Website,2024-11-26 00:00,Timeliness,Last updated timestamp is earlier than order date
ORD00919,CUST0460,Sai Chopra,150,Female,sai.chopra919@example.com,9901294217,Delhi,Delhi,Monitor,2025-10-04,2025-10-09,14999,Refunded,CRM,2025-10-11 00:00,Accuracy,Age value is outside realistic human range
ORD00920,CUST0063,Pooja Mehta,65,Male,pooja.mehta920@example.com,999999999999999,Hyderabad,Telangana,Keyboard,2025-06-18,2025-06-19,1499,Pending,CRM,2025-06-19 00:00,Believability,Phone number is not plausible
ORD00633,CUST0346,Pooja Patel,52,Male,pooja.patel633@example.com,0000000000,Mumbai,Maharashtra,Tablet,2025-11-20,2025-11-22,9999,Refunded,Website,2025-11-27 00:00,Uniqueness,Duplicate record intentionally added
ORD00251,CUST0302,Nikhil Malhotra,45,Female,nikhil.malhotra251@example.com,9099059120,Mumbai,Maharashtra,SWT,2025-01-05,2025-01-15,14999,Refunded,Call Center,2025-01-16 00:00,Uniqueness,Duplicate record intentionally added
ORD00923,CUST0266,Meera Verma,24,Male,meera.verma923@example.com,9315810686,Chennai,Tamil Nadu,Mobile,2026-05-04,2026-05-09,39999,Failed,CRM,2025-11-20 00:00,Timeliness,Order date is in the future
ORD00724,CUST0015,Sneha Gupta,52,Male,sneha.gupta724@example.com,9868858115,Bengaluru,Kerala,Printer,2025-09-13,2025-09-22,999,Pending,Call Center,2025-09-22 00:00,Uniqueness,Duplicate record intentionally added
ORD00925,CUST0153,Isha Malhotra,23,Male,isha.malhotra925@example,9930384694,Bengaluru,Karnataka,Tablet,2025-09-20,2025-09-28,24999,Failed,Mobile App,2025-09-28 00:00,Interpretability,Email format is difficult to interpret or invalid
ORD00926,CUST0097,Nikhil Reddy,32,Female,nikhil.reddy926@example.com,9951711401,Ahmedabad,Gujarat,Laptop,2025-01-05,2025-01-10,799,paid,Mobile App,2025-01-14 00:00,Consistency,Payment status uses inconsistent label or case
ORD00927,CUST0271,Nikhil Mehta,-5,Male,nikhil.mehta927@example.com,9400554077,Hyderabad,Telangana,Laptop,2025-08-26,2025-09-05,999,Pending,Website,2025-09-05 00:00,Accuracy,Age value is outside realistic human range
ORD00928,CUST0440,Aditya Singh,23,Male,aditya.singh928@example,9439779230,Hyderabad,Telangana,Monitor,2025-09-30,2025-10-06,499,Refunded,Mobile App,2025-10-11 00:00,Interpretability,Email format is difficult to interpret or invalid
ORD00929,CUST0008,Kavya Rao,58,Female,kavya.rao929@example.com,9377993823,,West Bengal,Laptop,2025-02-24,2025-03-06,799,Failed,Call Center,2025-03-07 00:00,Completeness,Missing value in City
ORD00930,CUST0522,Isha Reddy,28,Female,isha.reddy930@example.com,9348997982,Mumbai,Maharashtra,Headphones,2025-08-23,2025-08-26,7999,Refunded,CRM,2025-08-26 00:00,Clean,No intentional issue
ORD00931,CUST0479,Divya Malhotra,46,Female,divya.malhotra931@example.com,9865630915,Jaipur,Rajasthan,Printer,2025-09-19,2025-09-24,24999,Failed,Call Center,2025-09-27 00:00,Clean,No intentional issue
ORD00932,CUST0772,Sai Reddy,33,Female,sai.reddy932@example.com,9311074273,Pune,Maharashtra,Tablet,2025-06-07,2025-06-08,2499,PAID,Mobile App,2025-06-13 00:00,Consistency,Payment status uses inconsistent label or case
ORD00541,CUST0599,Sai Nair,36,Female,sai.nair541@example.com,9035854996,Pune,Maharashtra,Tablet,2025-01-15,2025-01-11,24999,Failed,Mobile App,2025-01-20 00:00,Uniqueness,Duplicate record intentionally added
ORD00934,CUST0101,Neha Patel,55,Female,neha.patel934@example.com,9891183628,Jaipur,Rajasthan,Laptop,2025-07-27,2025-08-03,2499,paid,Website,2025-08-05 00:00,Consistency,Payment status uses inconsistent label or case
ORD00935,CUST0146,Arjun Jain,43,Male,arjun.jain935@example.com,999999999999999,Pune,Maharashtra,Smartwatch,2025-09-28,2025-10-05,499,Pending,Call Center,2025-10-08 00:00,Believability,Phone number is not plausible
ORD00936,CUST0120,Divya Malhotra,21,Male,divya.malhotra936@example.com,9274087507,Mumbai,Maharashtra,Monitor,2025-01-17,2025-01-18,1499,Failed,Call Center,2025-01-21 00:00,Clean,No intentional issue
ORD00937,CUST0478,Sai Das,,Male,sai.das937@example.com,9833012425,Jaipur,Rajasthan,Monitor,2025-02-20,2025-03-02,39999,Failed,CRM,2025-03-07 00:00,Completeness,Missing value in Age
ORD00938,CUST0233,Isha Iyer,61,Female,isha.iyer938@example.com,9491061691,Jaipur,Rajasthan,Laptop,30/08/25,2025-09-02,9999,Paid,Website,2025-09-07 00:00,Interpretability,Date format is ambiguous
ORD00939,CUST0459,Sneha Patel,48,Female,sneha.patel939@example.com,9851912075,Mumbai,Maharashtra,Router,2025-04-12,2025-04-20,4999,Pending,Mobile App,2025-04-07 00:00,Timeliness,Last updated timestamp is earlier than order date
ORD00940,CUST0125,Aarav Reddy,59,Female,aarav.reddy940@example.com,9309675826,Pune,Maharashtra,Tablet,2026-12-17,2026-12-22,7999,Pending,CRM,2025-03-16 00:00,Timeliness,Order date is in the future
ORD00941,CUST0754,Ananya Verma,45,Male,ananya.verma941@example.com,9142104010,Delhi,Delhi,Smartwatch,2025-07-06,2025-07-09,799,Failed,Mobile App,2025-07-09 00:00,Clean,No intentional issue
ORD00942,CUST0300,,31,Male,rahul.patel942@example.com,9520976883,Lucknow,Uttar Pradesh,Router,2025-04-24,2025-05-04,999,Failed,Website,2025-05-08 00:00,Completeness,Missing value in Customer_Name
ORD00943,CUST0731,Ananya Malhotra,22,Female,ananya.malhotra943@example.com,9728633000,Ahmedabad,Gujarat,Keyboard,2025-10-09,2025-10-16,59999,Failed,CRM,2025-10-19 00:00,Clean,No intentional issue
ORD00138,CUST0368,Sneha Reddy,44,Male,sneha.reddy138@example.com,9473532050,,Rajasthan,Tablet,2025-11-19,2025-11-28,499,Refunded,Mobile App,2025-12-03 00:00,Uniqueness,Duplicate record intentionally added
ORD00433,CUST0584,Divya Mehta,-5,Male,divya.mehta433@example.com,9303404694,Jaipur,Rajasthan,Laptop,2025-03-21,2025-03-23,2499,Refunded,CRM,2025-03-24 00:00,Uniqueness,Duplicate record intentionally added
ORD00946,CUST0063,Meera Gupta,27,Male,meera.gupta946@example.com,9843874974,Chennai,Tamil Nadu,Mobile,2025-08-15,2025-08-17,1,Refunded,CRM,2025-08-18 00:00,Accuracy,Order amount is inaccurate or far outside expected range
ORD00947,CUST0471,Nikhil Rao,51,Male,nikhil.rao947@example.com,9631127641,Bengaluru,Kerala,Printer,2025-06-01,2025-06-03,2499,Failed,Call Center,2025-06-08 00:00,Accuracy,City and State do not match
ORD00948,CUST0212,Nikhil Sharma,46,Female,nikhil.sharma948@example.com,9198792594,Kolkata,West Bengal,Monitor,2025-03-11,2025-03-12,9999,PAID,Website,2025-03-17 00:00,Consistency,Payment status uses inconsistent label or case
ORD00704,CUST0340,Nikhil Iyer,150,Male,nikhil.iyer704@example.com,9716663269,Delhi,Delhi,Mobile,2025-07-08,2025-07-12,14999,Pending,Mobile App,2025-07-14 00:00,Uniqueness,Duplicate record intentionally added
ORD00950,CUST0611,Neha Chopra,56,Male,neha.chopra950@example.com,9842016347,Ahmedabad,Gujarat,Tablet,2025-10-23,2025-10-20,59999,Paid,Call Center,2025-11-01 00:00,Believability,Delivery date is before order date
ORD00951,CUST0489,,45,Male,kiran.reddy951@example.com,9248420191,Lucknow,Uttar Pradesh,Laptop,2025-05-04,2025-05-13,2499,Pending,CRM,2025-05-14 00:00,Completeness,Missing value in Customer_Name
ORD00952,CUST0059,Meera Chopra,41,Female,meera.chopra952@example.com,9718328450,Kolkata,West Bengal,Smartwatch,2025-03-03,2025-03-11,799,Refunded,Website,2025-03-12 00:00,Clean,No intentional issue
ORD00953,CUST0563,Kavya Nair,18,Male,kavya.nair953@example.com,9098134040,Lucknow,Uttar Pradesh,Headphones,2025-04-06,2025-04-07,999,Refunded,CRM,2025-04-03 00:00,Timeliness,Last updated timestamp is earlier than order date
ORD00954,CUST0299,Amit Das,23,Female,amit.das954@example.com,9524422588,Delhi,Delhi,Printer,2025-01-21,2025-01-27,1,Paid,Call Center,2025-01-27 00:00,Accuracy,Order amount is inaccurate or far outside expected range
ORD00955,CUST0267,Kavya Rao,53,Male,kavya.rao955@example.com,9086693626,Jaipur,Rajasthan,Tablet,2026-09-11,2026-09-16,59999,Refunded,Website,2025-10-19 00:00,Timeliness,Order date is in the future
ORD00956,CUST0577,Rahul Iyer,23,Male,rahul.iyer956@example.com,9808746841,Lucknow,Uttar Pradesh,Mobile,2025-07-18,2025-07-22,4999,PAID,Mobile App,2025-07-24 00:00,Consistency,Payment status uses inconsistent label or case
ORD00957,CUST0003,Riya Gupta,34,Female,riya.gupta957@example.com,9443481569,Hyderabad,Telangana,Printer,2025-01-01,2025-01-10,-500,Refunded,Website,2025-01-12 00:00,Believability,Negative order amount is not believable for a normal sale
ORD00958,CUST0231,Aditya Malhotra,41,Female,aditya.malhotra958@example.com,9119219201,Delhi,Delhi,Smartwatch,2025-01-17,2025-01-22,2499,Paid,Mobile App,2025-01-26 00:00,Clean,No intentional issue
ORD00959,CUST0415,Priya Singh,21,Male,priya.singh959@example.com,9588276728,Lucknow,Uttar Pradesh,Tablet,2025-06-22,2025-06-27,4999,Paid,Mobile App,2025-06-28 00:00,Clean,No intentional issue
ORD00960,CUST0130,Sneha Malhotra,28,Female,sneha.malhotra960@example.com,9877080773,Bengaluru,Karnataka,Laptop,2025-10-03,2025-10-04,4999,Pending,Website,2025-10-04 00:00,Clean,No intentional issue
ORD00961,CUST0381,Arjun Reddy,33,Female,arjun.reddy961@example.com,9200172024,Kolkata,West Bengal,Tablet,2025-02-08,2025-02-16,-999,Failed,CRM,2025-02-20 00:00,Believability,Negative order amount is not believable for a normal sale
ORD00962,CUST0434,Meera Verma,62,Male,meera.verma962@example.com,9823659219,Mumbai,Maharashtra,Printer,2025-07-10,2025-07-14,59999,Refunded,CRM,2025-07-15 00:00,Clean,No intentional issue
ORD00963,CUST0141,Kavya Verma,46,Male,kavya.verma963@example.com,9217068332,Hyderabad,Telangana,Laptop,2025-10-20,2025-10-30,,Failed,Website,2025-11-01 00:00,Completeness,Missing value in Order_Amount
ORD00964,CUST0478,Arjun Patel,33,Male,arjun.patel964@example.com,9616219528,Jaipur,Rajasthan,Printer,06/09/25,2025-09-16,9999,Pending,Mobile App,2025-09-18 00:00,Interpretability,Date format is ambiguous
ORD00965,CUST0650,Arjun Nair,29,Male,arjun.nair965@example.com,9359875940,Pune,Maharashtra,Router,2025-09-05,2025-09-13,123456789,Refunded,CRM,2025-09-16 00:00,Accuracy,Order amount is inaccurate or far outside expected range
ORD00273,CUST0567,Meera Kumar,28,Female,meera.kumar273@example.com,9808495827,DEL,Delhi,Monitor,2025-11-06,2025-11-09,39999,Pending,Website,2025-11-13 00:00,Uniqueness,Duplicate record intentionally added
ORD00967,CUST0600,Sneha Gupta,26,Male,sneha.gupta967@example.com,9351801176,Chennai,Tamil Nadu,Monitor,2025-04-21,2025-04-27,1,Failed,Call Center,2025-04-27 00:00,Accuracy,Order amount is inaccurate or far outside expected range
ORD00968,CUST0252,Rahul Iyer,44,Male,rahul.iyer968@example.com,9905100741,,Uttar Pradesh,Monitor,2025-04-03,2025-04-04,799,Pending,Call Center,2025-04-05 00:00,Completeness,Missing value in City
ORD00969,CUST0489,Sneha Sharma,34,Female,sneha.sharma969@example.com,9860207023,Hyderabad,Telangana,Smartwatch,2025-07-04,2025-07-11,-500,Pending,Website,2025-07-11 00:00,Believability,Negative order amount is not believable for a normal sale
ORD00970,CUST0022,Rahul Patel,47,Male,rahul.patel970@example.com,9914034978,Mumbai,Maharashtra,Smartwatch,2026-03-09,2026-03-14,499,Paid,CRM,2025-05-04 00:00,Timeliness,Order date is in the future
ORD00971,CUST0205,Sneha Patel,31,Female,sneha.patel971@example.com,9208686281,Hyderabad,Telangana,Laptop,2025-10-21,2025-10-27,,Refunded,Call Center,2025-10-28 00:00,Completeness,Missing value in Order_Amount
ORD00972,CUST0358,Divya Patel,36,Male,divya.patel972@example.com,9281744633,Kolkata,West Bengal,Monitor,2025-03-12,2025-03-16,59999,Paid,Call Center,2025-03-19 00:00,Clean,No intentional issue
ORD00973,CUST0439,Vivaan Kumar,62,Male,vivaan.kumar973@example.com,9848150086,Pune,Kerala,Smartwatch,2025-05-30,2025-06-02,24999,Paid,Website,2025-06-04 00:00,Accuracy,City and State do not match
ORD00974,CUST0509,Rahul Sharma,28,Female,rahul.sharma974@example.com,9124318547,Jaipur,Rajasthan,Tablet,2025-08-16,2025-08-21,123456789,Failed,CRM,2025-08-21 00:00,Accuracy,Order amount is inaccurate or far outside expected range
ORD00975,CUST0479,Ananya Jain,32,Female,ananya.jain975@example.com,9157269035,Bengaluru,Karnataka,MSE,2025-10-14,2025-10-24,499,Failed,Mobile App,2025-10-29 00:00,Interpretability,Product category is stored as unexplained code
ORD00976,CUST0596,Pooja Jain,35,Male,pooja.jain976@example.com,9740604640,Mumbai,Maharashtra,Mouse,2025-05-23,2025-05-27,4999,Paid,Website,2025-03-17 00:00,Timeliness,Last updated timestamp is earlier than order date
ORD00977,CUST0360,Kiran Patel,31,Female,kiran.patel977@example.com,9824463258,Hyderabad,Telangana,Mouse,2026-12-23,2026-12-28,14999,Refunded,CRM,2025-07-19 00:00,Timeliness,Order date is in the future
ORD00439,CUST0676,Meera Kumar,41,Male,meera.kumar439@example.com,9642698981,Jaipur,Rajasthan,SWT,2025-03-25,2025-04-03,7999,Refunded,CRM,2025-04-05 00:00,Uniqueness,Duplicate record intentionally added
ORD00431,CUST0317,Sneha Rao,31,Male,sneha.rao431@example.com,9597003912,Bangalore,Karnataka,Smartwatch,2025-11-18,2025-11-26,799,Paid,Mobile App,2025-11-27 00:00,Uniqueness,Duplicate record intentionally added
ORD00980,CUST0224,Kavya Malhotra,48,Female,kavya.malhotra980@example.com,9535837526,Mumbai,Maharashtra,Smartwatch,09/01/25,2025-01-18,9999,Refunded,Website,2025-01-20 00:00,Interpretability,Date format is ambiguous
ORD00981,CUST0142,Divya Chopra,50,Female,divya.chopra981@example.com,9114284708,,West Bengal,Laptop,2025-06-11,2025-06-17,499,Failed,Call Center,2025-06-21 00:00,Completeness,Missing value in City
ORD00982,CUST0596,Amit Reddy,21,Male,user@,9188098945,Kolkata,West Bengal,Headphones,2025-10-23,2025-10-24,9999,Pending,Call Center,2025-10-28 00:00,Interpretability,Email format is difficult to interpret or invalid
ORD00983,CUST0602,Meera Verma,47,Male,meera.verma983@example.com,9207566907,Jaipur,Rajasthan,Mouse,2025-06-07,2025-06-17,2499,Pending,Mobile App,2025-06-20 00:00,Consistency,Payment status uses inconsistent label or case
ORD00984,CUST0184,Aarav Verma,36,Female,no-email,9035139592,Lucknow,Uttar Pradesh,Smartwatch,2025-08-03,2025-08-11,499,Refunded,Mobile App,2025-08-15 00:00,Interpretability,Email format is difficult to interpret or invalid
ORD00985,CUST0650,Sai Das,62,Male,sai.das985@example.com,9366636579,Ahmedabad,Gujarat,Router,2025-02-27,2025-03-06,,Paid,CRM,2025-03-09 00:00,Completeness,Missing value in Order_Amount
ORD00986,CUST0118,Kiran Malhotra,55,Male,kiran.malhotra986@example.com,9499424006,Jaipur,Rajasthan,Mobile,2025-06-18,2025-06-19,-999,Refunded,CRM,2025-06-19 00:00,Believability,Negative order amount is not believable for a normal sale
ORD00987,CUST0540,Rahul Kumar,27,Male,no-email,9396015535,Lucknow,Uttar Pradesh,Mouse,2025-10-09,2025-10-12,39999,Failed,Call Center,2025-10-14 00:00,Interpretability,Email format is difficult to interpret or invalid
ORD00988,CUST0416,Kavya Iyer,18,Female,kavya.iyer988@example.com,9300106468,Lucknow,Uttar Pradesh,Mobile,2025-11-04,2025-11-11,1,Pending,Call Center,2025-11-14 00:00,Accuracy,Order amount is inaccurate or far outside expected range
ORD00989,CUST0084,Kiran Rao,38,Female,kiran.rao989@example.com,9172662634,Bengaluru,Karnataka,Monitor,2025-06-21,2025-06-30,-500,Refunded,CRM,2025-06-30 00:00,Believability,Negative order amount is not believable for a normal sale
ORD00990,CUST0061,Meera Singh,33,Male,,9237092317,Bengaluru,Karnataka,Router,2025-05-17,2025-05-27,9999,Refunded,Mobile App,2025-06-01 00:00,Completeness,Missing value in Email
ORD00991,CUST0017,Rohan Jain,45,Female,rohan.jain991@example.com,9988285137,Jaipur,Rajasthan,Mobile,2025-09-30,2025-10-08,4999,Failed,Call Center,2025-10-13 00:00,Clean,No intentional issue
ORD00992,CUST0040,Rohan Iyer,41,Female,rohan.iyer992@example.com,9386652033,Kolkata,West Bengal,Mouse,2025-03-19,2025-03-23,999,Pending,Call Center,2025-03-26 00:00,Clean,No intentional issue
ORD00993,CUST0421,Rahul Reddy,65,Male,rahul.reddy993@example.com,9513399541,Pune,Maharashtra,Headphones,2025-11-06,2025-11-15,7999,Pending,Mobile App,2025-08-21 00:00,Timeliness,Last updated timestamp is earlier than order date
ORD00994,CUST0508,Sai Nair,65,Male,sai.nair994@example.com,9419432509,Delhi,Delhi,Keyboard,2025-10-11,2025-10-19,7999,Refunded,Mobile App,2025-10-24 00:00,Clean,No intentional issue
ORD00995,CUST0413,Rohan Verma,38,Male,rohan.verma995@example.com,9000266438,Lucknow,Uttar Pradesh,Router,2025-04-08,2025-04-18,799,Pending,CRM,2025-04-19 00:00,Clean,No intentional issue
ORD00996,CUST0018,Nikhil Jain,59,Male,nikhil.jain996@example.com,9284165155,Hyderabad,Telangana,Monitor,2025-10-16,2025-10-18,1499,Failed,Mobile App,2025-10-18 00:00,Clean,No intentional issue
ORD00997,CUST0532,Sneha Patel,28,Male,sneha.patel997@example.com,12345,Pune,Maharashtra,Laptop,2025-06-18,2025-06-28,59999,Pending,Mobile App,2025-06-28 00:00,Believability,Phone number is not plausible
ORD00998,CUST0675,Sai Malhotra,54,Male,sai.malhotra998@example.com,9360649434,Chennai,Tamil Nadu,Mouse,2025-10-01,2025-10-04,499,Paid,Mobile App,2025-10-07 00:00,Clean,No intentional issue
ORD00999,CUST0673,Aarav Patel,33,Female,aarav.patel999@example.com,9163404460,,Gujarat,Monitor,2025-03-03,2025-03-06,4999,Pending,Mobile App,2025-03-06 00:00,Completeness,Missing value in City
ORD01000,CUST0204,Aditya Das,54,Male,aditya.das1000@example.com,9514178838,Hyderabad,Telangana,Headphones,2025-06-20,2025-06-30,-999,Paid,Mobile App,2025-07-04 00:00,Believability,Negative order amount is not believable for a normal sale
