CustomerID,CustomerName,Age,Gender,AnnualIncome_INR,IncomeCurrency,SpendingScore_1_100,MembershipTier,JoinDate,LastPurchaseDate,VisitFrequency,AvgBasketValue_INR,TotalPurchases,OnlinePurchases,StorePurchases,PreferredCategory,City,Country,EmailProvider,DeviceType,PaymentMethod,LoyaltyPoints,SatisfactionRating_1_5,CouponUsed,ChurnNextMonth
CUST100001,Diya Verma,42,Female,241279,,57,Silver,24-Feb-2024,14/09/2024,RARELY,758.43,40,3,38,Beauty, bengaluru ,, gmail.com ,android,Credit Card,1438,2,1,0
CUST100002,Aditya Nair,52,male,1135484,Rs,61, GOLD ,02/02/2025,10-Oct-2025,Weekly,2132.28,7,4,2,SPORTS,PUNE,INDIA,hotmail.com,,,865,1,1,0
CUST100003,Saanvi Kumar,27,M,241860,INR,64,Silvr,2022-05-30,2023-12-17,RARELY,2269.85,9,0,10,Electronic, lucknow ,India, gmail.com ,Mobile,UPI,2472,1,,0
CUST100004,Vihaan Iyer,27,FEMALE,470187,INR,86,Silver,01-31-2024,18-Jul-2024,RARELY,723.67,30,29,1,Food Court,Pune,,gmail.com,android,Credit Card,1700,3,,0
CUST100005,Krishna Rao,25,M,630873,INR,53,basic,2022-01-25,01-May-2022,Monthly,12062.69,38,21,17,Fashion,Bengaluru,India,hotmail.com,Web, CREDIT CARD ,1203,2,1,0
CUST100006,Vihaan Iyer,41,MALE,25000000,INR,51,,2021-04-30,12-14-2022,Monthly,957.19,10,4,7,gaming,KOLKATA,INDIA, gmail.com ,android,Wallet,2332,1,N,0
CUST100007,Reyansh Mehta,9,female,844350,INR,68,Silver,11-20-2021,2023-02-11,weekly,3903.16,13,6,7,Home Decor,Pune, india ,outlook.com,IOS,Debit Card,1182,1,N,0
CUST100008, Sai Mishra ,27,M,693450,₹,50, GOLD ,2023-01-17,04-11-2025,RARELY,1638.04,0,0,0,food court,Kolkata,,yahoo.com,Desktop,UPI,855,2,N,0
CUST100009,Myra Nair,22,Female,1020287,₹,88,PLATINUM,06-Aug-2024,01-09-2026,weekly,999999,9,2,6,food court,AHMEDABAD,India, gmail.com , web ,Credit Card,553,,,0
CUST100010,Ishaan Chopra,49,Female,821121,Rs,41, GOLD ,2024-01-28,05-30-2026,,2226.43,19,7,12,food court,Pune,INDIA,outlook.com,Android,UPI,1057,5,Y,0
CUST100011,Sai Sinha,11,FEMALE,837540,,67,Basic,26-Nov-2024,2026-05-10, monthly ,283.96,9,1,7, Kids ,Bangalore, india ,company.com,iOS,Wallet,412,4,,0
CUST100012,Ananya Joshi,122,MALE,570610,,38,basic,25-Nov-2024,15-Dec-2024,Daily,970.5,11,0,12,Kids,JAIPUR,Bharat,gmail.com,iOS, CREDIT CARD ,1497,3,Yes,0
CUST100013,Reyansh Rao,33,,609387,,74, GOLD ,2021-02-09,03-18-2023,Daily,1272.03,5,4,2,FASHION, hyderabad ,India,gmail.com,IOS, CREDIT CARD ,852,1,No,0
CUST100014,Kiara Kapoor,28,male,1085571,USD,48,PLATINUM,01-29-2023,2023-04-09,,1276.17,20,16,3,BOOKS,Bengaluru, india ,company.com,android,Card,679,4,,0
CUST100015,Saanvi Verma,55,Other,444057,₹,62,Silvr,27/01/2022,24-Apr-2022,Weekly,2088.18,7,6,1,home decor,CHENNAI,INDIA,yahoo.com,android,upi,1001,,0,0
CUST100016,Aadhya Khan,25,FEMALE,213481,INR,23,silver,12/09/2022,09-26-2022,,1194.35,16,15,1, Fashion ,Mumbay,India,gmail.com,Web,Debit Card,613,1,0,0
CUST100017,Vivaan Iyer,39,male,1225084,INR,54,basic,04-20-2024,2025-07-03,Monthly,3803.1,4,2,3,HOME DECOR,BENGALURU,India,,android,Debit Card,840,2,0,0
CUST100018,Saanvi Rao,31,FEMALE,,INR,32,,2021-06-14,16-Feb-2023,Weekly,1802.16,6,2,4, Fashion , bengaluru ,IN, gmail.com , web ,Credit Card,1472,3,Y,0
CUST100019,Sara Patel,27,Other,1254616,,100,Gold,28-Nov-2023,02-Dec-2024,,1709.26,6,1,6, Electronics , ahmedabad , india ,,IOS, CREDIT CARD ,1511,5,Yes,0
CUST100020,Aadhya Khan,17,MALE,619742,₹,25,Basic,2022-07-02,10-19-2024,,682.0,2,0,3,Beauty, delhi ,,company.com,Desktop, CREDIT CARD ,570,3,,1
CUST100021,Amit Patel,30,F,653437,INR,55,Gold,2023-03-26,01-19-2025,,806.78,37,16,22,Grocery, mumbai ,India,GMAIL.COM, web ,upi,848,1,yes,0
CUST100022,Reyansh Joshi,28,male,877245,INR,94,Basic,2023-07-31,17-Apr-2024,weekly,695.0,17,4,13,home decor,Kolkata,,rediffmail.com,IOS,UPI,1826,4,0,0
CUST100023,Saanvi Mehta,49,Other,911335,INR,35,basic,2024-09-12,2025-01-30,weekly,4085.16,4,0,4,Books,Hyd,India,outlook.com,android, CREDIT CARD ,1355,4,no,0
CUST100024,Vihaan Iyer,39,Female,343253,INR,70,PLATINUM,02-21-2021,17/11/2022,Monthly,932.47,24,6,19, Kids , chenai ,,outlook.com,Desktop,Credit Card,1636,1,0,0
CUST100025,Ananya Singh,44,F,220648,Rs,59,Silver,08-Sep-2021,,Daily,824.44,1,0,1,Electronic,PUNE,INDIA,yahoo.com,Android,Debit Card,1539,5,N,0
CUST100026,Kiara Singh,53,female,531448,INR,53,,2023-10-29,06-11-2024,Monthly,1834.74,24,11,13, Books , lucknow ,Bharat,GMAIL.COM,Mobile,,406,4,No,1
CUST100027,Vivaan Kapoor,43,Other,1613314,₹,29,Gold,02-03-2025,11-May-2025,Monthly,3627.07,10,2,8,Beauty, bengaluru ,Bharat,GMAIL.COM, web ,Credit Card,222,1,Y,0
CUST100028,Amit Chopra,41,Female,485516,USD,29,basic,2024-11-21,21/08/2025,Rarely,2711.87,15,12,2,Books,Ahmedabad,INDIA,outlook.com,Android,Credit Card,2015,4,Yes,0
CUST100029,Aditya Joshi,25,female,374892,INR,40,PLATINUM,2022-03-28,2023-05-06,Monthly,,2,1,2, Gaming , ahmedabad ,IN,rediffmail.com,IOS,Credit Card,1751,3,,0
CUST100030,Reyansh Gupta,43,male,1368516,,63,Gold,09-28-2022,30/10/2024, monthly ,1894.23,33,8,26, Sports ,Mumbay,, gmail.com , web ,Debit Card,1065,2,Y,0
CUST100031, Rahul Gupta ,38,Other,558960,₹,26,basic,05-Nov-2023,2024-12-02,Rarely,5901.35,0,0,0,GAMING,PUNE, india ,GMAIL.COM,Desktop, CREDIT CARD ,2308,4,No,1
CUST100032,Diya Sharma,48,Other,515028,INR,42,Basic,10-17-2021,10-Oct-2022, monthly ,1076.75,34,32,2,FOOD COURT,Lucknow,INDIA,yahoo.com,IOS,Credit Card,1523,5,1,0
CUST100033,Pooja Joshi,43,male,867954,USD,59,Platinum,17/01/2023,09-Dec-2024,,2423.89,3,2,1,electronics,Jaipur,,company.com, web ,,136,2,0,0
CUST100034,Pooja Sinha,53,M,1033209,INR,48,Gold,03-23-2023,18/08/2024, monthly ,,2,0,2, Kids ,Jaipur, india ,hotmail.com,IOS,Credit Card,2596,2,0,1
CUST100035,Aditya Verma,28,female,1677274,₹,57,Gold,2022-01-19,11-30-2023,RARELY,1158.01,13,3,10,BOOKS,Lucknow, india ,, web ,Debit Card,0,1,Yes,0
CUST100036,Myra Khan,10,FEMALE,1256858,USD,58,basic,28-Sep-2022,08-Mar-2024, monthly ,3717.51,6,0,6,Home Decor, ahmedabad ,IN,yahoo.com,Desktop,Debit Card,490,3,1,0
CUST100037,Arjun Rao,29,,542522,INR,71,basic,2024-08-02,29-Sep-2024,,2338.02,10,4,6,kids,BENGALURU, india ,GMAIL.COM,android,Credit Card,1310,4,Yes,0
CUST100038,Diya Chopra,23,M,788894,INR,60,Platinum,01/06/2021,06-Sep-2022,Monthly,1151.93,4,2,3,books,AHMEDABAD,Bharat,outlook.com,iOS,Credit Card,198,3,Y,0
CUST100039,Ira Patel,15,,560830,INR,48,,2023-10-27,2026-04-03,weekly,2673.45,37,28,9,gaming, ahmedabad ,India,gmail.com,iOS,UPI,1738,3,yes,0
CUST100040,Arjun Verma,59,MALE,1198552,INR,38, GOLD ,11-03-2024,23-Dec-2025,Rarely,1608.71,17,4,13,SPORTS,Pune,India,gmail.com,IOS, CREDIT CARD ,615,3,no,0
CUST100041,Diya Reddy,43,MALE,,Rs,7,Silvr,17-Mar-2023,15/08/2024,,1793.32,99,46,53, Fashion ,Mumbay,Bharat,GMAIL.COM,iOS,Debit Card,1595,1,no,0
CUST100042,Aarav Verma,24,FEMALE,708383,INR,37,PLATINUM,02/11/2021,07-15-2023, monthly ,4061.04,0,0,0,Groceries,CHENNAI, india ,hotmail.com,Android,Card,804,5,yes,0
CUST100043,Ira Verma,35,female,970171,,33,silver,15-Nov-2024,11-Jun-2025, monthly ,1357.03,21,4,18,food court, lucknow , india ,hotmail.com,IOS,Wallet,643,4,,0
CUST100044,Arjun Kumar,32,male,498636,Rs,59,Basic,08/12/2022,02-06-2025,,4173.67,2,1,2,KIDS, ahmedabad ,INDIA,gmail.com,iOS, CREDIT CARD ,701,5,,0
CUST100045,Amit Das,47,M,1286421,INR,55,silver,2022-08-08,2024-05-30,Rarely,2856.94,37,17,20,books,Mumbay,,,,Card,1361,2,0,1
CUST100046,Pooja Mehta,32,FEMALE,626150,INR,67,,31/03/2025,07-Jul-2025,Rarely,4277.44,9999,0,5,BOOKS,Jaipur,,yahoo.com,Mobile,Wallet,999999,2,N,0
CUST100047,Sai Khan,28,M,1254311,USD,25,Gold,02-May-2023,19/04/2025, monthly ,4040.04,56,26,31,Sports, pune ,IN,gmail.com,Mobile,Debit Card,1957,2,,0
CUST100048,Aditya Kapoor,39,MALE,770090,,71, GOLD ,2021-05-11,2022-11-16,RARELY,737.29,0,0,0,BEAUTY,HYDERABAD,India,gmail.com,IOS,Card,1267,4,1,0
CUST100049,Saanvi Das,28,M,622037,₹,65,,18/04/2025,26/04/2025,Daily,3573.06,37,28,8,BOOKS,JAIPUR,INDIA,,android, CREDIT CARD ,449,4,Yes,1
CUST100050,Ayaan Mehta,39,MALE,799921,₹,100,Gold,07/09/2022,27-Sep-2023,Weekly,2758.34,20,15,5,FASHION,Lucknow, india ,rediffmail.com,Android,Credit Card,931,4,Y,0
CUST100051,Reyansh Verma,35,female,1127917,INR,69,,12/05/2022,23-Apr-2024, monthly ,6558.55,4,0,3,grocery, jaipur ,Bharat,rediffmail.com,IOS,Debit Card,440,3,0,0
CUST100052,Rahul Iyer,32,M,1218257,INR,48,Silver,23/12/2022,14-Jun-2023,Monthly,1490.61,31,29,3,Groceries, lucknow ,,company.com,Mobile,UPI,740,1,1,1
CUST100053,Myra Joshi,47,MALE,1516458,INR,57,Silver,06-01-2022,09-12-2024,Daily,749.19,2,0,2,beauty, Calcutta ,India,,Android,Cash,469,1,No,0
CUST100054,Pooja Joshi,16,,634430,INR,97,Silver,03-06-2024,08-Apr-2025, monthly ,995.52,14,0,14, Sports ,Lucknow, india ,,Desktop, CREDIT CARD ,572,4,no,0
CUST100055,Aarav Das,47,MALE,1732339,,70,Gold,2021-08-07,11-08-2021,RARELY,2826.5,3,2,1,FOOD COURT, Calcutta ,IN,outlook.com,Web,Wallet,1025,1,no,0
CUST100056,Neha Nair,37,,421276,INR,59,PLATINUM,08-08-2021,2021-12-24, monthly ,2091.37,51,36,16,SPORTS, bengaluru ,IN,GMAIL.COM,Desktop,upi,597,5,no,0
CUST100057,Rahul Patel,40,,167813,INR,54, GOLD ,09-13-2022,18/05/2023,RARELY,2331.08,1,0,2, Gaming ,LUCKNOW,IN,yahoo.com,Android,Credit Card,93,4,,0
CUST100058,Ananya Patel,28,FEMALE,774459,,37,Gold,03-Aug-2021,2022-06-01,Daily,-250,20,13,7,Eletronics,Jaipur,Bharat,outlook.com,,Debit Card,1715,3,0,0
CUST100059,Kiara Joshi,35,female,283960,Rs,77,Gold,10/01/2021,01/01/2023,Rarely,1606.49,0,0,0,GAMING, ahmedabad ,,GMAIL.COM,iOS,Debit Card,710,2,,0
CUST100060,Sara Rao,36,FEMALE,245046,INR,44,,10-15-2021,24-Apr-2022,RARELY,,8,1,7,HOME DECOR, bengaluru ,INDIA,company.com,Mobile,,1373,5,1,0
CUST100061,Kiara Singh,37,M,320154,,14,Basic,03-08-2021,06-11-2022,Daily,2852.71,22,12,11,kids, pune ,Bharat,outlook.com, web ,Wallet,718,5,1,0
CUST100062,Aditya Kapoor,13,female,286743,USD,57,Basic,2021-06-04,14-Mar-2023, monthly ,2341.94,12,6,6,home decor, jaipur ,Bharat,outlook.com,Mobile,upi,226,1,0,0
CUST100063,Aditya Singh,49,FEMALE,622302,Rs,77,basic,09-28-2021,25/07/2023,Rarely,999999,10,0,11, Fashion ,HYDERABAD,IN,yahoo.com,android, CREDIT CARD ,943,4,N,0
CUST100064,Meera Joshi,36,Female,147996,USD,60, GOLD ,03/06/2024,30-Mar-2026,,504.71,2,1,1,FASHION, bengaluru ,,gmail.com,IOS,Cash,124,1,Y,0
CUST100065,Kiara Singh,,Other,646475,INR,62,Gold,30-Oct-2024,2025-04-24,RARELY,2067.69,16,8,7,Electronic,KOLKATA,IN,yahoo.com,IOS, CREDIT CARD ,1273,5,,0
CUST100066,Neha Patel,22,male,255292,Rs,38, GOLD ,12-12-2022,30/05/2024,Weekly,2454.3,3,0,3,electronics,HYDERABAD, india ,yahoo.com,iOS,Cash,377,4,No,1
CUST100067,Aditya Kapoor,34,female,570812,INR,79,Basic,01-15-2025,2025-12-08,Weekly,1123.31,35,19,17,GAMING,Hyd, india ,company.com,android,,2133,1,yes,0
CUST100068,Vihaan Chopra,18,,723894,,74,PLATINUM,03-May-2022,2023-07-06,RARELY,608.97,25,9,16,BEAUTY,HYDERABAD, india ,GMAIL.COM, web , CREDIT CARD ,1235,3,No,0
CUST100069,Vivaan Das,26,Other,865268,INR,59,Silver,03-02-2022,07-Jun-2023,Weekly,6651.08,10,3,6,KIDS,Chennai,IN,yahoo.com,Web,Credit Card,1810,3,1,0
CUST100070,Reyansh Gupta,47,female,404157,USD,63,Platinum,09-21-2021,2021-12-24,RARELY,999999,15,13,1, Home Decor ,Mumbay,Bharat,company.com,Android,Credit Card,1095,4,Y,1
CUST100071,Ira Reddy,21,male,,INR,24,,10-21-2022,22/11/2023,,1134.03,22,10,13,BOOKS,NEW DELHI,INDIA, gmail.com , web ,UPI,2955,5,N,0
CUST100072,Aditya Verma,33,female,745713,₹,100,PLATINUM,09-06-2023,06/09/2023,Weekly,2057.0,12,3,10,BOOKS,Lucknow,,rediffmail.com,Mobile,upi,1098,3,,0
CUST100073,Krishna Kumar,35,female,719636,INR,39,PLATINUM,2024-06-06,18-Jan-2025,Monthly,9546.39,20,2,17, Electronics ,LUCKNOW,IN, gmail.com ,, CREDIT CARD ,718,3,No,0
CUST100074,Amit Kapoor,36,Other,1024852,INR,93,silver,01-26-2024,30-Apr-2024,Weekly,989.95,6,1,4, Gaming ,Lucknow,India, gmail.com ,Android, CREDIT CARD ,1761,2,1,0
CUST100075,Priya Verma,29,Female,302703,USD,56,,27-Jun-2022,28/09/2022,weekly,1261.32,11,1,11, Beauty , lucknow ,,company.com,android,Card,857,3,No,0
CUST100076,Aadhya Sharma,31,Other,663077,Rs,41,,2021-03-29,05-Jun-2022,Monthly,1137.23,2,1,1,BEAUTY,HYDERABAD,Bharat,yahoo.com,iOS,Credit Card,387,,yes,0
CUST100077,Aadhya Nair,122,F,914361,USD,43,basic,03-08-2025,11-06-2025,Daily,1354.48,3,1,3,Groceries,Chennai,India,GMAIL.COM,, CREDIT CARD ,1286,4,No,0
CUST100078,Sai Nair,24,Male,420783,₹,50,Basic,29-Sep-2023,29/05/2025,weekly,2448.05,31,15,15,Beauty, lucknow ,India,company.com,Web,Debit Card,700,1,1,1
CUST100079,Arjun Chopra,122,F,1296777,INR,21,,18-Oct-2024,2026-04-04,,989.51,40,34,7,Eletronics,Pune,,company.com,IOS,Wallet,1525,5,yes,0
CUST100080,Ayaan Das,27,female,1023442,INR,42, GOLD ,08/09/2024,04-02-2026,Rarely,1913.0,11,10,1, Fashion ,Hyderabad,,yahoo.com,Mobile,Cash,346,3,N,0
CUST100081,Aarav Khan,22,female,981429,Rs,50,Basic,15/07/2023,20/04/2024,RARELY,,7,6,2,FOOD COURT, Calcutta , india ,GMAIL.COM,Web,Credit Card,,4,N,0
CUST100082,Kiara Reddy,39,Other,1414744,INR,31,Gold,2025-07-21,,Monthly,1440.01,9999,2,19, Fashion ,Mumbay,IN,yahoo.com,,Wallet,1095,1,yes,1
CUST100083, Ayaan Sharma ,28,female,801895,INR,85,Gold,2022-08-02,26-Nov-2022,RARELY,1871.57,2,1,0,Electronics,Hyderbad,India,yahoo.com,IOS,Cash,0,1,0,0
CUST100084,Arjun Reddy,26,Female,626112,,72,Platinum,01-03-2023,2024-03-26,RARELY,2319.08,29,9,19, Sports ,Pune,Bharat,rediffmail.com, web ,UPI,1332,4,Y,0
CUST100085,Ananya Iyer,21,FEMALE,1249913,INR,57,Silver,05-Dec-2024,12/03/2025,Weekly,1163.61,19,0,19, Beauty ,MUMBAI,India,company.com,Mobile,Card,1939,11,No,0
CUST100086, Pooja Iyer ,16,Female,317729,INR,73,silver,26-Feb-2024,09-24-2024,,9008.45,14,0,13,Fashion,Chennai,IN,outlook.com,Desktop,Credit Card,1602,3,No,0
CUST100087,Myra Mishra,-5,Other,539991,₹,45,Basic,10/09/2024,06-May-2026,Rarely,3404.22,2,0,1, Home Decor ,Bangalore,INDIA,rediffmail.com,,Wallet,1158,2,no,0
CUST100088,Aarav Joshi,28,Female,760152,₹,49,Silver,2022-10-23,10-19-2024,weekly,1829.74,20,19,1,electronics, chenai , india ,outlook.com,Android,Wallet,1778,4,,0
CUST100089,Aadhya Gupta,122,male,701204,INR,45,Platinum,06-03-2025,2026-05-19,Daily,4409.5,28,8,19, Fashion ,Chennai,IN,GMAIL.COM,,Wallet,1226,3,N,0
CUST100090,Ira Sharma,20,FEMALE,1772626,INR,25,basic,03/12/2023,10-Feb-2024, monthly ,3847.57,6,4,2,GAMING,Pune,, gmail.com ,Desktop,Credit Card,313,2,,0
CUST100091, Aadhya Khan ,47,Male,1099328,INR,59,Silver,2021-07-16,2022-01-03,Daily,1399.12,12,3,9,FASHION,PUNE,IN,rediffmail.com,Mobile, CREDIT CARD ,267,4,Y,1
CUST100092,Priya Verma,13,male,,INR,56,Silvr,05-27-2024,23-Aug-2024,RARELY,761.06,21,1,19,Grocery,BENGALURU,Bharat,,iOS,Wallet,337,5,Y,0
CUST100093,Priya Das,39,,956877,INR,100,,2022-08-19,07-06-2024,Daily,1611.42,17,4,12,BEAUTY,Chennai, india ,hotmail.com,android, CREDIT CARD ,1585,5,no,0
CUST100094,Ira Kapoor,37,male,1262377,,45,Platinum,01-09-2024,2024-07-28,RARELY,3078.55,3,1,2,gaming,Chennai,IN,,,Credit Card,1973,2,,0
CUST100095,Rahul Mehta,45,Other,739490,INR,22,,05/01/2023,15-Feb-2023, monthly ,3239.72,10,1,9,beauty,Delhi,Bharat,GMAIL.COM,Desktop,Cash,1336,4,No,0
CUST100096,Meera Gupta,31,M,634625,Rs,42,Silver,2023-01-12,19/09/2024,Rarely,1140.3,3,0,3,electronics,Chennai,Bharat,rediffmail.com,Android,Wallet,1195,4,Yes,0
CUST100097,Saanvi Kumar,56,Other,,₹,52,Platinum,2023-07-18,19/03/2025,RARELY,462.09,3,1,2,Grocerry, lucknow ,IN,,Desktop,upi,1807,5,Yes,0
CUST100098,Neha Khan,41,F,178737,INR,33,Platinum,2025-04-18,,Weekly,1582.79,24,18,5, Home Decor , Calcutta , india ,GMAIL.COM,Desktop,Cash,1788,1,1,0
CUST100099,Aditya Mehta,40,Female,171328,INR,80,,12-Mar-2025,07/07/2025,Weekly,6878.25,26,10,16,beauty, ahmedabad ,Bharat,gmail.com,Web,Card,1605,1,1,0
CUST100100,Krishna Iyer,14,female,789104,INR,57,basic,30-Mar-2023,25-Mar-2024,weekly,863.82,4,0,4,HOME DECOR,JAIPUR,Bharat,yahoo.com,,Credit Card,1354,5,no,0
CUST100101,Aditya Joshi,43,male,818972,,2, GOLD ,2023-08-02,24-Mar-2025,Daily,5389.38,14,10,4,sports, bengaluru ,INDIA,GMAIL.COM,Web,Cash,999999,4,N,0
CUST100102,Arjun Reddy,30,,1012675,USD,55,basic,2024-06-11,17-Jun-2024,weekly,3524.97,3,0,2, Books ,NEW DELHI,IN,yahoo.com,,Card,2102,5,N,1
CUST100103,Amit Singh,30,M,252596,INR,61,Platinum,03-08-2022,05-11-2023,Daily,1275.86,5,1,4,kids,Delhi , india ,GMAIL.COM,,UPI,1475,3,N,0
CUST100018,Saanvi Rao,31,FEMALE,,INR,32,,2021-06-14,16-Feb-2023,Weekly,1802.16,6,2,4, Fashion , bengaluru ,IN, gmail.com , web ,Credit Card,1472,3,Y,0
CUST100065,Kiara Singh,,Other,646475,INR,62,Gold,30-Oct-2024,2025-04-24,RARELY,2067.69,16,8,7,Electronic,KOLKATA,IN,yahoo.com,IOS, CREDIT CARD ,1273,5,,0
CUST100106,Aarav Sinha,29,Other,685351,USD,26,silver,27-Sep-2022,17/09/2023,Weekly,-250,10,7,4,GAMING,Pune,Bharat, gmail.com ,android, CREDIT CARD ,987,2,0,0
CUST100107,Sai Kumar,43,Male,549820,INR,85,basic,15-Jul-2025,29/11/2025,weekly,612.69,9,2,7,Electronics,Delhi ,INDIA, gmail.com ,Desktop,Wallet,1249,4,,0
CUST100108,Myra Das,36,FEMALE,551526,INR,85,Silver,28-May-2022,2024-09-10,Weekly,1926.47,1,0,0,fashion,CHENNAI,,GMAIL.COM,android,upi,0,1,N,0
CUST100109, Aadhya Nair ,41,female,610269,USD,52, GOLD ,05-06-2024,2024-10-11,Weekly,3606.99,15,5,10, Grocery ,Delhi ,Bharat,GMAIL.COM,,Card,1286,11,,0
CUST100110,Priya Sinha,28,Other,475337,INR,19,,2023-01-22,30-Apr-2024, monthly ,1259.74,3,1,3,Books,Chennai,Bharat,yahoo.com,Android,Debit Card,450,5,N,1
CUST100099,Aditya Mehta,40,Female,171328,INR,80,,12-Mar-2025,07/07/2025,Weekly,6878.25,26,10,16,beauty, ahmedabad ,Bharat,gmail.com,Web,Card,1605,1,1,0
CUST100112,Myra Kapoor,16,F,1176536,INR,48, GOLD ,30-Dec-2023,09-04-2025,RARELY,1832.02,1,0,2,Beauty,Bengaluru, india ,gmail.com,,Debit Card,544,3,,0
CUST100113, Rahul Das ,41,,302652,,53,,11-16-2021,04-06-2022,Daily,684.16,31,28,3,books,PUNE,IN,yahoo.com,android,UPI,1306,3,No,0
CUST100114,Riya Kapoor,27,M,536392,USD,70,,04-Jun-2023,26/03/2024,Monthly,2002.1,4,0,5,KIDS,HYDERABAD,India,GMAIL.COM,Desktop,upi,1820,4,Y,0
CUST100115, Aadhya Sinha ,28,male,526505,INR,34,Silvr,02/04/2021,18/07/2023,Daily,1649.94,0,0,0, Home Decor ,Bangalore,,gmail.com,Desktop,,,2,No,0
CUST100116,Vivaan Iyer,19,Male,247217,INR,85, GOLD ,23-Aug-2022,27/01/2025,Monthly,1471.36,0,0,0,grocery, hyderabad , india ,GMAIL.COM,android,,1510,5,,1
CUST100117,Neha Chopra,50,male,698537,USD,23,Platinum,20-Oct-2024,09/06/2025,Rarely,3336.53,40,26,13,electronics,Pune,Bharat,,iOS,Debit Card,338,2,Y,0
CUST100118,Myra Sinha,25,M,,INR,97,Basic,04-11-2025,18/02/2026,Rarely,967.72,48,13,35,grocery,Hyd,INDIA,hotmail.com,android,Credit Card,643,5,no,0
CUST100119,Ishaan Rao,42,F,,INR,36,silver,2025-03-01,2025-12-18,RARELY,2873.21,9,0,10,Gaming, ahmedabad ,Bharat,outlook.com,Mobile,Card,467,1,Yes,0
CUST100120,Meera Singh,29,female,805102,INR,41,Platinum,2024-12-28,2025-06-13,Rarely,945.24,16,11,5,home decor,Mumbay, india ,outlook.com,iOS,Debit Card,1323,4,Y,1
CUST100004,Aditya Reddy,46,female,645689,INR,56,Platinum,2024-05-16,20/01/2026,Rarely,1617.92,12,2,11,GAMING, Hyderabad ,, gmail.com ,Android,Credit Card,2440,3,yes,0
CUST100122,Kiara Sinha,38,M,2270932,₹,77,basic,2024-11-26,2025-06-28,weekly,1936.75,2,1,1,GAMING, Calcutta , india ,hotmail.com,Android,Credit Card,1490,3,no,
CUST100123,Riya Singh,33,M,782766,,40,Silvr,09-23-2022,2023-07-27,Rarely,471.7,7,5,2,Beauty, bengaluru ,Bharat, gmail.com ,,,1855,3,Yes,1
CUST100124,Saanvi Singh,28,FEMALE,1380257,USD,18,Silvr,27/06/2021,11-17-2022,Weekly,2607.51,25,17,8,FASHION,Chennai,,gmail.com,Mobile, CREDIT CARD ,468,1,Yes,0
CUST100125,Ira Khan,32,female,157196,₹,61,silver,06/03/2022,28/01/2023,Rarely,2081.03,26,19,6,home decor,Hyderbad,IN,gmail.com,Web,UPI,2004,1,,0
CUST100126,Kiara Mehta,30,M,576395,USD,41,Platinum,2025-08-02,11-Nov-2025,weekly,2237.7,17,11,7, Books ,BENGALURU,India,yahoo.com,Mobile,Credit Card,0,4,N,0
CUST100127,Amit Sinha,31,Female,750074,Rs,74,basic,01-Apr-2023,25/11/2024,RARELY,4027.05,22,2,19,SPORTS, mumbai ,IN,yahoo.com,iOS, CREDIT CARD ,657,4,Y,0
CUST100011,Sai Sinha,11,FEMALE,837540,,67,Basic,26-Nov-2024,2026-05-10, monthly ,283.96,9,1,7, Kids ,Bangalore, india ,company.com,iOS,Wallet,412,4,,0
CUST100129,Sai Mishra,14,F,518410,Rs,40,basic,2023-06-14,31/10/2023,RARELY,3134.91,37,4,32,kids,Delhi ,Bharat, gmail.com ,Android,UPI,377,4,no,0
CUST100016,Aadhya Khan,25,FEMALE,213481,INR,23,silver,12/09/2022,09-26-2022,,1194.35,16,15,1, Fashion ,Mumbay,India,gmail.com,Web,Debit Card,613,1,0,0
CUST100131,Ananya Patel,65,Male,1412016,Rs,76,Platinum,07-18-2022,2024-12-12, monthly ,784.61,1,0,1, Beauty ,Lucknow,,company.com,Web,Cash,1296,3,,0
CUST100132,Rahul Mehta,180,,1125441,INR,65,Gold,30/08/2023,24-May-2024,Monthly,1064.45,6,4,2,SPORTS,Hyderbad,INDIA,, web ,Debit Card,1769,3,1,1
CUST100068,Myra Nair,22,Female,,₹,88,PLATINUM,06-Aug-2024,01-09-2026,weekly,999999,9,2,6,food court,,India, gmail.com , web ,Credit Card,553,,,0
CUST100134,Sara Joshi,,FEMALE,,,76,Gold,03-Jul-2023,22/07/2023, monthly ,2034.56,9999,6,3,Sports, ahmedabad ,Bharat, gmail.com , web ,Wallet,,5,0,0
CUST100135, Vivaan Khan ,19,Male,251334,,87,Silver,08-07-2021,14-May-2023,Daily,1177.6,6,1,4, Kids ,Bangalore,,hotmail.com,iOS,UPI,1447,1,0,0
CUST100136,Ananya Nair,18,M,466720,Rs,51,Platinum,2024-06-05,2024-11-26, monthly ,2843.23,3,0,3, Electronics ,HYDERABAD,, gmail.com ,,Debit Card,872,4,,0
CUST100137,Kiara Patel,47,FEMALE,793857,,83,silver,08-27-2024,26-Apr-2026,weekly,1144.46,,3,34,Food Court,Hyderbad,India, gmail.com ,,,1227,4,Y,0
CUST100138,Ayaan Rao,40,Female,500365,INR,32,PLATINUM,03-06-2022,05-25-2023,Rarely,730.01,11,1,9,BOOKS,Delhi, india ,hotmail.com,iOS,Cash,0,1,No,0
CUST100139,Sai Kapoor,37,,707596,INR,49,PLATINUM,01-14-2025,07-31-2025,,1521.84,4,2,2, Food Court ,KOLKATA, india ,gmail.com,Desktop,Cash,1229,2,Y,0
CUST100140,Ishaan Iyer,26,female,1607754,INR,53,Silver,22-May-2023,15-Nov-2024,Weekly,3299.26,70,2,69,Sports,Delhi ,IN,outlook.com,Desktop,Debit Card,1170,4,Y,0
CUST100141,Rahul Kapoor,33,M,790169,Rs,53,Basic,24/03/2024,2026-06-15, monthly ,3474.34,13,3,10,Kids, ahmedabad ,IN,hotmail.com,android,upi,660,1,no,0
CUST100142,Rahul Sharma,42,Other,519295,₹,28,Silvr,10/10/2024,16-Dec-2024,Rarely,1632.32,2,1,1, Beauty , Calcutta ,,gmail.com,IOS,Cash,1268,2,N,0
CUST100143,Neha Singh,27,M,427475,INR,37,Silver,05/06/2025,11-08-2025,weekly,1588.73,16,11,6,sports,JAIPUR,INDIA,hotmail.com,,UPI,917,2,Y,0
CUST100144,Priya Kapoor,29,M,500883,INR,39,PLATINUM,18-Aug-2024,06-16-2025,,2030.57,9,4,5,Books, mumbai ,India,hotmail.com,,Cash,2586,1,Yes,0
CUST100145,Aadhya Das,47,MALE,555731,₹,58,PLATINUM,04-25-2021,08-Mar-2023, monthly ,2362.12,12,2,10,Gaming,NEW DELHI,INDIA,GMAIL.COM,Mobile,,1395,4,0,1
CUST100146,Aarav Kumar,30,F,,USD,74,Gold,08-13-2025,,,1057.63,14,9,5, Sports ,LUCKNOW,,company.com,iOS,upi,855,3,0,0
CUST100147,Saanvi Das,35,M,160575,USD,61,PLATINUM,01/08/2024,18/10/2024,weekly,792.99,3,0,4,FASHION,Pune,Bharat,hotmail.com,android,,1905,3,Yes,0
CUST100148,Ishaan Singh,42,F,2024175,INR,62,PLATINUM,10-01-2022,07/09/2024,weekly,5126.73,44,5,39,Fashion,JAIPUR,IN,gmail.com,android,Credit Card,560,4,Y,
CUST100149,Diya Gupta,23,FEMALE,,INR,41,Platinum,25/11/2021,2024-04-18,weekly,4363.19,19,0,19,BEAUTY, jaipur ,INDIA,rediffmail.com,iOS,upi,2244,5,,1
CUST100150,Saanvi Patel,34,FEMALE,645995,USD,53,PLATINUM,29-Jun-2023,02-15-2024, monthly ,2171.74,12,4,9,Electronics, mumbai ,INDIA, gmail.com ,android, CREDIT CARD ,934,4,1,0
CUST100151,Priya Chopra,30,Female,,,89,basic,08-Sep-2021,22-May-2022,,783.38,18,7,12,sports, ahmedabad , india ,,,UPI,474,2,No,1
CUST100152,Priya Verma,45,,472036,INR,68, GOLD ,05-Jan-2025,2026-02-07,Rarely,1777.34,19,14,5,electronics,KOLKATA,,gmail.com, web , CREDIT CARD ,1290,4,1,0
CUST100153,Neha Nair,30,Female,474216,Rs,58, GOLD ,2024-01-08,06-Dec-2024,,990.36,1,0,1,BEAUTY,CHENNAI,,yahoo.com,,Cash,734,3,0,1
CUST100154,Sai Sharma,41,Other,576835,Rs,90,Platinum,05-25-2023,2023-12-25,Daily,2159.87,1,0,0,sports, lucknow ,Bharat,rediffmail.com,Android,,1884,3,0,0
CUST100155, Krishna Singh ,43,M,465543,,82,silver,11/08/2022,06-02-2024,weekly,3303.6,31,1,30,Grocerry,Delhi ,India,gmail.com,iOS,upi,1879,5,N,0
CUST100156,Vihaan Gupta,33,M,2032880,INR,21,basic,05-07-2025,30-Jan-2026,RARELY,2123.32,33,7,25, Grocery , Calcutta , india ,yahoo.com, web ,,1950,2,N,0
CUST100157,Ishaan Patel,52,male,412540,,19,Basic,22/04/2021,03-30-2023,Monthly,6609.53,0,0,0, Electronics , pune , india ,rediffmail.com,Android,Wallet,1603,2,1,1
CUST100158,Sai Iyer,25,Female,620488,,45,Platinum,05-18-2024,03-Jun-2026,Rarely,1822.78,30,24,6, Books ,AHMEDABAD,,outlook.com,IOS,Debit Card,0,5,No,0
CUST100159,Myra Singh,37,FEMALE,2343829,INR,76,,2023-01-24,2023-07-17,Monthly,2095.13,3,2,1, Food Court ,Pune,IN,outlook.com,Android,Wallet,1672,2,yes,0
CUST100160, Arjun Kapoor ,54,female,1195919,INR,51,silver,12-21-2024,2026-02-27,Weekly,4163.87,2,0,3, Books ,Ahmedabad,India, gmail.com ,, CREDIT CARD ,1224,,1,1
CUST100161, Vihaan Sinha ,46,MALE,1209758,INR,51,Silvr,06-25-2022,06-Dec-2023,,3310.79,10,9,1,Electronics, hyderabad ,India,hotmail.com,IOS,Debit Card,1222,1,0,0
CUST100162,Rahul Mehta,36,FEMALE,775979,INR,57, GOLD ,2021-07-13,06-14-2022, monthly ,938.98,26,4,21,sports, pune ,,outlook.com,android,UPI,1199,1,0,0
CUST100163,Krishna Mishra,33,FEMALE,722944,USD,27, GOLD ,2024-09-01,02-05-2025,Rarely,588.31,4,3,2,Beauty,Hyderabad,Bharat, gmail.com ,Mobile,Cash,1584,1,1,1
CUST100164,Krishna Patel,,female,1535443,INR,76,Gold,08/09/2022,16-Jan-2025,RARELY,1071.89,1,0,1, Electronics ,Mumbai,India,rediffmail.com,IOS,upi,1567,4,yes,0
CUST100165,Aditya Singh,27,male,452500,INR,42,Gold,2023-03-20,17/07/2023,,1650.46,16,13,2,Food Court,Ahmedabad,IN,outlook.com,android, CREDIT CARD ,576,5,1,0
CUST100166,Vivaan Sinha,46,male,428291,Rs,50,,10/07/2023,28/02/2025,RARELY,5568.13,3,0,4,SPORTS, jaipur ,India,,Android, CREDIT CARD ,1222,4,,0
CUST100113, Rahul Das ,41,,302652,,53,,11-16-2021,04-06-2022,Daily,684.16,31,28,3,books,PUNE,IN,yahoo.com,android,UPI,1306,3,No,0
CUST100049,Kiara Kumar,23,Female,99999999,INR,71,Silvr,04-04-2022,08-15-2023,Monthly,2137.87,29,9,19,food court,,,GMAIL.COM,Mobile,,605,4,No,0
CUST100169,Aarav Rao,28,female,589123,INR,39,Silvr,29-Jun-2022,07-15-2023,Rarely,1292.68,5,4,1, Books ,MUMBAI,IN,gmail.com,Desktop,UPI,2408,4,,0
CUST100170,Vivaan Kapoor,22,Female,1175828,₹,48,Platinum,12-06-2022,14/12/2022,,2726.83,20,11,9,Food Court, lucknow ,Bharat,GMAIL.COM,,upi,1832,4,yes,1
CUST100171,Ayaan Verma,44,,167310,₹,37,,2024-13-01,2024-11-02,Daily,3259.28,9,4,4,KIDS,Hyderabad, india ,,android,upi,0,5,,1
CUST100172,Diya Kumar,24,Other,624228,USD,26,Gold,21-Jun-2023,26-May-2025,Monthly,2425.79,13,5,8,Groceries,Kolkata,India, gmail.com ,IOS,upi,1057,4,Y,0
CUST100173,Ayaan Joshi,43,MALE,1037896,INR,77,basic,16-Jul-2023,25-Jun-2024,,1737.94,12,1,11,Eletronics,Mumbai,Bharat,GMAIL.COM,,Credit Card,1584,2,1,1
CUST100174,Myra Mehta,26,female,764959,INR,18,Silvr,26-Feb-2022,2022-11-04,Weekly,4089.07,12,0,12,Home Decor,Lucknow, india ,rediffmail.com,Web,UPI,1052,2,,0
CUST100175,Rahul Singh,31,Other,1071363,USD,36,basic,07-Oct-2023,2025-03-10,Daily,3940.99,41,2,39,FOOD COURT, hyderabad ,Bharat,outlook.com,android,,999,1,N,0
CUST100176,Kiara Chopra,62,F,534592,INR,55, GOLD ,21/12/2022,05-01-2025,Monthly,3641.8,48,23,25,sports,Jaipur,, gmail.com , web ,Cash,1196,5,1,0
CUST100040,Arjun Verma,59,MALE,1198552,INR,38, GOLD ,11-03-2024,23-Dec-2025,Rarely,1608.71,17,4,13,SPORTS,Pune,India,gmail.com,IOS, CREDIT CARD ,615,3,no,0
CUST100178,Krishna Kapoor,47,,832039,INR,64,PLATINUM,22/02/2025,2025-12-08,weekly,1063.86,36,20,17,grocery,Hyd,IN,GMAIL.COM,iOS,,611,1,,0
CUST100179,Ayaan Patel,39,Other,,Rs,44,basic,2022-11-06,2023-09-20,weekly,3510.77,0,0,0,Gaming,Hyderabad,India,gmail.com,Desktop,upi,1243,4,no,0
CUST100180,Aarav Patel,44,Female,605084,,95,Basic,2024-09-13,13-Jun-2026,Weekly,763.55,9,5,5,kids, mumbai ,IN,company.com,Mobile,Debit Card,1607,3,No,0
CUST100181,Reyansh Sinha,44,female,673528,USD,75,,12-04-2022,2023-09-28,Weekly,933.86,15,8,7,gaming,Hyderbad, india ,rediffmail.com, web ,Debit Card,2119,2,No,0
CUST100182,Krishna Gupta,,F,619557,Rs,46,Basic,2023-03-31,10-05-2023, monthly ,3391.49,-3,1,3,Fashion,HYDERABAD,IN,yahoo.com, web ,Cash,517,4,Y,0
CUST100183,Myra Chopra,20,Other,407125,Rs,10,basic,26/08/2022,11-11-2024,,3894.87,16,15,1, Kids , chenai ,IN,company.com,IOS, CREDIT CARD ,1448,1,Y,0
CUST100184,Sai Rao,,Male,612724,₹,35,Gold,22-Jun-2021,04-20-2022,RARELY,1940.45,3,2,1,Kids, hyderabad ,INDIA,yahoo.com,iOS,Credit Card,1487,4,1,0
CUST100185,Aditya Khan,37,female,236914,USD,73,PLATINUM,2024-04-02,17-May-2026,Daily,1461.58,5,3,2,Kids,CHENNAI,INDIA,outlook.com,IOS,UPI,495,5,0,0
CUST100186,Sai Kumar,26,Female,501086,INR,23,Silver,10-12-2021,18-Mar-2022,Monthly,1969.2,13,4,8,GROCERY,Chennai,India,rediffmail.com,IOS,Cash,1844,4,yes,0
CUST100187,Aditya Joshi,23,FEMALE,327568,INR,60,Silvr,21/05/2021,23/06/2022,weekly,1969.31,8,7,1, Sports ,BENGALURU,Bharat,gmail.com,iOS,Wallet,1050,5,Y,0
CUST100188,Sara Kapoor,,FEMALE,1251933,INR,24,Gold,2022-01-11,27-Dec-2023,weekly,979.48,3,0,4, Books ,CHENNAI,INDIA,GMAIL.COM,android,,427,1,N,0
CUST100189,Aditya Sharma,23,M,615359,INR,29,basic,2023-09-20,2025-01-04,Rarely,742.81,3,0,3,Grocerry,Bangalore,IN,gmail.com,,Credit Card,882,1,1,1
CUST100190,Rahul Nair,29,Other,569885,Rs,44,PLATINUM,30/01/2021,2022-01-10,Rarely,725.21,5,4,1,Food Court,PUNE, india ,outlook.com,Android, CREDIT CARD ,1503,2,no,1
CUST100191,Meera Rao,30,,1519678,₹,57,Basic,28/07/2021,07-27-2023,Rarely,3581.12,1,0,1,GROCERY,Delhi,Bharat,yahoo.com,IOS,Cash,2153,3,Yes,0
CUST100192,Kiara Joshi,31,F,,INR,44,basic,2022-07-24,14-Jun-2023,Daily,2847.24,23,22,2,Sports,Lucknow,India,outlook.com,android,Debit Card,826,1,N,0
CUST100193,Ira Singh,34,,884734,INR,63,silver,07-25-2024,16-Feb-2025,RARELY,989.75,5,0,5, Home Decor ,Delhi ,India, gmail.com ,Web,Card,1832,4,yes,0
CUST100194,Amit Iyer,35,MALE,987395,INR,100, GOLD ,12/09/2021,11/10/2022,,1593.11,8,3,4,electronics,Hyderbad,IN,outlook.com,IOS,Cash,567,3,1,0
CUST100195,Aarav Gupta,52,male,3348145,INR,57,Gold,05-25-2023,07-Feb-2024,Monthly,3214.73,15,13,2, Kids , mumbai ,,rediffmail.com,Web,Debit Card,1402,3,1,0
CUST100196,Vivaan Kumar,25,,633530,,41,Silver,02/07/2024,2024-10-21,,1314.3,4,2,2, Home Decor ,Delhi , india ,rediffmail.com, web ,upi,999999,1,Yes,0
CUST100197,Rahul Verma,44,Male,835109,,7, GOLD ,2021-10-12,11-07-2021,,835.39,7,2,4, Sports , chenai ,Bharat,yahoo.com, web , CREDIT CARD ,2126,2,no,0
CUST100198,Ananya Joshi,34,M,510472,INR,26,silver,10-Oct-2024,24/04/2026,Rarely,1794.74,34,17,17,FASHION, ahmedabad ,,company.com,iOS,upi,1093,1,Yes,0
CUST100199,Sara Khan,43,MALE,1200484,,62,Platinum,2021-06-29,10-21-2021, monthly ,1203.89,60,26,34,Food Court,LUCKNOW,India,,Mobile,upi,1153,5,N,0
CUST100200,Riya Joshi,24,M,649811,,74,Platinum,25-Aug-2025,12-13-2025,Daily,2995.49,29,20,9, Books ,Delhi , india ,rediffmail.com,Desktop,Credit Card,1963,2,Yes,0
CUST100196,Priya Gupta,29,MALE,,INR,28, GOLD ,09-Oct-2021,01-04-2023, monthly ,1686.16,36,1,35,Grocery,,Bharat,rediffmail.com,Web, CREDIT CARD ,2114,5,1,1
CUST100202,Sai Joshi,45,,628023,₹,42,PLATINUM,08-30-2024,2025-11-28,Weekly,2350.48,21,16,4,Books, Calcutta ,Bharat,outlook.com,Desktop,UPI,683,5,No,0
CUST100203,Ishaan Reddy,20,F,859397,Rs,56,silver,04-Jan-2022,01-09-2022,Weekly,645.91,2,1,0, Gaming , jaipur , india ,, web ,,691,11,Yes,0
CUST100204,Rahul Nair,61,male,478883,Rs,82,Silvr,05-15-2023,07-30-2023,RARELY,625.32,16,3,13,electronics,Hyd,IN,gmail.com,android,Credit Card,0,2,No,0
CUST100205,Kiara Joshi,25,Other,883876,INR,65,silver,09-10-2021,08-Mar-2022,Monthly,999999,5,0,5,ELECTRONICS,JAIPUR,Bharat,GMAIL.COM,Android,upi,750,2,,0
CUST100206,Priya Chopra,50,MALE,563801,INR,39,basic,09-18-2022,2023-11-08,Monthly,308.38,6,5,1,Kids,LUCKNOW,India,hotmail.com,Android, CREDIT CARD ,1780,5,Yes,0
CUST100207,Myra Nair,50,,297017,₹,53,Silvr,10-01-2021,2023-03-11,Daily,929.37,47,35,12, Sports ,Delhi, india ,gmail.com,Mobile,upi,1013,1,Yes,1
CUST100208,Arjun Verma,46,M,1021831,INR,75, GOLD ,01-15-2021,23/06/2021,weekly,479.87,1,0,1,FASHION,CHENNAI,India,outlook.com,Desktop, CREDIT CARD ,1649,4,0,0
CUST100209,Riya Patel,20,male,321499,INR,8,,not available,2026-03-05,Daily,1857.2,20,2,19,food court,Mumbai, india ,hotmail.com,Desktop,Cash,2251,,yes,0
CUST100210,Rahul Reddy,31,MALE,,INR,84, GOLD ,29-Jan-2022,2022-06-27,Daily,1511.15,18,4,14,BEAUTY, bengaluru ,India,outlook.com,Android,UPI,1159,4,,
CUST100211,Ananya Das,36,,540200,,79,Basic,01-11-2023,09/02/2025,Monthly,777.51,0,0,0,ELECTRONICS,CHENNAI,Bharat,GMAIL.COM,,upi,783,4,,0
CUST100212,Aadhya Chopra,9,Other,213584,Rs,84,silver,2023-12-27,05/06/2026,Daily,4011.64,21,2,18,Home Decor,Bangalore,INDIA,gmail.com,,Cash,1320,2,Yes,0
CUST100213,Priya Kumar,41,Other,1399422,₹,47,PLATINUM,2023-01-26,12-24-2023,Weekly,3029.7,31,16,14,GAMING,PUNE,INDIA, gmail.com ,IOS,Cash,1135,2,Yes,0
CUST100214,Amit Chopra,0,Female,425837,,22,Silver,12/03/2024,07-27-2025,Rarely,2946.59,1,0,1,Grocery,Kolkata,,gmail.com,Web,Cash,2229,0,1,1
CUST100215,Arjun Verma,43,MALE,910256,INR,79,PLATINUM,08/09/2023,,weekly,3234.31,4,1,4, Fashion ,Pune,India,hotmail.com,iOS,Wallet,2101,4,1,0
CUST100216,Arjun Joshi,52,female,120000,,67,basic,09-28-2024,08-02-2025,Monthly,2361.9,10,3,7,beauty,Bangalore,India, gmail.com ,Web,Debit Card,1300,2,Y,0
CUST100217,Riya Singh,18,Other,438677,INR,70, GOLD ,09-Jan-2024,08/07/2025,Daily,1289.53,29,18,11,electronics,AHMEDABAD,INDIA,,Desktop,Cash,917,2,no,0
CUST100218,Riya Mishra,39,male,198308,USD,51,Silver,2024-05-01,09/10/2024,Rarely,2256.61,9,0,8,Groceries,MUMBAI,Bharat,outlook.com,Android, CREDIT CARD ,202,4,,0
CUST100219,Vivaan Verma,14,M,1437866,INR,41,silver,14/09/2021,14-Oct-2023,Monthly,6303.17,9,1,7,gaming,Ahmedabad,INDIA,GMAIL.COM,Web,,264,4,1,0
CUST100220,Ananya Mishra,,Female,922701,Rs,51,Gold,04-04-2021,2021-05-23,Daily,2661.08,5,4,0,Groceries,Hyd,IN,gmail.com,IOS,Debit Card,1072,4,Y,0
CUST100221,Ira Patel,41,male,279974,USD,50, GOLD ,19-Aug-2022,2023-08-22,Monthly,1665.3,22,21,1,fashion, bengaluru , india ,yahoo.com,iOS,Debit Card,670,5,Y,0
CUST100222,Arjun Kumar,24,Male,316062,INR,80,,07-03-2024,2025-05-20,Weekly,847.02,8,2,7, Beauty , ahmedabad ,India, gmail.com ,Mobile,Card,1066,2,,0
CUST100223,Krishna Mehta,39,MALE,547544,INR,63,Platinum,23-Aug-2021,2022-06-04,RARELY,431.13,1,0,2, Home Decor ,AHMEDABAD,Bharat,hotmail.com,IOS,Debit Card,1646,,Yes,1
CUST100224,Ananya Kumar,32,FEMALE,355332,₹,41,PLATINUM,20-Nov-2024,2026-06-27,Rarely,5214.32,11,7,4,SPORTS, Calcutta ,IN,yahoo.com,Android,Cash,999999,3,Y,0
CUST100225,Sara Joshi,36,Other,463145,₹,25,PLATINUM,13-Sep-2021,30-Aug-2023, monthly ,5016.69,20,19,1,Fashion,Jaipur,India,gmail.com,Desktop,Credit Card,592,2,Y,0
CUST100226, Sara Iyer ,36,male,329486,USD,72,Silver,2024-13-01,25-Dec-2023,Daily,,9,2,8,kids,JAIPUR,INDIA,rediffmail.com,android,,1309,3,yes,0
CUST100227,Kiara Kapoor,43,Male,707188,INR,20,,23/07/2021,2023-07-20,Rarely,1872.55,68,11,57, Electronics , Calcutta ,, gmail.com ,Web,Cash,,2,Y,0
CUST100124,Vihaan Sinha,35,MALE,99999999,USD,63,Gold,2024-04-01,15-Jul-2024,Monthly,2832.67,19,5,14, Food Court , Hyderabad , india ,company.com,Web,Debit Card,113,3,N,0
CUST100229,Reyansh Patel,19,FEMALE,375173,Rs,23,silver,2021-09-07,2022-03-23,Weekly,328.3,95,56,38, Beauty ,Lucknow, india ,outlook.com,android,Wallet,2063,2,yes,1
CUST100230,Myra Sharma,42,female,274118,,9, GOLD ,05-30-2023,12-20-2023,weekly,2692.55,9,6,3,Food Court,Lucknow,, gmail.com , web ,Debit Card,1302,3,,1
CUST100231,Sai Khan,27,FEMALE,348132,INR,22,,07-30-2021,2023-02-24,Daily,,4,0,4,Gaming,CHENNAI, india ,outlook.com,Desktop,UPI,0,4,No,1
CUST100232,Amit Verma,34,F,1823225,Rs,55,Silver,2023-07-20,12-06-2024, monthly ,1145.26,14,4,9,Home Decor,Jaipur,India,GMAIL.COM,iOS,Wallet,542,4,No,0
CUST100233,Aditya Sinha,33,Female,344889,INR,68,Basic,05/12/2023,28-May-2025,weekly,3060.95,35,26,10,Sports,KOLKATA,INDIA,,,upi,455,1,N,0
CUST100234,Priya Chopra,50,FEMALE,1702254,INR,88,Gold,24/07/2022,09-30-2023,Monthly,2805.17,8,3,5,BEAUTY,Ahmedabad,IN,,Desktop,,2256,4,Yes,0
CUST100235,Riya Nair,46,male,,INR,73, GOLD ,13/04/2021,2023-02-03,Monthly,1849.06,9,5,5,Home Decor,Chennai,INDIA,,Mobile,Wallet,993,5,N,0
CUST100236,Sai Singh,23,Other,538885,INR,64,silver,2025-04-07,06-17-2026,Weekly,3252.16,0,0,0,sports, mumbai ,,company.com,IOS,upi,988,3,,0
CUST100237,Saanvi Gupta,28,FEMALE,1661764,₹,10, GOLD ,28/03/2022,02-01-2024,Monthly,834.88,20,14,5,beauty,PUNE,INDIA,gmail.com,,upi,114,4,,1
CUST100238,Krishna Singh,12,Male,880188,INR,57,Silvr,18/02/2024,12-29-2025,Monthly,1877.22,47,6,41,Electronics, ahmedabad , india ,outlook.com,android, CREDIT CARD ,1253,1,Yes,1
CUST100239,Sara Kumar,59,MALE,310920,USD,65, GOLD ,21-Dec-2021,07-21-2023,Daily,6885.77,9,8,1, Books , delhi ,IN,company.com,Desktop, CREDIT CARD ,764,1,Y,0
CUST100240,Meera Sinha,,male,1369769,,41,Silver,24-Aug-2022,17/10/2022,Weekly,8515.16,5,2,3,Kids,HYDERABAD,Bharat,outlook.com,,Card,834,2,No,0
CUST100241,Arjun Sharma,31,MALE,621109,,73,Basic,2021-08-01,29-Nov-2022,Daily,1862.03,0,0,0,KIDS,Mumbay,IN,GMAIL.COM,IOS,Credit Card,1142,5,No,0
CUST100242,Saanvi Patel,49,MALE,462850,INR,34, GOLD ,2024-06-23,09-21-2025, monthly ,10342.83,0,0,1,SPORTS,PUNE,,GMAIL.COM,Desktop,Credit Card,1540,5,,1
CUST100243,Sai Joshi,25,Female,925903,USD,72,Gold,04-Apr-2024,2025-03-26,,3342.38,26,13,13,Grocerry,Ahmedabad,IN, gmail.com ,Android,Debit Card,2373,2,N,0
CUST100244,Sai Chopra,31,female,250274,,63,Basic,2025-06-06,2025-09-12, monthly ,1503.57,20,4,16,books, Calcutta ,Bharat,outlook.com,iOS,Card,1911,5,No,0
CUST100245,Vivaan Khan,28,Male,661871,INR,50, GOLD ,2024-12-11,12/12/2025,weekly,3719.34,0,0,0,food court,Bengaluru,INDIA,company.com,iOS,UPI,0,1,yes,1
CUST100122,Riya Reddy,27,Other,,USD,4,Platinum,19-Dec-2022,03-04-2024,Daily,1789.86,5,0,4,Electronics, Hyderabad ,India, gmail.com , web ,Cash,700,4,Yes,0
CUST100247,Reyansh Sinha,35,Other,234486,,84, GOLD ,2021-04-27,14/07/2021,weekly,3414.57,28,15,12,sports, delhi ,Bharat,GMAIL.COM,android,,870,4,yes,0
CUST100222,Arjun Kumar,24,Male,316062,INR,80,,07-03-2024,2025-05-20,Weekly,847.02,8,2,7, Beauty , ahmedabad ,India, gmail.com ,Mobile,Card,1066,2,,0
CUST100249,Arjun Sharma,18,F,933278,₹,48,silver,26-Aug-2025,2026-04-05,,2974.3,5,3,2,kids,KOLKATA,Bharat,rediffmail.com,Android,Wallet,1260,5,0,0
CUST100250,Riya Singh,25,male,334657,INR,76,Platinum,11/09/2023,25-Jun-2025,Monthly,507.65,10,0,9,Food Court, lucknow ,India,outlook.com,,Card,118,3,yes,1
CUST100251,Rahul Verma,50,MALE,478574,INR,67,,08-Jun-2021,2022-11-09,RARELY,-250,35,12,22,Electronic,Delhi,India,hotmail.com, web ,,1559,5,no,0
CUST100252,Aadhya Khan,41,F,494244,INR,76,Basic,2024-01-09,2026-01-28,weekly,3380.6,18,17,1,beauty,Lucknow, india ,,,Credit Card,2092,3,no,0
CUST100253,Arjun Chopra,36,Female,,USD,93,PLATINUM,31-Oct-2021,12/06/2023,,710.19,28,9,18,KIDS, lucknow , india ,yahoo.com, web ,upi,2039,2,Y,0
CUST100254,Saanvi Mishra,18,,1046324,USD,56, GOLD ,07-18-2023,09-Aug-2024,,2598.47,23,16,6,Grocerry,HYDERABAD,IN,,IOS,upi,192,5,,0
CUST100255,Saanvi Singh,,FEMALE,474877,INR,79,Gold,08/11/2023,2025-12-19,,1005.44,5,3,1, Fashion ,BENGALURU,IN,GMAIL.COM,iOS,Debit Card,839,1,1,0
CUST100256,Krishna Sinha,40,F,874274,,65,Platinum,2021-03-20,06-06-2022,Weekly,2654.17,10,7,2,Food Court,Bangalore,India,rediffmail.com,iOS,Card,1689,5,N,0
CUST100257,Priya Kumar,50,female,868617,USD,63,Platinum,01-Oct-2023,12-24-2025,weekly,7699.24,7,3,4, Sports ,MUMBAI,India,GMAIL.COM,IOS,,762,4,0,0
CUST100258,Aditya Khan,48,MALE,467472,,34,Silvr,24-Sep-2022,26/12/2023, monthly ,578.26,43,11,32,food court, Calcutta ,INDIA,outlook.com,, CREDIT CARD ,1433,5,Yes,0
CUST100259,Aarav Kapoor,,Male,237635,INR,44,Gold,03-28-2021,09-04-2021,RARELY,1816.72,0,0,0,food court, mumbai ,IN,,Android,Wallet,1367,3,1,0
CUST100260,Riya Iyer,30,F,529979,USD,40,,2023-07-16,01-Mar-2024,Rarely,5882.66,6,4,2,GAMING,Pune,IN,GMAIL.COM,Desktop,Wallet,1491,1,Y,0
CUST100261,Rahul Chopra,27,M,1353354,₹,80,Silvr,2023-11-20,,Monthly,819.06,,4,10,beauty, hyderabad ,Bharat, gmail.com , web ,Debit Card,1418,4,0,0
CUST100262,Kiara Rao,30,Male,478094,INR,59, GOLD ,08-29-2023,,Daily,395.16,24,23,1,Books,NEW DELHI, india ,GMAIL.COM,Desktop,Wallet,1764,5,No,0
CUST100263,Aarav Khan,19,FEMALE,326391,INR,43,Platinum,08-13-2024,09-09-2025,Weekly,658.56,4,0,3,sports,PUNE,Bharat,yahoo.com,android,,2184,2,Y,0
CUST100264,Ira Nair,44,,278382,INR,81,Silver,22-Feb-2024,05-19-2025, monthly ,9835.83,4,0,4,Food Court, ahmedabad , india , gmail.com ,iOS,upi,1618,3,N,0
CUST100265,Reyansh Sharma,31,male,432513,₹,51, GOLD ,2024-08-19,2026-02-28,Rarely,1757.84,21,5,15,gaming,Hyderbad,India,rediffmail.com,Desktop,UPI,240,1,,1
CUST100266,Rahul Verma,40,F,822875,₹,52,Basic,30-Aug-2021,2022-08-14,Rarely,1035.51,12,2,9,FOOD COURT, mumbai ,India,rediffmail.com,IOS,Debit Card,1627,1,Yes,0
CUST100267,Saanvi Nair,35,Female,1009065,USD,69,silver,01-May-2025,25/03/2026,RARELY,,21,5,17, Electronics ,Kolkata,IN, gmail.com , web , CREDIT CARD ,1466,3,yes,0
CUST100268,Priya Joshi,50,FEMALE,1085230,INR,77,Silvr,30/11/2021,2023-03-23,,961.48,7,4,2, Home Decor , chenai ,India,outlook.com,,Debit Card,1233,3,no,0
CUST100269,Aarav Sinha,43,female,854124,INR,100,basic,10-Dec-2022,23/03/2024,Rarely,2791.8,57,55,2, Food Court , jaipur ,IN,company.com,android,Credit Card,238,2,,0
CUST100270,Reyansh Das,40,Male,564864,INR,34,PLATINUM,16/04/2024,13/05/2024,RARELY,1698.66,16,8,8,home decor,Mumbay,,company.com,Android,Wallet,25,2,N,0
CUST100271,Neha Khan,23,FEMALE,377828,INR,70,Gold,26-Feb-2023,2025-01-28,weekly,1041.14,9,7,2, Kids ,Mumbai,INDIA,gmail.com, web ,Wallet,268,1,no,0
CUST100272,Sai Patel,21,F,,INR,71,Platinum,2022-08-30,10-23-2024,Monthly,1112.72,0,0,0,home decor,AHMEDABAD,,hotmail.com,,Card,667,1,1,0
CUST100273,Amit Gupta,48,male,2004384,₹,62,Silver,2025-03-10,19-Jul-2025,Daily,1625.52,12,8,4,home decor,Chennai,IN,hotmail.com,Android, CREDIT CARD ,682,1,1,0
CUST100274, Krishna Joshi ,,MALE,521459,,51,,05-Nov-2022,12-May-2024,,2453.45,6,4,3,kids,Ahmedabad,INDIA,, web ,Wallet,1410,4,Y,0
CUST100045,Amit Das,47,M,1286421,INR,55,silver,2022-08-08,2024-05-30,Rarely,2856.94,37,17,20,books,Mumbay,,,,Card,1361,2,0,1
CUST100276,Saanvi Nair,2,Other,2416002,INR,50,basic,21/06/2024,2025-02-05,,1310.4,15,6,10, Electronics , ahmedabad ,INDIA, gmail.com ,Web,Wallet,929,3,1,0
CUST100277,Aadhya Sinha,23,Male,887555,INR,43,silver,2021-05-24,31-May-2021,weekly,552.53,3,1,1,grocery,Delhi ,,,Mobile, CREDIT CARD ,2015,5,,1
CUST100278,Vivaan Singh,47,,1160008,INR,51,Silver,2021-07-18,20-Jun-2022,,2913.04,19,2,17,books,PUNE,,outlook.com,IOS,Card,588,4,yes,0
CUST100279,Sai Sinha,33,FEMALE,405727,INR,21,Gold,01-25-2021,17-Oct-2021, monthly ,2041.18,18,0,18,FOOD COURT, mumbai ,Bharat,yahoo.com,android,upi,1696,4,,0
CUST100280,Krishna Patel,24,Other,1139398,₹,64,Gold,2024-01-01,2026-05-16,Daily,1823.73,9,0,9,Home Decor,HYDERABAD,INDIA,hotmail.com,Mobile,Card,2117,4,yes,0
CUST100281,Saanvi Sinha,27,female,470032,₹,83,silver,20-Jan-2021,2022-09-07,,2156.41,3,1,2,books,Hyderbad,Bharat,GMAIL.COM,Mobile,Credit Card,1225,3,Y,0
CUST100282,Sai Nair,19,female,661718,,57,Platinum,2022-01-10,27/07/2022,weekly,2643.95,1,0,1,electronics, ahmedabad ,IN,rediffmail.com,IOS,Cash,230,2,Y,0
CUST100283,Saanvi Rao,0,,2274693,INR,68,Gold,15-Aug-2024,01-05-2025, monthly ,683.87,6,3,4, Sports ,Pune,,rediffmail.com,Mobile,Cash,818,4,N,0
CUST100284,Pooja Rao,46,female,471432,INR,49,Platinum,25-Feb-2024,25/05/2024,Weekly,2361.01,38,2,37,books,Kolkata,,GMAIL.COM,IOS,UPI,1917,1,no,0
CUST100285,Pooja Mishra,23,Female,263147,USD,70,basic,01-09-2024,05-26-2025,Rarely,3673.41,12,0,13,Eletronics,KOLKATA,India,outlook.com, web ,Card,546,1,N,0
CUST100286,Aarav Kapoor,28,Female,1200898,,39,Silver,13-Oct-2024,12/09/2025,Rarely,1207.47,0,0,0,fashion,KOLKATA,INDIA,hotmail.com,android,Wallet,746,2,Y,0
CUST100287,Reyansh Nair,41,MALE,554884,,49,Silvr,11-Apr-2021,12-Jul-2022,Monthly,3201.47,10,8,3, Fashion ,Delhi,India,rediffmail.com,Desktop, CREDIT CARD ,1747,2,no,1
CUST100288,Diya Kumar,42,M,432125,INR,64,basic,2023-08-21,2025-10-09,Rarely,1850.87,18,7,12,books, chenai , india ,gmail.com,Android,upi,1199,2,Y,1
CUST100289,Amit Nair,33,FEMALE,,Rs,42,Platinum,01-May-2023,23/09/2025,weekly,695.34,23,3,19,Fashion,Hyd, india ,yahoo.com,android,Cash,604,5,0,0
CUST100290,Reyansh Joshi,45,female,,INR,82,basic,12-Mar-2021,2023-04-16,Daily,8583.36,2,0,2,fashion, pune ,Bharat, gmail.com , web ,Debit Card,999999,3,0,0
CUST100291,Amit Verma,35,F,910468,,30,Platinum,30/12/2024,10-28-2025,Rarely,2916.97,10,0,10,Groceries,AHMEDABAD,Bharat,hotmail.com,,Debit Card,1622,5,Yes,1
CUST100292,Pooja Mishra,53,Male,1602568,USD,86,Platinum,2024-13-01,29-Jan-2024,weekly,3409.83,14,13,2, Food Court ,MUMBAI,,rediffmail.com,Desktop,Cash,764,5,No,0
CUST100293,Rahul Rao,42,Female,360253,INR,50,basic,30-Apr-2025,17/03/2026,Monthly,1903.23,25,0,24,Fashion, delhi ,INDIA,company.com,Desktop, CREDIT CARD ,2324,3,yes,0
CUST100294,Rahul Kumar,15,,2173687,INR,42,Basic,11-Oct-2023,05-24-2024,RARELY,3027.37,19,4,15, Gaming ,PUNE,,gmail.com, web ,Card,752,4,No,0
CUST100295,Pooja Verma,44,MALE,2005453,INR,60,basic,06-04-2022,06-06-2023,weekly,7549.03,42,9,33,GAMING,JAIPUR, india ,yahoo.com,iOS, CREDIT CARD ,1481,2,no,0
CUST100296,Ira Verma,52,female,880408,USD,35,Gold,08-17-2021,02-27-2022,Monthly,4307.67,10,3,7,Home Decor, mumbai ,INDIA,company.com,Android,Cash,1253,4,Y,0
CUST100297,Ira Verma,41,female,822742,₹,57,Platinum,03/02/2024,06-Sep-2025,RARELY,3782.66,10,8,2,FOOD COURT,Pune,Bharat,company.com,,upi,1367,3,N,0
CUST100298,Krishna Sharma,180,,,USD,1,PLATINUM,2024-04-25,15/07/2025,Rarely,1643.42,11,6,4,BEAUTY,Delhi , india ,,IOS,upi,571,2,yes,0
CUST100299,Myra Joshi,39,Female,730885,USD,50,basic,2021-05-26,13-Feb-2023,Rarely,2965.39,0,0,0,fashion,JAIPUR,INDIA,rediffmail.com,IOS,Card,751,1,No,0
CUST100300,Ira Nair,23,M,786065,INR,50,Platinum,2021-01-04,2022-06-29,Monthly,2334.24,16,15,0,SPORTS,NEW DELHI,IN,gmail.com,Android,,1180,2,0,0
CUST100301,Vihaan Chopra,37,,480416,₹,37, GOLD ,09-Jun-2024,20-May-2025,Rarely,1127.99,13,11,3, Kids ,Bangalore, india , gmail.com ,Web,Card,1449,4,0,0
CUST100302,Reyansh Verma,44,MALE,562237,INR,35,PLATINUM,2023-12-17,16/04/2026, monthly ,5726.73,11,4,8,Electronic,KOLKATA,,gmail.com,android,Credit Card,1231,5,yes,0
CUST100303,Rahul Mehta,32,F,456884,INR,46,PLATINUM,10/03/2023,07-03-2025,weekly,1381.5,0,0,0, Food Court , delhi ,Bharat,gmail.com,Desktop,UPI,766,4,yes,0
CUST100304,Ayaan Reddy,18,Female,268718,INR,51,Gold,2024-03-13,2024-12-05,Daily,1921.32,22,15,7, Food Court , delhi ,IN,outlook.com,Mobile,UPI,0,1,No,0
CUST100305, Saanvi Kapoor ,36,MALE,,₹,19,Platinum,11/05/2021,27/12/2021,weekly,958.42,41,2,40,GROCERY,Delhi,,hotmail.com,Android, CREDIT CARD ,656,2,No,0
CUST100306,Myra Mehta,31,M,866924,INR,35,Silver,10/07/2023,14-Aug-2025,Rarely,868.34,1,0,2, Grocery ,KOLKATA,,,android, CREDIT CARD ,595,3,yes,0
CUST100307,Myra Singh,44,F,485770,Rs,46,basic,22/12/2023,19/07/2024, monthly ,2300.75,8,2,6, Gaming ,Delhi,INDIA,hotmail.com, web ,,1947,5,yes,0
CUST100308,Ananya Patel,19,Male,209307,INR,62,Basic,29/06/2025,08-Oct-2025,Weekly,2760.58,3,2,1,Home Decor,JAIPUR,Bharat, gmail.com ,Mobile,Card,2010,1,Yes,1
CUST100309,Meera Gupta,45,FEMALE,1015317,INR,71,basic,04/12/2024,2025-09-17,RARELY,2228.79,13,8,5,Books,PUNE,India,outlook.com,Web,Wallet,1262,4,no,0
CUST100310, Ananya Kapoor ,35,Female,,,80,,06-02-2022,2022-12-15,,999999,-3,0,29, Food Court ,BENGALURU,IN,gmail.com,IOS, CREDIT CARD ,1640,3,0,0
CUST100311,Priya Kumar,25,female,715987,INR,66,Platinum,2021-12-29,15/01/2023, monthly ,2810.0,44,40,3,FASHION,Kolkata,,yahoo.com,Android, CREDIT CARD ,1976,5,0,0
CUST100120,Meera Singh,29,female,805102,INR,41,Platinum,2024-12-28,2025-06-13,Rarely,945.24,16,11,5,home decor,Mumbay, india ,outlook.com,iOS,Debit Card,1323,4,Y,1
CUST100313,Neha Verma,32,Male,287047,USD,67, GOLD ,04-19-2024,2026-06-17, monthly ,2540.82,1,0,2, Beauty ,PUNE,IN,outlook.com,Web, CREDIT CARD ,254,4,Y,1
CUST100314,Vihaan Patel,71,female,1008984,₹,67,basic,10-Feb-2022,04-Mar-2022,,1714.09,10,8,2, Kids ,MUMBAI,IN,company.com,Android,Wallet,1700,2,Yes,0
CUST100315,Rahul Iyer,29,female,307757,Rs,33,Basic,05/05/2023,01-12-2024,,651.28,35,12,24, Gaming ,Pune, india ,,iOS, CREDIT CARD ,576,5,Y,0
CUST100316,Ira Nair,50,,684241,₹,88,Basic,2021-10-21,28-Oct-2022,Rarely,3020.99,1,0,1,fashion,Bengaluru,,hotmail.com,,,858,3,no,0
CUST100317,Riya Verma,27,Other,511664,,13,PLATINUM,30-Oct-2021,30/01/2023,,653.59,0,0,1, Books ,Kolkata, india ,gmail.com,IOS,upi,2323,5,no,1
CUST100318,Reyansh Rao,53,Female,266908,,49,silver,04-27-2022,07-30-2022,RARELY,2936.73,47,6,40,Kids,Lucknow,,hotmail.com,Mobile,UPI,458,4,,0
CUST100319,Aarav Das,,Other,492178,INR,51,Silvr,2024-11-28,2026-01-26,Monthly,1746.33,9,4,5,gaming, mumbai ,INDIA, gmail.com ,IOS, CREDIT CARD ,0,3,Y,0
CUST100320,Ananya Nair,32,M,132222,₹,56,PLATINUM,11/03/2025,08-10-2025,weekly,733.54,2,0,1,BEAUTY,Hyd,IN,,IOS,Cash,763,1,N,0
CUST100321,Sai Sharma,43,FEMALE,1164048,₹,30,Basic,05-17-2023,,Rarely,1114.62,15,2,12,kids, hyderabad ,India,company.com,iOS,Debit Card,1872,2,Yes,0
CUST100322,Neha Reddy,44,F,268916,INR,4,,02-20-2022,2024-05-21,Weekly,4704.15,15,0,14,KIDS,KOLKATA,, gmail.com ,,,2113,4,0,0
CUST100323,Arjun Nair,21,,873823,USD,70,Gold,18/05/2024,02-01-2025,Weekly,1312.01,39,26,14,Kids, chenai ,India,gmail.com,IOS,,540,2,Y,1
CUST100324,Aditya Das,26,M,1472736,USD,35,silver,2023-04-16,20/03/2025,Weekly,1031.21,8,7,2,FASHION,Delhi,India,gmail.com,IOS,Credit Card,2300,5,0,0
CUST100268,Myra Reddy,,Male,747787,,64,Gold,2024-10-22,09-Mar-2026,Monthly,2761.04,6,3,4,FASHION,,IN,rediffmail.com, web ,Cash,759,5,0,0
CUST100326,Sai Reddy,26,male,290521,INR,59,PLATINUM,26-Oct-2023,04-28-2024,Monthly,4935.48,0,0,0,FASHION,CHENNAI,IN,hotmail.com,Android, CREDIT CARD ,1853,4,0,0
CUST100327,Aditya Patel,34,Female,412930,₹,48, GOLD ,2021-09-28,26-Oct-2023, monthly ,996.63,33,7,27,FOOD COURT,Mumbai,India,outlook.com,iOS,Debit Card,1051,1,1,0
CUST100328,Reyansh Nair,35,FEMALE,,USD,58,basic,10-Mar-2025,2026-03-04,Weekly,1041.43,9,5,4,Kids,Jaipur,,outlook.com,,Debit Card,796,2,N,1
CUST100329,Ayaan Chopra,38,M,278387,,54,Gold,03-29-2021,06-Sep-2023,Daily,1106.73,17,15,2,Fashion, jaipur ,INDIA,gmail.com, web ,Wallet,0,2,1,0
CUST100330,Ananya Chopra,37,F,436153,INR,35,silver,2023-09-30,09-14-2024, monthly ,1723.53,12,4,8,FOOD COURT, chenai , india ,hotmail.com, web ,,2678,5,yes,0
CUST100331,Meera Mishra,28,Other,766331,INR,48,PLATINUM,08-Jan-2025,10-12-2025,RARELY,1381.85,31,5,27, Fashion ,AHMEDABAD,IN, gmail.com ,iOS,Debit Card,1843,5,yes,0
CUST100332,Sai Joshi,28,F,292973,Rs,84,Silver,07-02-2024,11-Apr-2025, monthly ,694.7,9,0,8,gaming,Hyd,India,yahoo.com,android, CREDIT CARD ,1807,2,no,0
CUST100333,Arjun Patel,122,female,865153,₹,24,PLATINUM,22-Feb-2025,22-May-2026, monthly ,2938.98,34,15,19,food court, mumbai ,IN,GMAIL.COM,android,Wallet,556,4,N,0
CUST100334, Myra Verma ,33,Male,769288,INR,53,Gold,19-May-2023,08-18-2023,Daily,1725.65,15,5,9,Gaming,AHMEDABAD,India,,IOS,Card,1066,5,N,1
CUST100335,Pooja Verma,29,Other,448386,INR,100,Silvr,02-26-2025,27-May-2025,Monthly,2769.05,4,0,3,grocery,Kolkata, india ,,Android,,1367,5,0,1
CUST100336,Aadhya Chopra,27,Other,359670,Rs,56,,2024-13-01,14/08/2023,,1210.77,8,6,3, Home Decor ,MUMBAI,Bharat,company.com,Web,UPI,2089,4,1,0
CUST100337,Sara Reddy,36,M,1205451,INR,45,Gold,17-Mar-2025,,,353.73,0,0,0, Sports , chenai ,IN,yahoo.com,IOS,upi,488,4,0,0
CUST100338, Pooja Chopra ,36,MALE,630832,,66,Silvr,07-15-2024,2025-12-30, monthly ,567.39,87,12,75,FASHION,Hyd, india ,company.com,IOS,Debit Card,1015,2,0,0
CUST100339,Saanvi Singh,27,female,590789,,43,,06-Dec-2021,2023-10-25,,2888.33,38,16,22,GAMING,Bangalore,India,rediffmail.com,Mobile,Wallet,475,3,no,0
CUST100340,Myra Mishra,27,MALE,230455,USD,53,Silver,11-10-2021,18-Feb-2022,,3455.16,14,11,3,HOME DECOR,AHMEDABAD,IN,rediffmail.com,android, CREDIT CARD ,2410,1,Yes,0
CUST100341,Aditya Reddy,,,403050,,46,Basic,09/07/2021,2023-09-29, monthly ,818.62,1,0,0,Sports, delhi ,Bharat,GMAIL.COM,,Credit Card,2529,1,Yes,0
CUST100342, Vivaan Patel ,39,M,510920,INR,59,Platinum,07-18-2025,03-06-2026,weekly,3609.86,12,2,10,Eletronics,Bengaluru, india , gmail.com , web ,Cash,428,2,Y,0
CUST100343, Pooja Gupta ,48,female,1182532,,41,Platinum,2022-12-08,2023-02-13,RARELY,1351.2,22,19,2,sports,Bangalore,India,outlook.com,android,,63,3,1,0
CUST100344,Vivaan Das,40,FEMALE,929669,USD,31,,02-17-2025,04-Mar-2026,Weekly,436.1,28,10,17, Sports ,Delhi ,Bharat,hotmail.com, web ,Cash,446,5,,0
CUST100345, Rahul Nair ,40,Other,1,USD,25,Gold,2024-01-25,03-26-2025,weekly,4167.98,0,0,1,Sports,Hyderabad,INDIA,GMAIL.COM,Web,Wallet,1776,2,Y,1
CUST100346,Diya Gupta,29,Female,372674,INR,30,Silvr,2022-07-08,07-Jan-2023,,7597.13,6,5,0,Gaming,Kolkata,INDIA,outlook.com, web ,Debit Card,2046,3,no,0
CUST100347,Priya Verma,9,Male,738725,USD,61,Silver,2024-07-29,06/12/2025, monthly ,1139.74,28,12,17,FASHION,Delhi,Bharat,,,Credit Card,1343,2,no,0
CUST100348,Vihaan Kumar,32,female,435381,,64, GOLD ,06-02-2021,,Rarely,275.2,6,4,2,GAMING, jaipur ,India,hotmail.com,Android,Wallet,711,2,No,0
CUST100349,Aditya Khan,37,F,1403424,₹,50,,09-09-2024,,Weekly,4559.41,19,1,19, Grocery ,Jaipur,,outlook.com,Web,,943,3,,0
CUST100350,Meera Nair,36,MALE,1499662,₹,68,Platinum,07-Dec-2022,25-Apr-2023,RARELY,778.7,4,1,4,Gaming, jaipur ,INDIA,outlook.com,Android,Cash,565,5,No,0
CUST100351,Riya Mehta,31,FEMALE,795589,INR,44,Silver,2021-10-29,11-09-2023,Daily,1244.37,31,0,30,Grocerry,BENGALURU,Bharat,GMAIL.COM,android, CREDIT CARD ,1362,2,N,0
CUST100352,Krishna Verma,43,Female,452205,₹,61,Gold,19-Jul-2022,24-Nov-2024,,1460.23,15,5,10, Home Decor ,Pune,India,yahoo.com,android,Wallet,421,5,Y,0
CUST100353,Pooja Iyer,42,FEMALE,384589,USD,32,Basic,01-16-2025,03-27-2026, monthly ,399.88,15,0,15,Fashion, jaipur ,INDIA,hotmail.com,Desktop,UPI,1644,4,no,0
CUST100354,Reyansh Mishra,27,FEMALE,764884,INR,59,Gold,20/04/2024,2025-07-24,Daily,912.86,0,0,1,gaming,Bengaluru,IN, gmail.com , web ,Card,1810,11,Yes,1
CUST100104,Sai Khan,20,M,453482,Rs,84,,21/12/2022,27/05/2025,,1280.02,5,1,4,FASHION, hyderabad ,INDIA, gmail.com , web ,Wallet,1810,4,0,0
CUST100356,Pooja Kapoor,23,MALE,410354,INR,31,,02/05/2024,29-Oct-2025,Daily,3247.21,48,43,5,GROCERY,Mumbai,Bharat,company.com,Desktop,Debit Card,0,1,yes,0
CUST100357,Aadhya Gupta,48,female,1363521,,27, GOLD ,06/10/2021,2024-01-31,Monthly,,13,1,11,Grocerry,Jaipur,India, gmail.com ,Web,Credit Card,563,5,No,0
CUST100358,Sai Das,38,M,377018,,84,Silver,10-08-2024,02-02-2025,,4491.93,62,1,61, Kids ,BENGALURU,India,gmail.com,Android,UPI,1523,5,No,0
CUST100359,Kiara Kapoor,28,,496194,INR,71,Silver,11-14-2023,07-04-2024,Weekly,1034.88,9,5,4,KIDS,Kolkata,India,gmail.com,IOS,UPI,1048,1,1,0
CUST100360,Saanvi Das,31,M,932435,INR,52,Silver,25/05/2022,04-Nov-2023,Monthly,2021.51,17,4,13,electronics, pune ,,,Desktop,Cash,1188,4,yes,0
CUST100361,Aarav Iyer,53,Other,998165,INR,77,Basic,04-15-2022,04-22-2024,Monthly,670.95,8,2,6,electronics,PUNE,,outlook.com,Mobile,UPI,753,3,,0
CUST100362,Meera Patel,38,F,783687,INR,58,basic,2024-04-17,05-Mar-2025,,784.81,4,3,1,BOOKS,Pune,IN,gmail.com,iOS,Credit Card,2644,1,N,0
CUST100363,Kiara Verma,5,female,1665385,INR,56,Gold,2021-09-19,24/01/2024,Monthly,2695.31,0,0,0,fashion,Jaipur,Bharat,GMAIL.COM,android,Cash,2364,4,1,0
CUST100364,Ayaan Sinha,22,female,909052,USD,71,PLATINUM,18-Nov-2022,2023-10-29,RARELY,662.13,51,30,21,Kids,Hyderabad,,outlook.com,Desktop,UPI,2114,1,Yes,0
CUST100365,Kiara Nair,26,M,265834,,53,silver,2025-03-07,23/06/2025,Rarely,2326.45,36,0,36,FASHION, hyderabad ,Bharat,gmail.com,,Card,0,1,,0
CUST100366,Krishna Gupta,,FEMALE,608782,Rs,64,,07-29-2021,12-Jun-2023,Monthly,2129.74,0,0,0, Gaming , delhi ,Bharat,company.com,iOS,,981,3,Yes,0
CUST100367,Riya Singh,20,Other,701363,INR,40,basic,03/02/2022,2022-08-01,RARELY,2768.22,6,4,2,Grocerry,CHENNAI,INDIA,hotmail.com,IOS,,1411,5,Yes,0
CUST100368,Meera Joshi,33,MALE,754712,₹,81,Gold,24-Nov-2024,06-26-2026,Rarely,1014.45,41,21,19, Kids ,JAIPUR,India,outlook.com,android,,684,3,,0
CUST100369,Priya Nair,,Female,402467,INR,69,Silver,02/03/2021,02-Jul-2023,RARELY,2131.47,28,8,20,Kids, bengaluru ,India,GMAIL.COM,iOS,upi,1753,2,No,1
CUST100370,Aarav Kapoor,17,female,,₹,84,basic,04-Feb-2021,26-Jun-2022,RARELY,1092.51,17,0,17,Beauty,MUMBAI,Bharat,yahoo.com,IOS,UPI,908,4,Y,0
CUST100371,Saanvi Khan,31,F,,USD,100,Silvr,2022-12-08,22-Jan-2024,Rarely,2512.93,2,1,1,FASHION,Jaipur,IN,yahoo.com,,Wallet,1184,1,1,0
CUST100372,Sai Patel,33,Male,1080389,,34,,07-15-2023,2024-02-09,,1343.64,65,6,59,food court,Mumbay,INDIA,, web ,Card,1673,2,No,0
CUST100373,Pooja Singh,35,Other,878337,INR,78, GOLD ,18-Mar-2024,2026-04-25,Monthly,1506.33,3,2,1,Electronics, ahmedabad ,INDIA,outlook.com,android,upi,0,1,1,1
CUST100374,Sara Kapoor,48,F,1066746,Rs,21,Silver,07/12/2023,2025-10-03,Weekly,2513.64,49,33,17,grocery,Kolkata,Bharat,hotmail.com,, CREDIT CARD ,2877,5,yes,0
CUST100375,Aditya Rao,24,,364397,Rs,54,basic,2023-11-06,16-Feb-2025,,1062.45,17,11,6, Gaming , pune ,IN,outlook.com,Web,upi,2086,2,No,0
CUST100376,Krishna Mehta,36,female,1167809,Rs,86,PLATINUM,03-03-2021,11-Jan-2023,Monthly,817.65,20,15,5,electronics,Hyderbad, india ,outlook.com,android,Debit Card,1203,5,no,0
CUST100377,Saanvi Kumar,39,F,1011748,USD,14, GOLD ,23-Nov-2022,01/12/2024,Daily,1120.23,1,0,1,sports,PUNE,Bharat, gmail.com ,Android,upi,707,2,No,1
CUST100378,Vihaan Nair,,F,964951,INR,47,,04-07-2021,27/10/2021, monthly ,1717.6,20,10,9,Sports,Pune,IN,company.com, web ,UPI,963,1,no,1
CUST100379,Vivaan Khan,,MALE,267643,Rs,51,Silvr,2023-08-27,23/03/2025, monthly ,546.93,26,4,23, Kids ,PUNE, india ,outlook.com,Web,Card,1962,2,1,0
CUST100380,Ayaan Singh,,Female,689553,,93,Gold,2024-06-12,,Rarely,1118.35,6,4,2,FASHION,Pune, india , gmail.com ,Mobile,UPI,943,3,N,0
CUST100381,Vihaan Singh,,Other,378335,INR,50,Platinum,06-04-2025,15-Jan-2026,Rarely,676.43,13,4,10,Grocerry,KOLKATA,Bharat,yahoo.com,Android, CREDIT CARD ,1616,3,Y,0
CUST100382,Arjun Patel,60,female,468932,,50,basic,24/09/2024,03/01/2026,weekly,1182.38,0,0,1,Food Court,JAIPUR,India,,Web,Card,489,4,Yes,0
CUST100383,Neha Iyer,49,female,170592,,68,Silvr,26/03/2024,27-Oct-2025,Monthly,1372.94,46,30,16,home decor,Mumbay,India,company.com,Mobile,Card,857,2,no,0
CUST100384,Neha Khan,31,FEMALE,201016,Rs,79,Silvr,2024-04-07,30/06/2025,,4325.28,22,2,21,FASHION,PUNE,IN,gmail.com,,Cash,978,4,N,0
CUST100385,Meera Khan,34,,1654143,INR,29, GOLD ,02-24-2025,02-28-2026,Weekly,1408.02,12,10,3,Food Court,Pune,INDIA,outlook.com, web ,UPI,1672,3,No,0
CUST100386,Vihaan Joshi,32,Female,1123562,INR,43,Platinum,24-Aug-2021,2022-01-19,,1799.2,0,0,1, Grocery ,Pune,, gmail.com ,,Card,921,2,No,0
CUST100387,Arjun Das,33,M,510724,INR,39,,2025-07-20,21/12/2025,RARELY,1128.78,4,0,4, Books ,Lucknow,,gmail.com,android,upi,2336,2,no,0
CUST100388,Arjun Das,23,M,406933,INR,73, GOLD ,28/11/2021,02-Apr-2023,Monthly,1539.5,14,7,8,Eletronics, ahmedabad ,,gmail.com,android,Wallet,2616,5,N,0
CUST100389, Vivaan Nair ,44,Female,845110,₹,57,PLATINUM,05-14-2025,11-08-2025,weekly,1200.2,9,7,1,beauty,Bengaluru,IN,outlook.com,Desktop,,1835,1,,0
CUST100390, Neha Nair ,,Female,564298,Rs,62,PLATINUM,05/08/2023,08-03-2025,weekly,1661.08,7,0,6,kids,JAIPUR,IN,rediffmail.com,IOS,Card,971,2,Y,0
CUST100391,Vihaan Reddy,41,Female,2297359,USD,55,basic,11-01-2021,2022-01-20,weekly,4383.89,9,7,3,Grocerry, jaipur , india ,hotmail.com,,,2561,4,Yes,
CUST100392,Myra Kapoor,50,MALE,1,INR,37,PLATINUM,07-13-2025,10-May-2026,Monthly,2394.88,6,1,5,ELECTRONICS,LUCKNOW, india ,gmail.com,Mobile,Card,313,5,No,0
CUST100393,Rahul Mehta,34,Male,270509,Rs,31,Gold,01-31-2021,09/04/2021,Weekly,5692.25,16,4,11, Gaming ,MUMBAI,India,yahoo.com,Mobile,UPI,1371,5,Y,0
CUST100394,Priya Patel,29,FEMALE,677870,INR,100,Basic,31/12/2022,17-Jun-2024,Weekly,1095.91,40,12,28, Gaming ,Lucknow,,yahoo.com,Web,,925,1,no,0
CUST100395,Ira Iyer,33,Other,936498,USD,68, GOLD ,03-30-2021,22/11/2022, monthly ,2249.48,11,8,4, Gaming ,Lucknow, india ,gmail.com,Desktop,Wallet,1952,4,yes,0
CUST100396,Ira Joshi,24,male,470778,Rs,78,Basic,02/03/2023,07-25-2023,Weekly,916.91,6,0,5,electronics,JAIPUR,IN,outlook.com,,Card,1314,5,N,1
CUST100397,Ananya Sharma,31,MALE,511131,INR,49,silver,13/05/2024,27/02/2026, monthly ,851.49,15,11,4,Home Decor,Hyderbad,India,rediffmail.com, web ,UPI,1679,2,No,0
CUST100398,Sai Joshi,36,,588946,INR,6,Silvr,2024-03-19,2026-04-29,weekly,3397.62,24,18,6,GAMING, pune ,Bharat,rediffmail.com,,Card,1341,1,no,0
CUST100399,Ira Kapoor,25,,361768,INR,97,PLATINUM,11/05/2024,2026-04-06,Weekly,1029.25,6,3,2,Electronics, lucknow ,Bharat,GMAIL.COM, web ,upi,527,1,N,0
CUST100400,Ira Sharma,35,female,797338,,26,silver,03-Jun-2023,2024-10-24, monthly ,5995.93,3,0,4,Food Court,Hyd,INDIA,hotmail.com, web ,Wallet,1037,3,0,1
CUST100274, Aditya Joshi ,38,,,INR,12,Platinum,20-Apr-2021,29/04/2021,,2207.86,1,0,1,fashion,Bangalore, india ,,, CREDIT CARD ,945,4,no,1
CUST100402,Ayaan Sinha,22,male,272063,USD,27, GOLD ,2023-01-04,04-02-2024,RARELY,635.87,86,10,75,Kids,Hyd,Bharat, gmail.com ,Web,upi,1822,3,,0
CUST100403,Amit Patel,31,,808341,,65,PLATINUM,23-Jan-2023,11-11-2023,Daily,1578.84,37,13,24,HOME DECOR,Mumbay,INDIA,gmail.com,android,,1021,4,0,0
CUST100268,Aarav Reddy,47,male,99999999,,16,Gold,2025-01-03,21-Jul-2025,Rarely,3164.39,1,0,1, Beauty ,Bangalore,Bharat,GMAIL.COM,,Credit Card,888,2,N,1
CUST100405,Pooja Singh,122,Other,322039,,53,,22-Jun-2024,2025-01-30,weekly,2856.77,5,0,5, Books , chenai ,,outlook.com,Mobile,Credit Card,1479,4,,0
CUST100354,Reyansh Mishra,27,FEMALE,764884,INR,59,Gold,20/04/2024,2025-07-24,Daily,912.86,0,0,1,gaming,Bengaluru,IN, gmail.com , web ,Card,1810,11,Yes,1
CUST100407,Reyansh Khan,31,M,1297917,,59,,06-20-2025,2025-08-06,Monthly,1183.29,20,14,5,Fashion,Kolkata,INDIA,gmail.com,Mobile, CREDIT CARD ,1317,1,,1
CUST100408,Vihaan Joshi,25,female,753810,Rs,88,silver,27-Jan-2021,11-20-2022,Daily,1611.83,10,9,2,Kids,PUNE,Bharat,hotmail.com,Desktop, CREDIT CARD ,1321,1,,0
CUST100409,Aarav Iyer,21,MALE,720150,INR,79,Platinum,2023-12-02,12-Sep-2025,Weekly,2021.92,11,0,11, Books ,MUMBAI,IN,gmail.com,IOS,Credit Card,643,5,0,1
CUST100410,Sara Mehta,38,M,562775,INR,35,,04/07/2021,22-May-2023,Rarely,1756.95,6,5,2,Gaming,LUCKNOW,India,GMAIL.COM, web ,Wallet,1342,5,1,1
CUST100411,Sai Kapoor,28,Other,600354,₹,70,silver,2024-03-22,2024-04-09,Weekly,,27,3,24,KIDS,Jaipur,,GMAIL.COM,Mobile,Cash,1445,2,Y,0
CUST100412, Ayaan Rao ,26,female,134022,Rs,60,Platinum,08-26-2021,2023-04-06,Monthly,2544.15,11,0,11, Fashion , bengaluru ,,gmail.com,Android,Card,596,4,Yes,0
CUST100413,Aditya Nair,44,Other,351857,₹,34,Gold,13-Mar-2022,08-14-2024,Monthly,1400.24,4,2,3,electronics,BENGALURU,INDIA,outlook.com,iOS,Card,2798,5,yes,1
CUST100414,Ananya Iyer,20,M,953637,,67,silver,2024-01-23,12-Apr-2025,weekly,1523.14,36,5,30,grocery, delhi ,India,company.com,Mobile,Wallet,871,5,yes,0
CUST100415,Ananya Das,26,M,525574,USD,40,PLATINUM,2025-04-18,2025-10-01,Daily,1947.62,3,2,0,Eletronics,Ahmedabad,IN, gmail.com ,android,upi,447,2,Yes,0
CUST100416,Vivaan Sinha,37,male,1978250,USD,86,Basic,04-14-2021,2021-07-03,weekly,5471.68,41,14,26,Kids, bengaluru ,, gmail.com ,Android,Cash,536,5,0,0
CUST100417,Sara Sinha,44,Male,1213688,Rs,56,Silver,10/06/2024,09-14-2024,Daily,819.74,21,15,5,Beauty,Hyderabad,Bharat,rediffmail.com,Mobile,Card,1092,5,Yes,0
CUST100418,Ishaan Kumar,36,M,801640,INR,57,Platinum,03/04/2025,06-11-2026,Daily,1394.7,33,10,23,GAMING,NEW DELHI,INDIA,GMAIL.COM, web ,Credit Card,1618,3,1,
CUST100419,Ananya Gupta,19,FEMALE,368937,Rs,41,,2021-11-07,06-Mar-2022, monthly ,1832.21,57,31,27,Beauty,HYDERABAD,INDIA,rediffmail.com,Web,UPI,529,4,,1
CUST100420,Priya Verma,53,Male,548564,USD,100,Gold,2025-03-20,26/12/2025,Rarely,3176.58,21,2,20,food court,CHENNAI,Bharat,,iOS,upi,1057,2,0,0
CUST100421,Amit Sinha,42,M,515957,INR,84,Platinum,2024-12-03,12-Jul-2025,weekly,1601.84,24,18,6,KIDS, ahmedabad ,INDIA,outlook.com,Web,UPI,1834,3,Y,0
CUST100422,Sara Mehta,22,Male,1800876,INR,45,Silver,26-Sep-2021,06-Feb-2022,Daily,2485.54,23,16,7, Food Court ,AHMEDABAD,IN, gmail.com ,Desktop,Credit Card,273,11,no,0
CUST100423, Sara Sinha ,,Female,1633158,INR,25, GOLD ,15/03/2025,2025-12-11,weekly,3125.36,1,0,0, Beauty ,BENGALURU,India,rediffmail.com,android, CREDIT CARD ,1641,,N,1
CUST100424,Arjun Mishra,46,MALE,912186,INR,81,Gold,not available,07-07-2024,RARELY,2577.7,27,21,6, Food Court ,Bangalore,, gmail.com ,,upi,1517,2,Y,1
CUST100425,Ayaan Mehta,43,F,1632332,,29,Silver,2022-09-30,17-Jan-2025,weekly,991.01,77,73,3,fashion, jaipur ,Bharat,company.com,Desktop,UPI,1938,2,N,0
CUST100426,Aditya Gupta,23,M,465718,INR,15,Silver,13/02/2022,17-Feb-2023,RARELY,4029.48,9,6,3,gaming, chenai , india ,,iOS,upi,1204,1,yes,0
CUST100025,Ishaan Khan,22,Female,731768,INR,100,Silver,2025-05-11,05-13-2026,weekly,1232.54,3,2,1,SPORTS, Hyderabad ,,gmail.com,Android,,1587,5,1,0
CUST100428,Neha Chopra,52,Male,368595,INR,97,Platinum,22/02/2025,26-May-2026,,5900.76,5,0,5,SPORTS, ahmedabad ,IN,rediffmail.com, web , CREDIT CARD ,2027,4,Y,0
CUST100429,Ishaan Iyer,33,,785829,₹,62,Gold,2024-08-22,2026-02-04,weekly,4295.4,10,5,4,Beauty,BENGALURU,INDIA,gmail.com,android,Credit Card,381,4,Yes,0
CUST100430,Ishaan Verma,11,Male,979018,₹,59,Basic,01-12-2025,29/01/2026,Daily,3142.34,18,10,9, Food Court ,CHENNAI,India,, web ,UPI,1116,2,Y,1
CUST100431,Priya Mishra,22,FEMALE,661597,,47,silver,2021-03-21,30-Jun-2021,Daily,3058.99,57,43,14, Beauty ,HYDERABAD, india ,company.com,IOS,Debit Card,796,5,No,0
CUST100019,Ayaan Patel,20,FEMALE,99999999,INR,65,Silvr,09/01/2025,07-16-2025,Daily,5204.33,16,4,12,sports,,INDIA,gmail.com,Mobile,upi,1232,1,N,0
CUST100433,Meera Khan,36,Female,788748,INR,23,Silver,08-24-2025,23-Apr-2026,Monthly,2366.72,9,0,9, Gaming , pune ,INDIA, gmail.com ,Mobile,,735,1,No,0
CUST100434,Sara Sinha,42,M,636135,INR,54,Gold,18/02/2022,26-Sep-2023,Weekly,840.03,3,0,4,ELECTRONICS,Hyd,,rediffmail.com,Android,Card,1893,5,No,0
CUST100435,Riya Joshi,21,female,693739,INR,49,,07-14-2024,08-09-2025,Rarely,688.12,49,46,3, Home Decor ,Jaipur,,gmail.com,Android,Debit Card,1516,2,Yes,0
CUST100436,Sara Gupta,,,434954,USD,36,Gold,2022-12-13,02-22-2024,,3490.52,10,4,6,BOOKS, Calcutta ,,rediffmail.com,android,upi,1212,5,yes,0
CUST100437,Kiara Kumar,32,male,565109,Rs,55,,12-11-2023,06-Sep-2025,weekly,5846.06,11,7,5,home decor, lucknow ,IN,GMAIL.COM,android,Wallet,1183,3,No,0
CUST100438,Ananya Das,24,FEMALE,,Rs,33, GOLD ,12-06-2023,2025-07-24,Rarely,2168.05,2,1,1,beauty,JAIPUR,IN,outlook.com,Web,UPI,776,2,Yes,1
CUST100439,Ira Mishra,29,Male,1105717,INR,81,,02-18-2025,2026-05-11, monthly ,2920.56,23,5,17,home decor,Hyderbad, india ,hotmail.com,IOS,upi,747,5,0,0
CUST100440,Vivaan Kapoor,40,Male,367197,₹,68, GOLD ,09-27-2022,08/01/2024,RARELY,809.69,3,2,1,gaming,BENGALURU,Bharat,gmail.com,Web,Credit Card,839,4,,0
CUST100441,Arjun Khan,37,Male,200152,INR,49,Basic,29-Jul-2022,10-04-2023,Daily,5082.97,,3,1,FOOD COURT,AHMEDABAD,IN,company.com,Mobile,Credit Card,2108,5,Y,1
CUST100442, Neha Singh ,33,male,990368,Rs,33,silver,13/03/2025,04-11-2025,weekly,2884.04,26,15,11,Gaming,Kolkata,IN,outlook.com,Web,Debit Card,1462,2,N,0
CUST100443,Ananya Chopra,13,M,400851,INR,71,Platinum,07-26-2024,12-15-2025,weekly,4066.13,14,10,3,gaming,Hyd,IN,,IOS,Wallet,1386,11,0,0
CUST100444,Neha Reddy,56,male,1475801,INR,19,,18/11/2023,12-30-2023,Monthly,729.1,1,0,1,gaming, mumbai ,INDIA, gmail.com ,iOS,Card,1534,1,0,1
CUST100445,Ishaan Rao,42,male,563955,,74,Silver,20/08/2021,08-Sep-2022,Daily,3090.07,10,1,9,sports,Mumbai, india ,company.com,Android,Debit Card,775,1,yes,0
CUST100446, Diya Singh ,15,M,1359942,INR,88,PLATINUM,08-Jan-2022,18/02/2023,,1780.62,6,4,3,GAMING,Lucknow,, gmail.com ,Web,Debit Card,1680,4,Y,1
CUST100447,Amit Kumar,58,F,898939,Rs,29,Silver,30-Sep-2024,06/03/2025,RARELY,1141.64,6,4,3,FOOD COURT,Chennai,,yahoo.com,Web,Debit Card,2152,11,N,0
CUST100448,Rahul Chopra,36,FEMALE,547604,,80, GOLD ,2024-13-01,27-Jul-2023,Rarely,2634.56,13,11,3, Beauty , bengaluru ,IN,GMAIL.COM,iOS, CREDIT CARD ,514,5,0,0
CUST100449,Neha Chopra,38,,446558,INR,62,Silvr,06-18-2025,14-Aug-2025,Monthly,2447.1,21,0,21,Kids,Mumbai,INDIA,rediffmail.com,Desktop, CREDIT CARD ,53,5,yes,
CUST100450,Aadhya Joshi,,Male,799915,USD,59,Platinum,03/01/2022,06/10/2022,Rarely,2315.54,7,3,4,FOOD COURT,MUMBAI,Bharat,hotmail.com,, CREDIT CARD ,1564,5,Yes,0
CUST100451,Sai Rao,-5,female,545962,₹,79,Gold,05-23-2022,2023-08-10,Daily,839.87,14,11,4, Grocery ,Delhi ,IN,rediffmail.com,iOS,UPI,1858,2,N,0
CUST100452,Amit Sharma,42,M,939842,,79,Platinum,15-Aug-2023,27-Apr-2025,Daily,4508.24,34,27,7, Beauty ,Chennai,Bharat, gmail.com ,iOS,Debit Card,883,3,0,0
CUST100453,Priya Sinha,19,male,1245308,INR,53,,2021-10-07,23-May-2023,weekly,6587.0,5,2,2,Home Decor, lucknow ,INDIA,,IOS,Credit Card,368,,0,0
CUST100454,Myra Singh,35,M,682239,INR,52,PLATINUM,06-28-2022,2023-04-20, monthly ,3859.24,13,12,1,Grocery, ahmedabad ,INDIA,GMAIL.COM,,Wallet,398,1,Yes,1
CUST100455,Vihaan Verma,56,MALE,,INR,55, GOLD ,2022-06-21,10-21-2024, monthly ,3218.8,0,0,0,HOME DECOR,Delhi ,Bharat,GMAIL.COM,Desktop,Card,1399,1,1,0
CUST100456,Myra Verma,34,Other,885297,INR,83,PLATINUM,09/09/2021,10-27-2021,Weekly,781.44,0,0,0,fashion,AHMEDABAD,Bharat,rediffmail.com,Mobile,Debit Card,387,3,1,0
CUST100457,Vihaan Gupta,42,F,791850,,94,,05-28-2025,10/11/2025,Daily,1261.8,5,1,5,BEAUTY,MUMBAI,India,yahoo.com,Mobile,Cash,2031,4,no,0
CUST100458,Ananya Reddy,8,Male,644316,₹,32,Silver,04-11-2024,24/02/2026, monthly ,1957.79,17,9,8, Home Decor ,AHMEDABAD, india ,GMAIL.COM,Mobile,Cash,377,5,No,0
CUST100459,Vivaan Chopra,35,MALE,,Rs,36,Platinum,2024-05-20,12-14-2024,RARELY,1677.5,33,3,30,BOOKS,CHENNAI,Bharat,company.com,android,UPI,1260,4,Y,0
CUST100460,Amit Joshi,49,FEMALE,540090,Rs,37,PLATINUM,2025-07-09,2026-03-28,weekly,3180.8,7,4,3,HOME DECOR,MUMBAI,IN,outlook.com,IOS, CREDIT CARD ,1387,4,0,0
CUST100461,Kiara Rao,47,male,706541,USD,64,Platinum,12-25-2023,20/08/2024,weekly,1692.06,0,0,0,sports, chenai ,, gmail.com ,,Debit Card,383,3,,0
CUST100462,Riya Gupta,45,MALE,568759,USD,18,Silvr,02-Aug-2024,2026-04-17,weekly,1026.03,33,27,6,Food Court,Lucknow,Bharat,, web , CREDIT CARD ,321,1,N,1
CUST100463,Reyansh Singh,20,female,2064690,INR,40,Gold,03-27-2024,05-14-2024, monthly ,3900.48,44,42,2,Gaming,Bengaluru,INDIA,,Web,Card,1071,11,Yes,0
CUST100464,Arjun Rao,33,MALE,538817,₹,24, GOLD ,03-29-2021,2022-01-13, monthly ,9074.43,7,3,3,GAMING,Chennai, india ,hotmail.com,Android,UPI,754,5,1,0
CUST100465,Kiara Mishra,47,Other,361293,₹,71,PLATINUM,01-16-2022,2023-01-16,Rarely,935.91,7,2,6,food court,Kolkata,Bharat,yahoo.com,Desktop,Wallet,794,2,Y,0
CUST100028,Krishna Mehta,35,Female,954180,USD,34,Gold,31/02/2024,11/06/2023,,1536.33,7,6,1,gaming, Hyderabad ,India,rediffmail.com,Android, CREDIT CARD ,2427,4,,0
CUST100467,Reyansh Das,22,Male,664836,Rs,30,Silvr,05-01-2022,29-Aug-2024,RARELY,475.17,17,7,10, Kids ,Lucknow,Bharat,company.com,Mobile,upi,2341,5,yes,0
CUST100468,Aditya Reddy,32,F,446167,INR,71,basic,16-Dec-2022,2023-07-01,Weekly,2150.49,-3,0,3,Fashion,Delhi,,company.com,IOS,Credit Card,1243,1,Y,1
CUST100469,Neha Nair,42,male,684607,INR,54,Gold,12-Aug-2023,09/09/2023,Rarely,955.58,22,6,16,GROCERY,CHENNAI,IN,,Desktop,Credit Card,1830,4,Yes,0
CUST100470,Aarav Sharma,17,,565340,INR,89,,2025-01-17,, monthly ,884.15,0,0,0,Grocerry,AHMEDABAD,INDIA,outlook.com,iOS,Credit Card,718,0,no,0
CUST100471,Ishaan Singh,46,male,1861383,INR,61,Gold,11-Jun-2025,2025-08-07,,7095.62,-3,0,3,ELECTRONICS, lucknow , india ,yahoo.com,Web,UPI,0,2,N,0
CUST100472,Ira Verma,51,,1109539,INR,43,Platinum,25-Sep-2021,2023-01-19,Rarely,1325.95,3,1,2,fashion, ahmedabad ,Bharat,yahoo.com,Web, CREDIT CARD ,902,3,no,0
CUST100473, Sara Das ,,Female,1058531,USD,15,,05-01-2021,05-10-2021,Monthly,735.53,28,25,4, Food Court , pune ,,outlook.com,android,upi,520,1,Y,0
CUST100474, Pooja Nair ,28,F,658342,INR,67,Silver,2021-10-31,01/11/2023,Rarely,1193.64,4,3,2, Home Decor ,PUNE,INDIA,yahoo.com,Android,UPI,1292,3,Yes,0
CUST100475,Aarav Chopra,39,Male,1112205,INR,54,Basic,25-Jul-2023,2025-08-22,Monthly,2427.16,17,13,4, Food Court ,Lucknow,India,,iOS,upi,0,5,Yes,0
CUST100476,Arjun Reddy,56,FEMALE,854478,Rs,19,Platinum,21/05/2021,05-27-2022,weekly,5800.6,2,0,2,GROCERY, chenai ,Bharat,yahoo.com,,Debit Card,677,3,1,1
CUST100477,Ira Kumar,19,Female,315573,INR,52,Platinum,06/06/2025,06-Dec-2025,weekly,4787.89,1,0,1,Books, delhi ,,rediffmail.com,iOS,UPI,2031,2,no,1
CUST100459,Vivaan Chopra,35,MALE,,Rs,36,Platinum,2024-05-20,12-14-2024,RARELY,1677.5,33,3,30,BOOKS,CHENNAI,Bharat,company.com,android,UPI,1260,4,Y,0
CUST100479,Arjun Mehta,30,M,202852,Rs,16,basic,12-13-2021,2022-05-29,Weekly,1765.68,7,6,0, Kids , ahmedabad , india ,GMAIL.COM,Mobile,Card,1015,4,1,0
CUST100480,Kiara Verma,23,male,384942,INR,11,,11/07/2022,10-19-2024,Monthly,892.52,-3,8,22,home decor, lucknow ,India,yahoo.com,iOS,Card,1986,3,1,0
CUST100481,Aditya Gupta,21,male,469830,INR,50,Gold,22-Jul-2022,,Monthly,3315.95,28,14,14, Gaming ,Bengaluru,INDIA,company.com,Web,Credit Card,2204,2,N,0
CUST100482,Pooja Reddy,44,,,INR,69,Gold,2023-10-14,17-Nov-2025,RARELY,473.38,43,2,40,sports,JAIPUR,India,yahoo.com,iOS,Cash,399,2,no,0
CUST100483,Riya Sinha,17,male,769853,Rs,48,Basic,26/04/2021,28-Apr-2023,,4409.07,13,0,13, Grocery ,CHENNAI,Bharat,yahoo.com,Android,Debit Card,1500,2,1,0
CUST100484,Myra Rao,39,Male,535059,INR,51,Gold,13-Mar-2022,26/08/2024,RARELY,330.01,18,12,6,food court, jaipur ,,outlook.com,iOS,upi,1199,4,0,0
CUST100485,Ayaan Reddy,50,female,1088769,INR,29,Gold,2022-03-10,27/02/2024,Weekly,3277.11,69,65,4, Kids , Calcutta , india ,rediffmail.com,android,Cash,1136,1,Yes,0
CUST100486,Vihaan Singh,19,female,371115,INR,36,,15-Nov-2021,2023-04-01,Monthly,1157.38,38,10,29,books,Chennai,IN,gmail.com,Mobile,Debit Card,2269,1,0,0
CUST100487,Aarav Gupta,31,Other,548024,INR,72,Gold,21-Feb-2022,2022-04-24,Daily,1666.06,11,0,10, Books ,MUMBAI,IN,gmail.com,Web,Debit Card,1356,1,N,0
CUST100488,Kiara Singh,46,female,871025,Rs,28,PLATINUM,22-Jan-2021,23/04/2022,Daily,1559.89,32,31,2,Gaming,KOLKATA,,gmail.com,IOS,,1451,4,Y,0
CUST100489,Neha Khan,27,FEMALE,347076,INR,46,PLATINUM,14-Feb-2022,2023-09-28,Weekly,2104.82,4,0,3,GROCERY, Calcutta , india ,outlook.com,Web,Card,1009,3,0,0
CUST100490,Vivaan Verma,36,F,616467,INR,78,PLATINUM,27-May-2024,2024-09-27,Monthly,2636.45,9999,0,1,ELECTRONICS,Mumbai,INDIA,rediffmail.com,,UPI,2593,5,,0
CUST100491,Sara Iyer,38,FEMALE,646986,INR,75,Silvr,2022-12-03,2024-11-03,weekly,1312.62,0,0,1,beauty,PUNE,India,outlook.com, web ,,1980,2,yes,0
CUST100492,Reyansh Sinha,16,female,868593,₹,75,,08-Apr-2021,2022-02-07,Rarely,1441.94,3,2,1,Groceries,Delhi , india ,gmail.com,Desktop,Card,2117,2,yes,0
CUST100493,Vivaan Kumar,40,female,959490,₹,79,Basic,31/02/2024,31/10/2022,Daily,871.73,0,0,0,GROCERY,Hyd,Bharat,,,,1557,1,no,0
CUST100494,Vihaan Singh,42,Male,179086,USD,77,PLATINUM,06-04-2025,2025-10-19, monthly ,1210.32,9,1,9,home decor,LUCKNOW,INDIA,yahoo.com,Android, CREDIT CARD ,2277,5,Y,0
CUST100495,Kiara Mishra,24,Male,1156186,,32,Basic,07-24-2021,29/11/2022,Rarely,999999,1,0,2,kids,PUNE,INDIA,GMAIL.COM,Android,Cash,749,5,Y,1
CUST100496,Saanvi Kapoor,25,Female,1100347,,50,silver,12-Apr-2021,23-Sep-2022, monthly ,831.12,2,1,0,Kids,Bangalore,,gmail.com,IOS,,2227,3,Y,1
CUST100497,Pooja Khan,20,M,453535,₹,24,basic,18/06/2024,08-15-2024, monthly ,1344.18,3,1,3,Grocerry, ahmedabad , india ,rediffmail.com,Mobile,Debit Card,1125,3,,1
CUST100498,Reyansh Mehta,20,MALE,120000,₹,42,Silver,01-11-2022,2024-06-19,RARELY,1084.4,8,6,3,ELECTRONICS, mumbai ,India,GMAIL.COM,Web,UPI,766,3,,0
CUST100499,Ishaan Rao,,M,611099,Rs,80,Basic,15-Jan-2022,03-24-2022,Monthly,2159.93,,4,1,Beauty, Calcutta ,INDIA,company.com,Mobile,UPI,900,2,Y,0
CUST100500,Ishaan Singh,39,MALE,569806,₹,57,Gold,30-Jun-2023,22/10/2025,RARELY,921.09,15,3,12,Home Decor,Bangalore,IN,outlook.com,Mobile,Card,1165,5,No,0
CUST100501,Pooja Mehta,22,male,996730,USD,58,Platinum,28-Nov-2022,2023-03-10,weekly,3828.15,6,3,2,BOOKS, chenai ,IN,GMAIL.COM,Mobile,UPI,1594,1,yes,0
CUST100502,Ayaan Khan,,male,554620,Rs,73,Silver,2024-12-17,2025-09-15, monthly ,905.84,0,0,0, Food Court , jaipur ,India,GMAIL.COM,Desktop,UPI,1830,3,1,0
CUST100503,Saanvi Reddy,33,female,249900,INR,36,basic,03-22-2025,08-Nov-2025,Daily,2477.14,5,2,4,Gaming,Kolkata,Bharat,GMAIL.COM, web ,UPI,832,1,,0
CUST100504,Amit Gupta,40,M,557917,,16,basic,21/05/2023,16/01/2025,,2899.13,0,0,0,Fashion, jaipur ,IN,,, CREDIT CARD ,1906,1,Y,1
CUST100505,Vivaan Patel,35,M,,INR,22,,05/10/2024,10/08/2025,Monthly,5780.28,6,4,3, Grocery ,Jaipur,Bharat,outlook.com,,Credit Card,911,4,N,0
CUST100506,Ishaan Sharma,23,female,1442671,INR,38,,13-Jan-2021,07-13-2022,Daily,1651.31,38,7,31, Grocery , jaipur ,INDIA,yahoo.com, web ,,1480,1,N,1
CUST100507,Pooja Reddy,47,,1177294,₹,54,silver,not available,13-May-2026,RARELY,6774.14,12,9,3,Eletronics, pune ,India, gmail.com ,Android,Cash,693,3,,0
CUST100508,Aadhya Singh,19,Male,453647,₹,39,,2023-11-27,12-Sep-2025,weekly,1867.5,10,0,9,Eletronics,BENGALURU,,GMAIL.COM,iOS,Credit Card,1486,5,Yes,1
CUST100509, Aditya Gupta ,27,Male,1172448,₹,22,silver,25-Jul-2024,20/01/2025,RARELY,2419.0,28,11,17,electronics,Lucknow,, gmail.com ,android, CREDIT CARD ,831,2,0,0
CUST100510,Saanvi Patel,26,male,1440884,,74,basic,2025-04-08,23/11/2025,weekly,1074.17,15,6,8,Home Decor,MUMBAI,IN,GMAIL.COM,,,2498,4,1,0
CUST100511, Sara Singh ,21,M,665238,USD,62,PLATINUM,08-May-2025,03-23-2026,Rarely,1427.14,9,8,1, Gaming ,Lucknow,INDIA, gmail.com ,Desktop,Debit Card,1597,1,Y,0
CUST100512,Saanvi Nair,31,,458022,Rs,1,Gold,2025-05-19,12-27-2025,weekly,1665.49,14,6,9,Grocery,Jaipur,India,GMAIL.COM,IOS,UPI,1446,2,N,0
CUST100513,Sai Singh,39,male,1005335,INR,49, GOLD ,2022-03-22,2023-01-23,,3560.04,28,20,8,Electronics, ahmedabad ,INDIA,hotmail.com, web ,Cash,673,5,1,1
CUST100514,Arjun Das,26,FEMALE,200158,INR,81,silver,04/04/2023,2024-10-01,RARELY,6900.63,17,2,14,sports,Kolkata,,outlook.com, web ,Cash,909,5,no,0
CUST100515,Ishaan Das,28,M,593416,USD,38,silver,08-May-2021,2021-12-25,Monthly,1532.17,-3,7,4, Sports ,Ahmedabad,IN,,Desktop,Debit Card,755,5,yes,0
CUST100516,Aadhya Mehta,,female,914848,,60,,03-Jul-2022,28/06/2023,Weekly,1940.79,27,17,10,Gaming,BENGALURU,India,company.com,Mobile,UPI,323,5,No,0
CUST100517,Ira Sharma,34,Other,,INR,96,Platinum,20-Apr-2024,16/05/2025,RARELY,2111.94,2,0,1,beauty, lucknow ,IN,hotmail.com,android,Cash,508,3,0,0
CUST100518,Reyansh Singh,,Female,1250507,USD,28,Gold,24-May-2024,2025-12-16,Monthly,1741.85,0,0,1,kids,Delhi, india ,outlook.com,Desktop,Cash,1184,3,No,1
CUST100519,Meera Khan,46,,1535948,Rs,75,silver,07-13-2022,07-20-2023,Rarely,2787.63,0,0,1, Beauty ,Bangalore,IN,outlook.com,android,upi,2149,2,No,0
CUST100520, Ira Kumar ,42,,373140,INR,51,,23-Jul-2025,,Monthly,1841.7,11,6,6,Electronics,HYDERABAD,,gmail.com,Web,upi,1525,4,Yes,0
CUST100521,Ishaan Das,38,,803857,INR,67,Silvr,30-Mar-2021,08-13-2021,weekly,2528.86,35,20,15,Kids, chenai ,Bharat,rediffmail.com, web ,upi,1385,5,,0
CUST100522,Myra Sharma,33,MALE,980290,INR,74,Gold,03-Dec-2024,2026-01-24,RARELY,2108.55,20,2,19,fashion,Pune,,gmail.com,iOS,Card,549,5,Y,0
CUST100523,Amit Rao,16,female,541038,₹,73,Gold,05-18-2022,01-12-2024, monthly ,1281.33,15,5,10, Gaming ,BENGALURU,,GMAIL.COM,Desktop,Cash,541,3,Yes,0
CUST100524,Riya Iyer,3,MALE,692240,,41,Platinum,01/05/2025,04-Aug-2025,Monthly,1327.46,19,8,10,SPORTS,Bangalore,INDIA,rediffmail.com,IOS,Wallet,882,2,no,1
CUST100525,Pooja Gupta,25,F,1298210,INR,88,Platinum,27/06/2024,23/06/2026,Rarely,690.79,16,2,14,FASHION,Mumbai,,company.com, web ,upi,1196,5,N,0
CUST100526,Aadhya Sharma,33,Male,798179,INR,75,Silver,15/05/2025,31-Jul-2025,Weekly,1427.49,10,6,3,books,Pune,Bharat,,IOS,Debit Card,841,4,0,1
CUST100527,Krishna Mishra,21,MALE,531171,INR,24,,03-Nov-2023,22-Apr-2024,Rarely,1560.75,5,3,3,SPORTS,Hyderabad,Bharat,hotmail.com,Mobile,,1086,4,no,0
CUST100528,Neha Kapoor,27,,939238,INR,49,Gold,20-Oct-2021,10-Feb-2024,RARELY,3885.01,24,21,3,BOOKS,LUCKNOW,India,gmail.com,iOS,Debit Card,1193,1,,0
CUST100529, Myra Chopra ,38,Female,781513,₹,65,Gold,09-Mar-2025,2025-11-22,,877.81,50,15,35,home decor,Mumbay, india ,company.com,,Wallet,1066,5,yes,0
CUST100530,Priya Chopra,30,FEMALE,680679,INR,19, GOLD ,2022-02-17,2023-03-28,Rarely,4127.12,3,2,1,beauty,CHENNAI, india ,company.com, web ,Credit Card,723,7,no,1
CUST100531,Sara Kapoor,33,Other,672388,INR,78,Silvr,27-May-2021,07-25-2022,Monthly,1353.52,9,4,5,Sports,Mumbai,IN,gmail.com,android, CREDIT CARD ,-50,5,N,0
CUST100532,Riya Sinha,17,,969032,INR,32, GOLD ,16/02/2025,2025-11-16,Weekly,3440.42,3,2,1,FASHION,PUNE,IN,GMAIL.COM,,UPI,1146,4,0,1
CUST100533,Aditya Verma,23,F,1814625,Rs,59,Platinum,08-01-2024,2025-03-17,RARELY,2170.77,79,76,2, Grocery ,HYDERABAD, india ,outlook.com,Android,Cash,1080,5,Yes,0
CUST100534,Sara Sharma,49,M,613244,INR,12,Silvr,17/02/2022,02-20-2022,Monthly,4266.98,2,0,3,HOME DECOR,AHMEDABAD,IN,company.com,IOS,,168,2,N,1
CUST100535,Arjun Rao,34,F,361972,INR,56,basic,15-Apr-2025,31/05/2025,weekly,2574.98,61,55,5,Gaming,Ahmedabad,INDIA,hotmail.com,Mobile,UPI,1082,5,Y,1
CUST100536,Meera Patel,32,female,1119335,Rs,41,Silver,09-Jun-2025,22-Jan-2026,Weekly,2384.97,29,28,1, Kids ,Chennai,IN,,android,,475,2,No,0
CUST100537,Myra Reddy,34,MALE,636152,INR,59,basic,2022-11-15,2024-12-09,Monthly,2577.03,9,0,8,Electronic, Calcutta ,INDIA,rediffmail.com,,Cash,1260,2,Yes,0
CUST100538,Ananya Khan,31,Female,1803687,INR,36, GOLD ,13-Nov-2023,02/08/2025,,1546.54,0,0,0,BOOKS, jaipur ,India,,Mobile,Cash,752,1,N,0
CUST100539,Rahul Das,33,F,1401799,₹,73,silver,06-29-2023,23-Oct-2023,,780.4,68,53,14, Home Decor ,PUNE,Bharat,GMAIL.COM,Android,Cash,604,4,Y,0
CUST100540,Rahul Gupta,24,male,385230,INR,48,Basic,25/11/2021,02-Aug-2023,Weekly,1000.75,12,7,4,Books, Calcutta , india ,GMAIL.COM,,Cash,1613,1,no,0
CUST100322,Neha Reddy,44,F,268916,INR,4,,02-20-2022,2024-05-21,Weekly,4704.15,15,0,14,KIDS,KOLKATA,, gmail.com ,,,2113,4,0,0
CUST100020,Aadhya Khan,17,MALE,619742,₹,25,Basic,2022-07-02,10-19-2024,,682.0,2,0,3,Beauty, delhi ,,company.com,Desktop, CREDIT CARD ,570,3,,1
CUST100543,Vihaan Kapoor,47,Male,1336795,USD,50,Platinum,07-25-2024,01-Jun-2025, monthly ,2239.77,0,0,1,gaming, ahmedabad ,,rediffmail.com, web ,upi,1780,,1,1
CUST100544,Aditya Mehta,27,F,634847,INR,54,PLATINUM,02-01-2025,09-02-2025,Daily,3249.95,16,0,16, Books , mumbai ,Bharat,hotmail.com,Web,upi,1485,3,N,0
CUST100545,Aditya Patel,21,female,735669,USD,61,basic,22-Jun-2023,10-Nov-2024,Weekly,2090.76,37,0,36,Fashion,LUCKNOW,Bharat,yahoo.com,,Card,1468,0,No,0
CUST100546,Saanvi Mishra,32,M,779438,₹,43, GOLD ,30/03/2024,31/01/2026,Daily,806.17,-3,0,0,ELECTRONICS,KOLKATA,,yahoo.com,iOS,Wallet,1825,1,Yes,1
CUST100547,Pooja Reddy,28,,,INR,56,Basic,24/02/2025,16/11/2025,Rarely,1581.14,2,0,3,Food Court,Kolkata,INDIA,outlook.com, web ,Debit Card,1805,2,No,0
CUST100548,Sara Rao,,F,906396,USD,53,Basic,03-30-2023,29-Jan-2024,weekly,1150.25,9,2,7,BOOKS,BENGALURU,INDIA, gmail.com ,Desktop,Credit Card,2428,1,no,1
CUST100549,Sara Khan,45,MALE,1280065,INR,52,Basic,2024-08-02,07-Jan-2026,RARELY,1441.1,12,10,2,BEAUTY, Calcutta ,Bharat,, web ,Cash,1919,3,yes,0
CUST100175,Rahul Iyer,52,,99999999,,50,Silvr,07-10-2022,12-Feb-2023,Monthly,1946.17,18,15,4,fashion,,,,iOS,Credit Card,1427,5,0,0
CUST100551,Pooja Das,32,,,USD,46,PLATINUM,15-Jul-2021,21-Apr-2022,weekly,8571.31,2,0,2,Eletronics,NEW DELHI,IN,GMAIL.COM, web , CREDIT CARD ,1424,1,N,0
CUST100552,Myra Kumar,38,Female,25000000,,62,,02-24-2023,,Daily,-250,33,2,30,food court, lucknow ,Bharat,gmail.com,iOS,Cash,742,2,Yes,0
CUST100553,Vivaan Das,39,Male,561099,INR,100,Silver,01-23-2024,2026-04-18,Monthly,359.19,56,15,40, Beauty ,Pune,IN,,Android,Credit Card,1752,5,No,0
CUST100554,Vihaan Nair,40,FEMALE,519789,,62,Gold,22-May-2023,2023-07-23,Weekly,1129.85,24,7,17,GROCERY, delhi ,IN,gmail.com,Web,,1930,2,No,0
CUST100555,Ishaan Gupta,38,,804303,INR,61,Gold,06-13-2023,12-Oct-2024,Monthly,4399.88,2,0,1,FASHION,Pune, india ,hotmail.com, web ,UPI,962,5,No,0
CUST100556,Aadhya Verma,30,MALE,544442,USD,47,Basic,14-May-2021,05-08-2023,Daily,662.49,7,5,3,HOME DECOR,MUMBAI,IN,yahoo.com,Mobile,Debit Card,1526,1,no,1
CUST100557,Diya Gupta,31,Female,468662,INR,57,Silvr,11-Jan-2021,14-Jan-2021,,2681.6,35,9,27,electronics,Chennai,Bharat,GMAIL.COM,Mobile,upi,1864,2,No,0
CUST100558,Vihaan Verma,34,male,713679,Rs,61,Silver,05/05/2025,10-12-2025,Rarely,1469.53,1,0,1,Food Court,Chennai,Bharat,gmail.com,iOS,UPI,2552,1,1,1
CUST100559,Aadhya Kapoor,48,F,516272,INR,36,Platinum,20-Aug-2023,11-Mar-2025,Daily,3810.72,36,4,31, Gaming ,PUNE,INDIA,rediffmail.com,Android,upi,0,4,Yes,0
CUST100560,Pooja Mehta,34,FEMALE,736970,INR,37,Gold,07-29-2024,09-17-2024,Weekly,2269.76,15,11,5,Beauty,Chennai,IN,,iOS,Wallet,1054,4,N,0
CUST100561,Aadhya Singh,24,Female,659222,₹,79, GOLD ,04/05/2025,01-14-2026,Rarely,1235.76,17,2,16,Beauty, mumbai ,Bharat, gmail.com , web ,Card,1381,2,yes,0
CUST100562,Kiara Mishra,46,M,336376,₹,45,,11-24-2022,10-15-2024,Rarely,3067.09,3,1,2, Fashion , hyderabad ,INDIA,outlook.com,Web,UPI,1466,2,Yes,0
CUST100563,Reyansh Verma,40,F,208143,USD,48,,2021-03-09,15/10/2021,Weekly,854.01,41,15,26,Grocery, jaipur ,India,outlook.com, web , CREDIT CARD ,356,1,N,1
CUST100564,Aadhya Sharma,42,F,430128,INR,28,,05/07/2025,24/10/2025,Monthly,3203.95,8,7,1,Food Court,Chennai,,company.com,Mobile, CREDIT CARD ,1238,4,yes,0
CUST100565,Rahul Sinha,40,MALE,498900,INR,59, GOLD ,20-Aug-2024,2025-07-14,Monthly,2651.45,2,1,1,Sports, chenai , india ,outlook.com,iOS,Debit Card,389,4,Yes,0
CUST100566,Neha Mehta,35,Other,809558,₹,45,Silvr,21/11/2022,20/01/2025,RARELY,3215.85,33,20,13,beauty, pune ,India, gmail.com ,android,,1203,2,0,1
CUST100567,Krishna Chopra,32,MALE,551903,INR,50,,08-Jul-2025,19/09/2025,,3838.44,8,1,8,gaming, pune , india ,yahoo.com,Android,Wallet,936,3,0,1
CUST100568,Meera Kumar,25,M,1395660,,94, GOLD ,06-May-2023,,Daily,7100.41,2,1,2,food court,Hyd,IN,,Android,Wallet,643,3,No,0
CUST100569,Aditya Joshi,12,female,270365,,65,basic,10-02-2021,05-Jan-2022,Daily,,19,8,11,FOOD COURT, lucknow ,IN,hotmail.com,Android,Credit Card,683,2,yes,0
CUST100570,Ishaan Mishra,0,,821749,Rs,83,Platinum,17-May-2023,02-Oct-2025,Monthly,-250,26,22,4,Home Decor,Mumbai,INDIA,outlook.com,IOS,upi,999999,4,yes,1
CUST100571,Rahul Kumar,43,Other,1105927,₹,45,Basic,2023-12-09,12-29-2025,RARELY,1902.37,7,6,0,Books,Lucknow,India,gmail.com,iOS, CREDIT CARD ,669,5,N,0
CUST100572,Diya Chopra,48,FEMALE,590032,INR,49,Platinum,26/05/2024,16-Nov-2025,RARELY,2527.67,58,35,23,Grocerry,PUNE,India, gmail.com ,,Cash,1146,5,1,0
CUST100573,Ira Sinha,43,MALE,373535,INR,63,Silver,08/04/2025,12-24-2025,,2307.39,5,4,1,GROCERY, jaipur , india ,hotmail.com,Web,Card,1731,1,1,0
CUST100574,Rahul Rao,,Male,1031927,INR,42,Silvr,30-Jan-2023,2023-12-03,Weekly,282.94,29,20,9, Sports ,KOLKATA,IN,yahoo.com,iOS,,2046,5,Y,0
CUST100575,Priya Sinha,19,Female,,INR,14,,08-28-2022,19-Jul-2024,,3074.75,10,0,9, Beauty ,AHMEDABAD, india ,gmail.com,Desktop,,1257,1,1,0
CUST100576,Sara Reddy,13,F,559428,INR,52,basic,15/02/2022,27/01/2024,Weekly,874.23,20,13,7,fashion,Pune,,yahoo.com,Android,Credit Card,1547,3,0,0
CUST100577,Neha Chopra,31,F,311213,₹,57,PLATINUM,14/02/2024,09-09-2024,Rarely,6677.72,22,14,9,FOOD COURT,Mumbai,INDIA,yahoo.com,Mobile,Debit Card,507,5,1,0
CUST100578,Reyansh Singh,180,male,325007,INR,38,PLATINUM,2021-03-22,30/06/2023,Weekly,2448.7,39,35,5,Grocerry, chenai ,,hotmail.com,android,upi,1077,5,no,0
CUST100579,Pooja Gupta,21,,962597,INR,78,,03/05/2024,2025-12-26,Weekly,2294.33,42,2,39,HOME DECOR,Delhi ,IN,rediffmail.com,iOS,Cash,377,2,,0
CUST100100,Krishna Iyer,14,female,789104,INR,57,basic,30-Mar-2023,25-Mar-2024,weekly,863.82,4,0,4,HOME DECOR,JAIPUR,Bharat,yahoo.com,,Credit Card,1354,5,no,0
CUST100581,Meera Nair,32,Male,645167,USD,45,Gold,01-21-2024,2025-07-12,RARELY,1544.62,19,10,9,BOOKS,Ahmedabad,Bharat,,Android,Card,1478,2,,0
CUST100582,Reyansh Patel,44,,696607,INR,36,,01-20-2022,2023-08-13,,1536.77,2,0,3,beauty,Chennai,Bharat,,Mobile,Credit Card,682,4,,0
CUST100583,Riya Mehta,30,Male,1127601,,54,Silver,07-Dec-2023,03-08-2025,Daily,2518.7,22,4,18,BOOKS,Pune,INDIA,hotmail.com,android, CREDIT CARD ,1143,3,1,0
CUST100584,Myra Verma,35,male,648838,₹,69,basic,03-21-2024,26/06/2025, monthly ,379.08,42,27,16, Kids ,Jaipur, india ,GMAIL.COM,IOS,upi,145,1,yes,0
CUST100585,Riya Verma,30,FEMALE,846453,INR,86,Silvr,25/02/2024,03-25-2026,Daily,1873.92,12,7,5,Eletronics,BENGALURU,Bharat,,android,Wallet,1577,4,Yes,0
CUST100586,Ira Sharma,22,F,260131,INR,49, GOLD ,02/04/2025,2026-02-04, monthly ,1669.44,13,5,8,Books, Calcutta ,INDIA,gmail.com,IOS,upi,339,3,Yes,0
CUST100587,Ira Mishra,40,M,493505,USD,63,Platinum,24/06/2024,2025-05-28,Weekly,9594.1,16,12,4,Groceries,JAIPUR,IN,hotmail.com,,Cash,862,2,yes,0
CUST100588,Reyansh Iyer,38,FEMALE,255915,USD,67,Gold,09-16-2022,,Rarely,663.05,17,9,8,fashion,CHENNAI, india ,rediffmail.com,Web, CREDIT CARD ,43,5,1,1
CUST100589,Sai Nair,42,Female,,INR,58,Silvr,04-27-2022,2024-01-20,Rarely,366.81,17,1,16,grocery, Calcutta , india ,yahoo.com,IOS,Debit Card,2070,2,N,0
CUST100590,Neha Nair,25,Other,1068887,INR,62,PLATINUM,01-11-2023,06-Mar-2025,Weekly,1235.56,3,2,0,Fashion, lucknow ,,outlook.com,Mobile,Card,918,3,No,0
CUST100591,Reyansh Rao,40,FEMALE,,USD,56,Gold,17-Aug-2021,27/12/2023,Rarely,1159.8,16,6,10, Gaming ,CHENNAI,India,company.com,IOS,upi,578,5,no,0
CUST100592,Aarav Nair,30,male,560050,₹,53,basic,2024-02-22,12/07/2025,RARELY,3450.62,79,0,80,FASHION,Bangalore,IN,,,Credit Card,1285,4,Yes,0
CUST100593,Ayaan Joshi,27,FEMALE,515117,USD,34,Silvr,11/01/2023,05/04/2025,RARELY,1990.45,1,0,1, Sports ,JAIPUR,INDIA,gmail.com,Android,UPI,1416,4,No,1
CUST100594,Kiara Sinha,54,MALE,288861,USD,100, GOLD ,02-26-2021,2023-05-20,Monthly,3300.9,10,4,6,GAMING,BENGALURU,IN,company.com,iOS,Cash,899,3,no,0
CUST100595,Aditya Das,27,MALE,651168,USD,24,PLATINUM,26-Aug-2025,09/03/2026,,820.11,4,1,2,Food Court, bengaluru ,,yahoo.com,iOS,Card,1379,1,yes,1
CUST100596,Amit Iyer,39,MALE,802242,INR,42, GOLD ,09-Jan-2024,09-Aug-2025,Weekly,1127.4,4,2,3,Eletronics,Bengaluru,,outlook.com,Mobile,UPI,1585,2,N,0
CUST100597,Meera Sinha,56,male,985280,Rs,73,,2022-01-30,2022-02-19,,1304.41,10,1,9,BOOKS,Pune,India,company.com,iOS,Credit Card,163,4,,0
CUST100598,Amit Mishra,31,M,1328314,Rs,29,silver,07-18-2024,19-Jun-2026,,1517.52,1,0,0,Kids,Chennai,Bharat,hotmail.com,,UPI,937,3,0,1
CUST100317,Riya Verma,27,Other,511664,,13,PLATINUM,30-Oct-2021,30/01/2023,,653.59,0,0,1, Books ,Kolkata, india ,gmail.com,IOS,upi,2323,5,no,1
CUST100600,Myra Iyer,47,Other,729755,INR,62, GOLD ,2022-01-13,12-09-2022,Rarely,7548.48,2,1,0,kids, delhi ,INDIA,yahoo.com, web , CREDIT CARD ,0,4,No,1
CUST100601,Myra Chopra,52,MALE,620335,INR,57,Basic,09-16-2024,26-Jul-2025,Rarely,2526.8,7,6,0, Beauty ,Delhi,IN,outlook.com,iOS,Card,81,4,No,0
CUST100602,Arjun Sharma,,male,824257,INR,61,Basic,11-Feb-2025,06-11-2025,weekly,2420.72,34,9,25,Grocerry,Hyderbad, india ,company.com,Desktop,upi,1550,3,,0
CUST100603,Aarav Nair,27,Female,583179,INR,31,,2024-06-23,16/06/2026,Monthly,1087.45,15,1,15,GAMING,Bengaluru,,outlook.com,android,Card,2537,5,No,0
CUST100604,Sara Nair,42,male,989097,INR,57,Silvr,2025-03-26,02/07/2025,Weekly,2557.63,1,0,0,food court,Lucknow,IN, gmail.com ,iOS,,2002,2,N,0
CUST100605,Krishna Sinha,122,,977696,,28,Silver,10-01-2021,,Rarely,1213.9,6,4,2, Gaming ,PUNE, india ,hotmail.com, web ,Credit Card,182,5,no,0
CUST100606,Aarav Mishra,14,FEMALE,294322,USD,52,Silver,07-22-2023,02-24-2024,RARELY,942.54,25,19,6,Beauty,Chennai, india ,company.com,iOS,Credit Card,1191,5,yes,0
CUST100607, Saanvi Khan ,32,,350762,INR,100, GOLD ,2025-01-30,2026-04-07,Daily,2226.51,-3,6,2, Beauty , jaipur ,Bharat,hotmail.com,Mobile,upi,1811,2,1,1
CUST100608,Ayaan Mishra,32,,578387,,14,Silver,10-29-2024,02-Jul-2025,Monthly,3489.49,29,3,25,kids,Pune,India,yahoo.com,Android,Credit Card,469,2,yes,1
CUST100609,Ayaan Verma,20,F,967777,USD,40,Gold,28/10/2021,19-Dec-2021,RARELY,1045.86,22,10,13, Grocery ,Jaipur,India,company.com,IOS,Wallet,1287,2,Y,0
CUST100610,Aarav Iyer,47,male,384146,USD,55,PLATINUM,10-13-2023,12-12-2025,Rarely,3117.2,13,9,5,HOME DECOR,Kolkata,IN,rediffmail.com,Mobile,upi,1848,2,0,0
CUST100611,Ayaan Khan,35,female,469005,INR,63,Platinum,04-06-2021,2022-11-11,weekly,5101.5,27,1,25,Grocerry, chenai ,,gmail.com,Android,Wallet,1268,3,1,0
CUST100612,Amit Das,65,male,826598,USD,66,Gold,17-Apr-2025,02-17-2026,,462.87,25,9,17, Beauty , lucknow ,India,GMAIL.COM,Mobile, CREDIT CARD ,408,3,No,0
CUST100613,Reyansh Patel,28,Female,984048,USD,51,Silver,08/01/2021,25/01/2023,Daily,4170.81,8,2,6,FOOD COURT, Calcutta ,Bharat,yahoo.com,IOS,Card,1372,4,no,0
CUST100614,Aditya Chopra,39,female,471243,INR,64,Platinum,08-14-2024,2025-04-02,,883.42,16,4,11, Home Decor , mumbai ,Bharat,yahoo.com, web ,Cash,1502,1,N,0
CUST100615,Ayaan Das,29,,292155,Rs,65,Gold,16/12/2024,03-Mar-2025,,4137.17,37,29,7,Grocerry,Jaipur,INDIA,,iOS,Wallet,1553,5,No,0
CUST100616, Ananya Iyer ,46,Female,249699,INR,13,silver,13/11/2021,03-11-2023, monthly ,756.77,68,57,10,Kids,Mumbai,India,rediffmail.com, web ,,1484,3,Yes,0
CUST100617,Vihaan Joshi,16,MALE,840686,USD,64,,2022-01-12,15/09/2023,RARELY,7384.9,7,6,0,KIDS,Chennai,,GMAIL.COM,Web,Credit Card,2531,1,Yes,1
CUST100618,Neha Nair,24,Male,446386,INR,63,Silver,2024-12-21,2025-03-19, monthly ,902.88,15,5,10,home decor, jaipur ,IN,outlook.com,IOS,Cash,0,2,0,0
CUST100619, Myra Khan ,,FEMALE,134537,Rs,48,Silver,17-Jul-2024,2025-12-27,Rarely,2458.17,7,6,0,kids,Mumbay,IN,GMAIL.COM,android,UPI,1460,4,yes,0
CUST100620, Ira Joshi ,13,F,,INR,28,basic,10/06/2024,2026-03-10,Rarely,941.83,12,8,5,Sports, chenai ,Bharat,gmail.com,android,,1238,1,No,0
CUST100621,Rahul Reddy,35,F,,INR,19,Basic,2022-09-23,12-07-2022,Rarely,6924.31,26,18,8,Sports, bengaluru ,Bharat,,Desktop,,1019,5,0,0
CUST100622,Sara Sinha,37,FEMALE,465511,Rs,73,PLATINUM,2021-12-04,2023-12-08, monthly ,3182.87,50,26,24, Food Court ,CHENNAI,,GMAIL.COM, web ,Card,2171,3,1,1
CUST100623,Krishna Khan,31,MALE,529063,Rs,48,PLATINUM,2023-07-26,2024-05-04,Rarely,1743.55,22,13,9, Books ,CHENNAI,India,rediffmail.com,Mobile,,1282,3,0,0
CUST100624,Sara Reddy,13,male,1260206,,71,Silvr,11-14-2021,09/05/2022,Rarely,2380.93,9,1,7,FOOD COURT, hyderabad ,Bharat,gmail.com,iOS,upi,2328,4,,0
CUST100625,Meera Patel,17,,540080,₹,87,Platinum,16-Mar-2023,26-Apr-2023,,1221.32,5,4,1, Books ,Delhi ,,outlook.com,,upi,1197,3,yes,1
CUST100626,Ananya Patel,22,FEMALE,1664508,Rs,14,,22/11/2021,22-Dec-2022,weekly,1929.09,20,9,11, Fashion ,BENGALURU, india , gmail.com ,iOS,Debit Card,746,1,Yes,0
CUST100627,Ayaan Mishra,41,male,970453,₹,65,basic,05-16-2022,27-Oct-2023,Weekly,1947.46,10,2,8,GAMING,Pune,,gmail.com,IOS,UPI,718,3,N,0
CUST100628,Aadhya Chopra,49,female,524629,INR,34,Gold,01-Jun-2022,17/09/2023,weekly,869.93,92,61,30,sports,Delhi,IN,, web ,upi,795,4,no,0
CUST100629, Aarav Das ,46,FEMALE,1825708,INR,90,silver,2023-09-27,01-Oct-2024,Monthly,1721.08,0,0,0,Sports,CHENNAI,,company.com,Mobile,Cash,1422,4,yes,1
CUST100630,Rahul Mehta,180,,1040914,USD,39,Silvr,27-Jan-2022,2023-10-12,Monthly,595.57,50,18,33,kids,CHENNAI,,yahoo.com,Desktop,Debit Card,1148,1,0,0
CUST100631, Krishna Nair ,36,Female,813819,USD,39,silver,11-Oct-2024,2025-10-10,Monthly,1760.23,10,6,4,GAMING,LUCKNOW,IN,hotmail.com, web ,Card,1578,2,Yes,0
CUST100338,Krishna Patel,14,,478515,Rs,45,Silvr,16-Jan-2023,03-18-2025, monthly ,2404.03,0,0,0,Fashion,,,outlook.com,android,Debit Card,459,4,0,
CUST100633,Priya Khan,31,Other,144302,USD,66,basic,04-02-2025,25-Apr-2026,Rarely,3909.7,28,15,13,BOOKS,Mumbai,INDIA,,,Credit Card,921,3,No,0
CUST100634, Aadhya Sinha ,58,male,687299,Rs,90,Silver,02-11-2022,10-17-2022,RARELY,945.78,50,13,37, Sports ,Kolkata,Bharat,hotmail.com,Mobile, CREDIT CARD ,425,11,1,0
CUST100635,Ishaan Kumar,18,FEMALE,786726,INR,58,PLATINUM,2023-11-24,01-01-2025,Rarely,998.91,57,28,28,Food Court,Hyd, india ,gmail.com,Mobile,UPI,544,3,1,1
CUST100636,Arjun Gupta,17,Male,1049802,Rs,60,Silver,01-23-2021,11/05/2022,RARELY,844.96,35,19,15,books,Bengaluru,INDIA,hotmail.com,android,upi,1372,3,1,0
CUST100637,Neha Sinha,41,,547799,INR,94,Basic,03-22-2022,2024-05-20,Monthly,4272.32,34,16,18, Gaming ,Pune,IN,company.com,iOS,Card,1209,5,,0
CUST100638,Krishna Iyer,38,MALE,557479,₹,47,,04-20-2022,07/06/2024,RARELY,1330.54,5,4,2,Food Court, chenai ,IN,hotmail.com,Android,Cash,1087,4,Yes,0
CUST100639,Neha Das,33,,384203,USD,19,Gold,03-30-2021,20-Nov-2022,Weekly,3072.53,40,10,30, Gaming ,KOLKATA, india ,company.com, web ,Wallet,1310,3,no,0
CUST100640,Vivaan Rao,37,FEMALE,603203,USD,67,basic,16-Dec-2022,2025-01-13,RARELY,4644.87,15,4,11, Food Court ,Chennai,IN,hotmail.com,Mobile,Card,1724,3,,0
CUST100641,Myra Mehta,51,Male,308096,₹,71,Silver,08/03/2021,04-28-2022,Rarely,519.71,7,0,8,ELECTRONICS,AHMEDABAD,IN,,Desktop,upi,1647,5,1,0
CUST100642,Saanvi Sharma,30,M,385480,USD,57,PLATINUM,20-Nov-2022,09-10-2023,Weekly,2270.93,8,7,1,electronics, bengaluru ,India,company.com,, CREDIT CARD ,1054,3,yes,0
CUST100643,Sai Das,31,male,439677,,53,PLATINUM,08-Jan-2025,07-Dec-2025,,6993.69,2,0,1, Sports ,AHMEDABAD, india ,yahoo.com,Desktop,UPI,1928,4,No,0
CUST100436,Sara Singh,53,MALE,-50000,INR,60,Silver,2024-09-05,08-Sep-2024,Rarely,4275.13,13,4,8, Beauty ,HYDERABAD, india ,outlook.com,Android,Cash,1289,1,yes,0
CUST100645,Ananya Chopra,15,Other,423433,Rs,46,basic,03/05/2022,07-Apr-2024, monthly ,-250,3,0,3, Fashion ,AHMEDABAD,Bharat,company.com,Web,UPI,1399,5,yes,0
CUST100646,Rahul Rao,38,,740720,Rs,66,Platinum,09-Feb-2022,03-22-2024, monthly ,4912.16,2,1,0,sports,LUCKNOW, india ,yahoo.com,IOS,Debit Card,1532,1,N,0
CUST100647,Riya Gupta,28,Other,270981,,48,PLATINUM,10-Jun-2025,05/02/2026,weekly,983.44,14,9,5,beauty,NEW DELHI,Bharat,gmail.com,Web,UPI,1636,3,0,0
CUST100648, Sara Iyer ,55,F,956929,,11,Gold,05-15-2021,18-Jul-2022,Rarely,1965.27,58,36,21,Grocery, jaipur , india ,outlook.com,Mobile,Cash,1436,3,Yes,0
CUST100649,Sara Mishra,36,,536900,USD,67,basic,05/12/2023,02/09/2024,weekly,6820.46,36,15,20,BOOKS, ahmedabad ,India,outlook.com,Web, CREDIT CARD ,729,5,no,1
CUST100650,Sai Iyer,32,male,559574,Rs,90,basic,05-Jun-2023,07-Apr-2024,Daily,3692.3,2,1,0,Grocerry,PUNE,IN, gmail.com ,IOS,Cash,1268,3,Yes,0
CUST100651,Sai Iyer,29,Male,333750,INR,34,Platinum,24-Dec-2021,02/06/2023,Daily,6001.6,27,15,12,Home Decor, delhi ,INDIA,company.com,Web,UPI,1265,4,N,0
CUST100652,Aditya Patel,43,male,1249715,INR,63, GOLD ,31-Dec-2023,2026-05-28,Rarely,1375.94,30,14,15,electronics,Chennai,Bharat,gmail.com,Mobile,,679,3,1,0
CUST100653,Amit Mishra,41,Female,373848,,22,Gold,14-Aug-2021,07-21-2022,Rarely,5940.11,6,5,0, Books ,NEW DELHI, india ,outlook.com,Android,UPI,1862,2,1,0
CUST100654,Saanvi Chopra,32,FEMALE,435629,INR,66,Silvr,2024-11-19,2026-01-25,RARELY,813.47,9,4,4,Beauty,CHENNAI,INDIA,,,Credit Card,300,1,Y,0
CUST100655,Rahul Nair,33,M,,INR,45,PLATINUM,31/03/2023,15-May-2025,Rarely,2515.67,16,15,0,Food Court, jaipur ,INDIA,gmail.com,Desktop,Card,1935,5,0,0
CUST100656,Diya Joshi,44,,463133,INR,49,Basic,14-Mar-2021,02-Jun-2022,Monthly,1478.93,9,8,1,Grocerry, lucknow ,IN,hotmail.com,Web,UPI,2001,3,no,1
CUST100657,Aarav Reddy,39,female,303455,INR,37,,13/09/2023,01-Jan-2024,Rarely,1091.59,11,5,6,Grocerry, jaipur ,Bharat,,android,Card,1606,1,no,0
CUST100658,Krishna Mishra,42,female,657131,INR,52,Silvr,2021-05-02,2021-05-30,Weekly,2086.85,28,21,7,Books, jaipur ,Bharat,rediffmail.com,Web,Debit Card,1266,3,1,0
CUST100659,Vivaan Kapoor,31,MALE,427008,,49,Platinum,07-29-2021,2022-02-02,Rarely,1353.83,40,11,29,kids,CHENNAI,IN,gmail.com,, CREDIT CARD ,1274,5,1,0
CUST100660,Myra Joshi,32,M,372459,,16,Gold,2023-03-16,27/09/2023,Monthly,679.44,35,10,25,GAMING, chenai ,Bharat,rediffmail.com,Android, CREDIT CARD ,821,1,Yes,0
CUST100661,Ira Kumar,43,Female,2539646,INR,34,Gold,09/09/2024,05-15-2026,Weekly,3691.37,29,17,12,Books,BENGALURU,Bharat,gmail.com,IOS,Wallet,1116,1,No,0
CUST100662,Reyansh Rao,41,F,1302399,Rs,65,,04-12-2025,10-28-2025,weekly,369.24,4,0,3,Sports, Calcutta ,INDIA,hotmail.com,iOS,Cash,543,4,Yes,0
CUST100663,Aadhya Das,32,MALE,1014521,USD,68,,2021-03-16,07-Jun-2021,Weekly,1555.73,1,0,0,kids, lucknow ,India,company.com,Android,Cash,1723,3,,1
CUST100664,Vivaan Mehta,35,Male,1349893,INR,55,Gold,27/09/2022,28/05/2024,Monthly,2401.26,53,40,13,books,Hyderbad,IN,company.com,IOS,Cash,495,5,1,0
CUST100665,Riya Rao,,,484767,USD,81,Basic,04/08/2025,11-20-2025,Rarely,1661.34,50,11,38,BEAUTY,JAIPUR,Bharat,company.com,Web,Cash,1648,4,No,0
CUST100666,Ira Kumar,33,female,1096571,INR,32, GOLD ,2022-06-19,06/06/2024,RARELY,2208.18,2,0,3, Fashion ,Chennai, india ,gmail.com,Desktop,,151,1,no,1
CUST100667,Arjun Reddy,34,female,386559,Rs,33,Platinum,03-Nov-2022,2023-11-07,Monthly,3160.86,16,0,16,Grocerry,Chennai,India,gmail.com,iOS,upi,337,4,no,0
CUST100668,Vivaan Mehta,44,Female,595934,Rs,90,Gold,14/10/2021,08-15-2023,RARELY,2968.22,17,1,15,SPORTS, lucknow ,IN, gmail.com , web , CREDIT CARD ,984,2,N,0
CUST100669, Sara Mehta ,52,FEMALE,671878,INR,52,Platinum,27/02/2023,2023-05-02,Daily,2884.48,9,6,4,FASHION,MUMBAI, india ,outlook.com,,Debit Card,828,2,1,0
CUST100670,Aditya Das,48,Female,361164,INR,41,Basic,04-09-2025,08-18-2025,RARELY,628.37,35,32,3,Gaming,KOLKATA,Bharat,company.com,Mobile,Credit Card,796,5,No,0
CUST100671,Arjun Nair,,F,1446748,INR,37,Gold,04-17-2021,2021-10-09,,3138.41,9999,3,19,books, chenai ,Bharat,company.com,Mobile,Cash,1652,4,Yes,0
CUST100672,Ishaan Gupta,49,Other,498292,INR,47,Silver,20-Mar-2022,2023-04-24,,627.2,22,5,16,Food Court, lucknow ,Bharat,outlook.com,Web,Wallet,913,1,no,0
CUST100673,Priya Gupta,6,MALE,955698,₹,66,PLATINUM,16-Apr-2022,04-18-2024,Weekly,411.42,39,26,13,beauty,Jaipur,INDIA, gmail.com , web ,upi,863,1,No,0
CUST100674,Pooja Singh,0,MALE,435291,Rs,71,Silver,22/10/2022,30/11/2022,Daily,1676.29,3,2,0, Beauty ,HYDERABAD,India,rediffmail.com,Desktop, CREDIT CARD ,1698,3,No,0
CUST100675,Aarav Singh,41,Other,306656,INR,55, GOLD ,2023-08-09,08-13-2023,Monthly,,1,0,0, Beauty ,Pune,,hotmail.com,iOS,upi,2178,3,Y,0
CUST100676,Ananya Khan,54,M,424992,USD,22,Platinum,2022-07-10,08-05-2024, monthly ,2262.48,49,15,34,KIDS,CHENNAI,India,hotmail.com,iOS,Card,0,2,no,0
CUST100677,Sara Rao,57,,165879,USD,60,,05-19-2021,15/08/2023,weekly,612.75,12,8,5,FASHION,Delhi ,Bharat,,android,UPI,862,3,no,0
CUST100678,Arjun Chopra,30,Female,589782,Rs,34,,2021-03-21,06-16-2023,RARELY,5015.88,1,0,0,sports,AHMEDABAD,India,yahoo.com,android,Card,2364,4,1,1
CUST100679, Neha Iyer ,37,MALE,1150375,Rs,62,Silver,03-13-2025,14/12/2025,RARELY,570.3,0,0,0,sports, lucknow ,Bharat,GMAIL.COM,IOS,upi,136,1,0,0
CUST100680,Kiara Chopra,28,F,1077174,₹,78,,05/12/2022,09-22-2023,weekly,488.67,15,12,4, Gaming ,PUNE,Bharat, gmail.com ,Mobile,,1035,5,,0
CUST100492,Reyansh Sinha,16,female,868593,₹,75,,08-Apr-2021,2022-02-07,Rarely,1441.94,3,2,1,Groceries,Delhi , india ,gmail.com,Desktop,Card,2117,2,yes,0
CUST100682,Kiara Khan,34,MALE,214808,Rs,85,Basic,2024-12-26,11-29-2025,Rarely,597.15,8,1,8, Books ,Mumbai,INDIA,gmail.com,Android, CREDIT CARD ,778,4,yes,0
CUST100683,Ishaan Das,25,MALE,876560,₹,64, GOLD ,24-Jul-2024,2024-12-22,Rarely,7041.53,-3,0,2,books, delhi , india , gmail.com ,Android,Debit Card,637,5,no,0
CUST100684,Meera Sharma,21,MALE,,₹,16,Platinum,2022-01-28,09-10-2023,Daily,2599.22,6,4,2,books, chenai ,India,rediffmail.com,iOS,Card,916,4,Y,1
CUST100685,Aarav Sinha,51,F,718500,INR,60,PLATINUM,03/02/2024,28/11/2025,Rarely,1031.72,0,0,1,KIDS,Ahmedabad,Bharat,hotmail.com,Mobile,Card,1384,4,no,0
CUST100686,Sara Sharma,19,FEMALE,,USD,52,Silver,2024-11-21,17/12/2024,RARELY,494.42,10,1,9, Home Decor ,HYDERABAD,,GMAIL.COM, web ,Debit Card,398,5,yes,0
CUST100687,Myra Patel,25,M,617006,,58,PLATINUM,2023-07-28,29-Sep-2025,Rarely,1465.12,10,8,2,grocery,Jaipur,IN,yahoo.com,, CREDIT CARD ,1013,2,,1
CUST100688,Aditya Patel,36,Male,677045,Rs,34,silver,13/08/2023,2025-03-31,Daily,1500.62,9,2,8,Grocerry,Kolkata,IN,gmail.com,, CREDIT CARD ,0,3,1,0
CUST100689, Amit Verma ,40,Other,1082322,INR,77,Silver,07-May-2024,30/05/2025,Monthly,2630.0,31,1,30, Home Decor ,Chennai,,hotmail.com,Web,UPI,1893,1,0,0
CUST100690,Ishaan Kumar,37,MALE,1751783,₹,33,Basic,15-May-2023,04-08-2024,weekly,7057.3,5,2,3,Books,MUMBAI,INDIA,company.com,android,Card,577,2,No,0
CUST100691,Ananya Chopra,32,F,894027,INR,17,Silver,2023-10-14,07-Dec-2025,RARELY,3409.49,24,21,2,home decor,Kolkata,Bharat,,Desktop,Cash,1064,1,Yes,0
CUST100692,Pooja Reddy,48,Male,835176,INR,100,PLATINUM,10-19-2024,27/12/2025,Daily,3978.63,43,22,20,SPORTS,Delhi, india , gmail.com ,IOS,,2098,4,,0
CUST100693,Krishna Mishra,,Female,1566705,INR,18,basic,05-31-2024,16-Jun-2026,Monthly,1596.7,16,15,1,home decor,Jaipur,Bharat,outlook.com,Desktop,Card,2059,5,Y,0
CUST100694,Neha Rao,,M,1478722,INR,31,,07-15-2023,2025-08-29,Daily,1003.67,11,5,6,Food Court,Lucknow,INDIA,GMAIL.COM,,Wallet,766,1,1,0
CUST100695,Ayaan Reddy,16,F,553239,USD,73,Platinum,2022-05-07,11-Oct-2024,Daily,1049.36,71,29,43,Sports,Delhi ,,outlook.com,IOS,Wallet,1433,1,yes,0
CUST100696,Saanvi Sharma,38,Female,906313,,51,Silvr,2023-03-21,05-20-2024,RARELY,2316.06,14,2,13,Electronics,Kolkata,,,, CREDIT CARD ,1170,4,yes,1
CUST100697,Saanvi Mishra,41,MALE,171031,INR,28,basic,15/03/2021,2022-02-14,,5653.94,25,4,21, Kids ,Chennai,IN,, web ,Debit Card,1161,4,1,0
CUST100698,Rahul Singh,9,F,332900,,40,basic,12/04/2022,08-02-2024, monthly ,1256.77,5,4,0,Grocery,KOLKATA, india ,hotmail.com, web ,,1347,3,Y,0
CUST100699,Vihaan Mishra,39,Female,565186,Rs,59,Silvr,27/03/2021,05-17-2023,Daily,6432.18,2,1,2, Gaming , delhi ,IN,company.com,android,,2647,4,yes,0
CUST100700,Krishna Khan,14,,1192349,Rs,84,silver,25/05/2021,05-01-2023,Weekly,1103.31,10,7,3, Grocery ,CHENNAI,India,, web ,Cash,555,4,N,0
CUST100648, Myra Rao ,38,female,699762,₹,100,basic,20/01/2024,09-05-2024,Monthly,3837.11,22,11,10,Sports,HYDERABAD,IN, gmail.com ,Desktop,upi,896,2,N,0
CUST100702,Arjun Verma,39,female,494408,INR,38,basic,12/07/2024,2025-08-12,Monthly,3522.32,8,7,1,KIDS,Pune,IN, gmail.com ,iOS,Credit Card,796,5,Y,0
CUST100703,Aarav Gupta,26,male,632085,,100,PLATINUM,29-Jun-2024,24/03/2025, monthly ,1703.11,1,0,1,Groceries, bengaluru ,India,outlook.com,iOS,,1917,2,yes,0
CUST100140,Riya Patel,56,female,470800,Rs,59,,28-Oct-2022,2023-09-02,weekly,14524.2,46,22,24, Sports ,,India,outlook.com,Mobile,Cash,1256,2,,1
CUST100705,Meera Reddy,45,,,INR,85,Basic,2022-09-18,13/04/2024,Monthly,497.47,12,11,0,KIDS,Bengaluru,IN,outlook.com,android, CREDIT CARD ,1002,4,No,0
CUST100706,Riya Patel,43,Male,356110,Rs,100,basic,08-19-2022,,Daily,1861.32,43,3,40, Sports ,AHMEDABAD,,outlook.com, web ,Card,0,3,1,1
CUST100707,Pooja Iyer,34,M,354975,USD,39,Silver,05-Mar-2021,,weekly,,57,28,28,Books,Kolkata,Bharat,company.com,iOS,Wallet,2308,5,N,0
CUST100708,Amit Mehta,12,female,,,91,Gold,30/01/2022,30/10/2023, monthly ,2015.85,7,3,5, Gaming ,Delhi,INDIA,GMAIL.COM,,Debit Card,1407,2,,0
CUST100709,Myra Iyer,10,Male,709987,INR,42, GOLD ,08/03/2021,27-Nov-2021,RARELY,6249.36,14,8,6, Sports ,Ahmedabad,India,GMAIL.COM, web ,,1584,3,Y,0
CUST100710,Neha Mehta,38,female,896868,INR,45,silver,08-31-2021,13-Dec-2021,Rarely,546.15,2,0,2, Food Court , bengaluru ,INDIA,company.com,Mobile,Credit Card,1497,1,no,0
CUST100711,Myra Chopra,29,F,328311,INR,93,Silver,28/04/2023,14/02/2025,,474.07,7,3,5,Sports,NEW DELHI, india ,gmail.com,iOS, CREDIT CARD ,855,2,0,0
CUST100191,Ishaan Gupta,19,Female,679383,INR,49,silver,07-10-2024,,Rarely,292.61,39,30,8,beauty, Hyderabad ,INDIA,yahoo.com,Mobile,upi,727,5,no,1
CUST100713,Riya Patel,34,,295887,₹,57,Silver,09-Jul-2022,05-18-2023,RARELY,2541.78,39,34,4,Sports,Chennai,,GMAIL.COM, web ,Card,1253,5,,1
CUST100714,Priya Sinha,40,MALE,358945,Rs,81,Gold,07-28-2024,04-05-2025,Daily,432.48,14,1,13, Electronics , delhi ,IN,GMAIL.COM,Mobile,Card,922,5,no,1
CUST100715,Vivaan Rao,12,F,818890,INR,38,Platinum,2024-05-02,2025-02-10,RARELY,2883.34,79,37,41,SPORTS, jaipur ,,,,upi,1137,4,,0
CUST100716,Ira Mishra,29,M,2105299,₹,81,Basic,2021-07-14,2021-12-21,Weekly,1093.73,39,24,15,gaming,AHMEDABAD,India,rediffmail.com,IOS, CREDIT CARD ,1489,4,Yes,0
CUST100717,Amit Das,52,FEMALE,99999999,,49,PLATINUM,17-Jul-2024,23-Dec-2025,Weekly,1850.47,10,8,3,beauty,Mumbai,IN,GMAIL.COM,IOS,upi,1274,5,1,0
CUST100718,Priya Mehta,46,MALE,622676,INR,58,basic,2021-01-08,06/06/2023,Rarely,1791.32,9999,5,7, Grocery ,KOLKATA,India,rediffmail.com,android,upi,432,2,Y,0
CUST100630,Rahul Mehta,180,,1040914,USD,39,Silvr,27-Jan-2022,2023-10-12,Monthly,595.57,50,18,33,kids,CHENNAI,,yahoo.com,Desktop,Debit Card,1148,1,0,0
CUST100720,Pooja Kumar,33,female,388919,USD,66,,30/10/2024,03-05-2025,Weekly,426.39,10,2,8,beauty, hyderabad ,, gmail.com ,IOS,Wallet,933,2,,0
CUST100721,Reyansh Nair,23,Other,681815,INR,79,Silver,15/08/2025,02-Apr-2026,Daily,1156.63,3,0,3,kids,BENGALURU, india , gmail.com ,iOS,UPI,2058,5,0,1
CUST100722,Sai Singh,37,MALE,322957,INR,27,,25-Aug-2025,11/06/2026,Daily,1348.82,0,0,0,sports,Kolkata,Bharat,rediffmail.com,android,Wallet,1745,2,0,1
CUST100723,Amit Joshi,32,female,709297,USD,69,Basic,18/11/2023,2025-04-03,,865.61,9,3,6,Eletronics,Lucknow, india ,,Mobile,Wallet,982,4,Y,0
CUST100724,Aditya Sinha,27,male,579618,,49,Silver,08-Mar-2025,05-25-2025,Daily,598.68,0,0,1,Groceries,Bangalore,IN,yahoo.com,Desktop,Wallet,1118,5,no,0
CUST100725,Reyansh Rao,24,Other,321216,INR,33,basic,14/03/2022,17-Feb-2024, monthly ,965.56,5,1,5,KIDS,CHENNAI, india ,hotmail.com,IOS,upi,1773,5,No,1
CUST100726,Vivaan Iyer,35,MALE,522956,INR,65,Silver,08-03-2024,19/01/2025,Rarely,431.43,2,0,3,books,JAIPUR,Bharat,GMAIL.COM,Desktop, CREDIT CARD ,1680,2,no,0
CUST100727,Ishaan Kumar,36,Male,551190,Rs,40,Basic,08-26-2021,2023-12-05, monthly ,1601.32,23,13,9, Kids , lucknow ,,rediffmail.com,Android,Credit Card,946,4,Yes,0
CUST100728,Diya Khan,17,Male,1778708,INR,21,,2023-08-12,11-16-2023,Monthly,1195.08,11,8,2, Beauty ,Chennai,Bharat,rediffmail.com,Mobile,Credit Card,612,4,no,0
CUST100729,Riya Sinha,29,Female,2011852,Rs,47, GOLD ,21/06/2021,25/11/2021,Rarely,3447.98,53,45,8,Home Decor,PUNE,IN,yahoo.com,iOS,Debit Card,412,1,0,0
CUST100730,Vivaan Gupta,11,F,1178131,Rs,84,Silvr,2021-12-11,02-Apr-2022,Rarely,878.07,31,29,3,Electronics,Mumbay,INDIA,hotmail.com,iOS,Wallet,1170,2,N,0
CUST100731,Krishna Mishra,18,F,871212,INR,43,silver,2024-11-12,06-05-2026,Monthly,9304.53,14,13,1,Beauty, Calcutta ,, gmail.com ,,UPI,1617,4,,1
CUST100732,Ishaan Rao,29,Other,447709,USD,60,,07-16-2022,04/10/2022,,1765.56,14,11,2,BOOKS,Ahmedabad,India,rediffmail.com,IOS,Card,2086,2,N,0
CUST100733, Priya Das ,0,FEMALE,843210,INR,100, GOLD ,24-Apr-2025,27-Apr-2026,RARELY,3096.98,15,0,16,ELECTRONICS,Kolkata,,outlook.com, web ,Debit Card,1641,1,0,0
CUST100135,Ananya Iyer,41,Male,,INR,54,Basic,26/04/2021,2022-04-08,Daily,1681.08,17,10,6,Fashion,,India,outlook.com,IOS,Wallet,410,5,1,0
CUST100735,Meera Chopra,36,,1647585,INR,37,Silver,28-Jun-2025,06-Oct-2025,Monthly,1838.2,0,0,1, Gaming ,Bangalore, india ,outlook.com,Desktop,upi,1532,4,0,0
CUST100736,Vihaan Patel,31,female,994941,Rs,42,Silvr,04-21-2025,15/04/2026,weekly,4044.67,10,2,8,Books,Lucknow, india , gmail.com , web ,Cash,1868,2,N,0
CUST100737,Arjun Kumar,40,MALE,,INR,51,basic,10-12-2023,13-Aug-2024,Daily,1970.2,8,3,4,fashion,JAIPUR,INDIA,gmail.com,iOS,UPI,368,4,Y,1
CUST100738,Aditya Sharma,28,Male,465751,₹,41,Basic,2024-06-08,2025-10-11,,724.23,22,6,16,home decor, pune ,Bharat,company.com, web ,,1575,4,0,0
CUST100739,Ira Reddy,21,male,666069,USD,29,Silver,11-11-2021,06/04/2023,Weekly,565.73,12,0,12,fashion, Calcutta ,,,android, CREDIT CARD ,1285,2,no,0
CUST100740,Riya Kapoor,40,M,99999999,,58,basic,08/01/2025,30/05/2025,Daily,4726.48,35,34,1,FOOD COURT,Ahmedabad,India,GMAIL.COM, web , CREDIT CARD ,1830,5,,0
CUST100741,Priya Patel,43,Other,467089,₹,41,Silver,2025-07-20,2025-12-08,Rarely,1013.88,3,0,3, Food Court , hyderabad ,,,iOS,Credit Card,2171,2,0,0
CUST100742,Riya Sinha,49,FEMALE,520485,INR,25, GOLD ,21/03/2024,2026-05-02,,868.36,8,7,1,food court,Lucknow,IN,GMAIL.COM,iOS,upi,905,4,,0
CUST100647,Riya Gupta,28,Other,270981,,48,PLATINUM,10-Jun-2025,05/02/2026,weekly,983.44,14,9,5,beauty,NEW DELHI,Bharat,gmail.com,Web,UPI,1636,3,0,0
CUST100744,Meera Rao,40,,699404,INR,28, GOLD ,2023-07-15,16-Jan-2024,Daily,1688.5,45,17,29,books, lucknow ,IN,hotmail.com,Web,Card,1294,1,1,1
CUST100745,Neha Nair,28,F,1172519,USD,83,silver,08-Nov-2023,2025-05-26, monthly ,1552.05,17,3,15, Electronics ,Chennai,INDIA,company.com,Desktop,Card,1976,4,yes,0
CUST100746,Aarav Verma,18,male,1035522,USD,52,Platinum,2023-06-26,07-27-2025,weekly,5513.06,9999,7,12, Home Decor ,CHENNAI,INDIA,GMAIL.COM, web ,UPI,417,1,Y,0
CUST100747,Aarav Joshi,29,female,674961,,98,silver,28/05/2024,28-Sep-2024,Weekly,2043.92,3,1,3,Grocerry,Chennai,IN, gmail.com ,,Cash,1633,4,No,0
CUST100748,Vivaan Sinha,61,MALE,,INR,40,,06-22-2024,2025-10-20,Monthly,295.84,10,6,5,kids, lucknow ,IN,company.com,Mobile,Cash,1524,1,0,0
CUST100749,Sai Gupta,26,Female,437305,₹,62,PLATINUM,12-01-2022,24/12/2022,,1884.35,8,5,4,Gaming,HYDERABAD,INDIA,company.com,Mobile,Wallet,1454,4,,0
CUST100750,Reyansh Sharma,35,Other,633462,Rs,37, GOLD ,03-24-2025,2025-10-17,Daily,4400.74,27,0,26,books, jaipur ,,gmail.com,IOS,Wallet,2062,3,yes,0
CUST100751,Reyansh Gupta,35,Male,336662,INR,56,basic,2025-02-23,23-Jun-2026,weekly,3043.58,12,9,4,Grocerry,JAIPUR,INDIA,rediffmail.com,Android,Credit Card,294,1,N,1
CUST100752,Sai Sharma,,F,1694059,,39,,03-30-2023,2024-03-25,weekly,4097.04,4,3,1,Books,Hyderabad, india ,outlook.com,android,Credit Card,757,1,0,0
CUST100753,Ayaan Chopra,34,female,518675,INR,21,Gold,23-Dec-2023,12/10/2024,Daily,4031.86,1,0,0,FOOD COURT,Hyd, india ,outlook.com, web ,Credit Card,1546,5,no,1
CUST100754,Ira Das,31,Other,1127870,INR,31, GOLD ,2022-05-15,08-Jul-2022,,6456.04,13,9,4,Eletronics, mumbai , india ,rediffmail.com,IOS,UPI,,3,yes,0
CUST100755,Arjun Nair,44,Female,1210010,INR,45,silver,2023-11-13,31/01/2024,,1396.28,21,16,5, Food Court , ahmedabad ,IN,gmail.com,Android,Card,1085,4,yes,0
CUST100756,Amit Sharma,48,,1640821,INR,69,Platinum,02-09-2022,04-Jan-2024,Weekly,743.03,24,11,13,SPORTS, chenai ,IN,rediffmail.com, web ,Cash,466,4,yes,0
CUST100474, Pooja Nair ,28,F,658342,INR,67,Silver,2021-10-31,01/11/2023,Rarely,1193.64,4,3,2, Home Decor ,PUNE,INDIA,yahoo.com,Android,UPI,1292,3,Yes,0
CUST100758,Diya Kapoor,32,female,380255,INR,43,Gold,2024-02-13,11/03/2025, monthly ,2065.47,6,0,7,Electronics,Pune,IN,GMAIL.COM,Android,UPI,1844,1,Yes,0
CUST100759,Ira Iyer,27,Male,573297,₹,4,Gold,2023-11-29,20/05/2024,RARELY,2098.27,43,28,15, Beauty , delhi ,IN,GMAIL.COM,Web, CREDIT CARD ,310,4,Y,0
CUST100760,Kiara Nair,44,MALE,600677,Rs,58,,2022-11-02,15-Apr-2024,,1274.96,16,6,10,books,PUNE,IN,GMAIL.COM,Web,Cash,104,3,yes,1
CUST100761,Aadhya Nair,20,F,703794,₹,27,Silvr,2025-07-13,2026-04-04,Daily,1177.91,14,5,10,Beauty,MUMBAI,Bharat,rediffmail.com,Mobile,Wallet,1114,2,Yes,0
CUST100762,Kiara Mehta,48,male,,USD,59,Basic,03-29-2023,24-Jan-2025,Rarely,2714.25,8,6,2,Beauty,CHENNAI,IN, gmail.com ,android,Wallet,636,4,yes,1
CUST100763,Sai Chopra,32,M,883509,USD,64,PLATINUM,2024-07-17,02-25-2026,Daily,763.66,22,19,3, Electronics ,Hyderbad,,gmail.com,IOS,Debit Card,855,5,N,0
CUST100764,Aarav Gupta,46,FEMALE,204853,Rs,1,PLATINUM,06-16-2021,12-09-2022,RARELY,1472.3,24,11,12,HOME DECOR, hyderabad ,Bharat,hotmail.com,Android,Wallet,1141,5,Y,1
CUST100765,Sara Mishra,10,M,823291,USD,61,Silver,07-23-2023,12/05/2024,Weekly,588.41,1,0,1, Fashion ,AHMEDABAD, india ,,Android, CREDIT CARD ,656,1,No,0
CUST100766,Sai Patel,122,Female,539293,INR,59,PLATINUM,2025-01-22,2025-12-09,,2610.72,4,2,3,FOOD COURT,Chennai, india ,hotmail.com,android,Cash,1366,1,No,0
CUST100767,Neha Das,16,female,1186610,INR,48, GOLD ,30/10/2021,03-Aug-2022, monthly ,2537.55,1,0,1,food court,PUNE, india ,hotmail.com,android, CREDIT CARD ,2225,5,No,0
CUST100768,Rahul Sinha,,F,603277,₹,66,Silvr,09/07/2023,2023-08-11,Rarely,1034.37,0,0,0, Sports , chenai ,IN, gmail.com ,Android,upi,2146,5,N,0
CUST100769,Arjun Khan,52,female,229458,,47, GOLD ,06/05/2025,15/11/2025,,6162.22,1,0,1,beauty,Delhi,Bharat,GMAIL.COM,Desktop,Debit Card,1167,5,yes,0
CUST100770,Krishna Sharma,30,,530769,INR,27,basic,2025-08-05,,Daily,4678.26,30,12,18, Electronics , chenai ,IN,outlook.com,,UPI,1464,1,No,0
CUST100771,Diya Kumar,14,Male,581190,INR,64,PLATINUM,14-Feb-2025,12-18-2025, monthly ,1368.86,38,3,35, Gaming ,JAIPUR,,,Web,upi,422,5,Y,1
CUST100772,Myra Sinha,3,female,323515,INR,64, GOLD ,01-Oct-2023,10-14-2025, monthly ,2296.87,18,3,14,FASHION,Chennai,,rediffmail.com,IOS, CREDIT CARD ,463,3,N,1
CUST100773,Arjun Mehta,35,Male,333009,USD,45,silver,16-Apr-2025,25/01/2026,,1206.66,3,1,1,Electronic,Kolkata,IN,hotmail.com,IOS,upi,920,2,Y,0
CUST100774,Aditya Singh,42,F,,INR,32,silver,22-Jul-2022,06-23-2024,,4307.66,10,9,0,Food Court,Mumbai,, gmail.com ,Mobile,upi,1463,5,yes,1
CUST100775,Pooja Mehta,43,F,362931,INR,40,Silver,05-06-2023,12/11/2023,Weekly,1632.09,27,10,17,HOME DECOR,Mumbay,,company.com,IOS,Cash,1152,5,yes,0
CUST100776,Ishaan Rao,35,F,297862,INR,24,Gold,09/07/2024,03-01-2026,Monthly,1164.37,9,8,0,HOME DECOR,Mumbay,INDIA,GMAIL.COM, web ,upi,936,3,Yes,0
CUST100777,Sara Reddy,57,Male,1043886,INR,25,,06-Aug-2022,2022-08-10,Weekly,977.5,8,5,3, Grocery ,Hyderbad, india ,yahoo.com,Desktop,Cash,2299,5,Yes,1
CUST100778,Sara Khan,24,female,419211,USD,50,,06-25-2021,12-18-2022,Weekly,1408.95,13,11,2,SPORTS,Bengaluru,, gmail.com ,Web,Wallet,1406,3,No,1
CUST100779,Aadhya Das,44,Female,385278,INR,31,Silver,19/03/2025,05-01-2025,Rarely,1234.46,43,11,31,home decor,LUCKNOW,Bharat,,,,1529,2,Yes,0
CUST100780,Vihaan Nair,34,Female,742932,INR,70,Platinum,27-May-2024,09-08-2024,Daily,3771.37,2,1,2,KIDS,Pune, india ,outlook.com,,Wallet,2273,1,Yes,0
CUST100781, Riya Das ,44,MALE,,Rs,83,basic,05-Jan-2024,2025-03-14,Daily,3224.75,8,6,2, Grocery , mumbai ,INDIA,GMAIL.COM,Android,UPI,1206,5,1,0
CUST100782,Ira Khan,21,,1153006,INR,39,Silvr,06-05-2023,2024-05-24,Rarely,944.83,25,17,9,Electronic,Hyderbad,INDIA,rediffmail.com,android,Debit Card,96,4,N,0
CUST100783,Riya Sinha,21,Male,353188,₹,52,Silvr,23/01/2023,2024-09-06,Daily,442.2,42,19,23,home decor, Calcutta ,Bharat,rediffmail.com,android,upi,923,3,0,0
CUST100784,Priya Verma,17,F,679716,₹,47,Gold,12-17-2021,06-01-2022, monthly ,-250,27,6,21,Books, Calcutta ,INDIA,rediffmail.com,android, CREDIT CARD ,1079,3,1,0
CUST100785,Pooja Sinha,43,F,440537,INR,48,Gold,23/06/2023,08-26-2023,Rarely,641.81,33,25,9,FOOD COURT,Hyderabad,India,,, CREDIT CARD ,1548,1,1,0
CUST100786,Arjun Chopra,36,Male,903088,USD,80,Gold,12-14-2024,02-14-2026,weekly,1822.4,0,0,0, Kids , Calcutta ,,hotmail.com,Web,Credit Card,573,1,0,0
CUST100787,Meera Das,47,FEMALE,474681,₹,22,basic,21/09/2022,2023-07-30,RARELY,576.07,3,0,4,Eletronics,Ahmedabad,Bharat, gmail.com ,Desktop,Card,1454,5,no,1
CUST100788, Aadhya Gupta ,37,,618268,Rs,17,basic,03-Sep-2023,09-25-2025,Daily,4074.99,39,21,19,fashion, bengaluru , india ,,Desktop,,1042,1,N,1
CUST100789,Diya Mehta,37,Male,286129,Rs,41,Basic,2021-03-24,12-02-2021,Monthly,6729.26,12,11,2,Sports, ahmedabad ,Bharat, gmail.com ,IOS,UPI,888,5,Y,0
CUST100790,Sai Singh,27,,348875,,47,Gold,10-11-2024,09-03-2025,RARELY,5705.42,20,6,14, Grocery ,Chennai,,gmail.com,IOS,UPI,852,5,,0
CUST100132,Neha Mehta,34,Male,423471,USD,46,basic,2022-07-27,11-01-2022,Rarely,1890.21,20,7,14, Fashion ,,India,hotmail.com,android,Debit Card,1267,2,0,0
CUST100751,Ishaan Chopra,24,Male,789246,₹,43,Basic,20/07/2025,2025-08-19,Rarely,2362.91,32,21,12,HOME DECOR,Bangalore,INDIA,yahoo.com,IOS,upi,1279,5,0,0
CUST100793,Aditya Khan,28,Female,597353,₹,54,Gold,09/07/2022,, monthly ,454.28,11,0,11,Grocerry,Bangalore,India,rediffmail.com,Android,Card,671,2,N,0
CUST100794,Amit Singh,54,male,178250,₹,61,Gold,05-16-2022,20/06/2024,RARELY,3448.98,20,5,16,books,Lucknow,IN, gmail.com ,,Debit Card,1386,3,yes,1
CUST100795,Vivaan Sinha,24,female,371257,Rs,74,Gold,12-13-2022,03/07/2024, monthly ,2806.41,19,18,1,SPORTS,LUCKNOW, india ,GMAIL.COM,Web,upi,1039,2,0,0
CUST100796,Riya Rao,33,F,640987,,78,Silvr,19-Apr-2021,2021-06-07,RARELY,1271.51,5,2,2, Home Decor ,Ahmedabad,Bharat,yahoo.com,Web,Credit Card,749,4,no,0
CUST100797,Diya Reddy,12,M,1125955,INR,63,,2022-06-02,24-Sep-2023,Monthly,513.24,25,1,24,gaming, hyderabad ,INDIA,company.com,,upi,1497,3,N,0
CUST100798,Priya Mehta,49,M,730995,INR,51,Basic,2023-07-24,12/08/2025,Rarely,2741.68,6,4,2, Electronics ,KOLKATA,India,company.com,Desktop,Wallet,2680,1,Y,0
CUST100799,Aadhya Mishra,42,M,1186066,,52,silver,2021-02-02,26/01/2022,weekly,2068.16,1,0,1,books,Pune,INDIA,company.com,android,Debit Card,862,3,,0
CUST100800,Ayaan Kumar,30,FEMALE,1011465,INR,100,Platinum,07-10-2024,12-Apr-2026, monthly ,999999,2,0,3, Fashion ,NEW DELHI,India, gmail.com ,Android,Card,1988,4,no,0
CUST100801,Pooja Mehta,14,,,INR,67,,2023-02-04,17/10/2024,Weekly,2779.12,6,2,4, Gaming ,Ahmedabad,INDIA,hotmail.com,android,Credit Card,1526,4,,0
CUST100802,Sara Sinha,37,Other,,Rs,31,basic,2023-06-08,11-08-2025,Monthly,1864.41,17,3,14,Books, lucknow , india ,yahoo.com,IOS,upi,1374,1,,1
CUST100803,Reyansh Das,37,,,,69,PLATINUM,22/03/2021,01-31-2022,RARELY,747.21,10,5,5, Sports , ahmedabad ,Bharat, gmail.com ,,upi,1561,4,yes,0
CUST100564,Aadhya Sharma,42,F,430128,INR,28,,05/07/2025,24/10/2025,Monthly,3203.95,8,7,1,Food Court,Chennai,,company.com,Mobile, CREDIT CARD ,1238,4,yes,0
CUST100805,Sara Reddy,57,F,368628,INR,50,Silver,09-13-2024,2026-02-13,Weekly,1994.68,83,82,1,FASHION,Mumbay, india ,hotmail.com,Web,,1615,1,,0
CUST100806,Myra Kapoor,27,F,1287577,₹,68,PLATINUM,2022-07-12,08-02-2023,Monthly,1632.96,0,0,0, Sports ,Jaipur,India, gmail.com ,Mobile,Card,68,4,yes,0
CUST100807,Neha Iyer,33,F,651713,Rs,76,Silvr,09-29-2023,28/02/2025,Rarely,1279.91,6,3,4,Electronics,CHENNAI,Bharat,gmail.com,Android,Card,1043,3,Y,1
CUST100808,Diya Sinha,27,MALE,230175,USD,77,PLATINUM,01-15-2021,14-Nov-2021,weekly,2456.67,8,6,2,Beauty, mumbai ,INDIA,gmail.com,,upi,855,4,0,1
CUST100809,Myra Sinha,25,Male,542693,USD,97,PLATINUM,08-Dec-2021,2021-12-13,,1259.6,13,6,8,Electronics,KOLKATA,INDIA,gmail.com,android,Credit Card,777,2,Yes,0
CUST100810,Aadhya Mehta,24,,967493,₹,63,Silvr,05-31-2022,10-26-2023,RARELY,2584.65,2,1,1,SPORTS, lucknow ,Bharat,company.com,iOS,Cash,1011,1,1,0
CUST100754,Ira Das,31,Other,1127870,INR,31, GOLD ,2022-05-15,08-Jul-2022,,6456.04,13,9,4,Eletronics, mumbai , india ,rediffmail.com,IOS,UPI,,3,yes,0
CUST100812,Diya Joshi,24,male,628308,INR,19,silver,05-31-2025,13/04/2026,Rarely,2082.5,16,15,0,Grocery,BENGALURU, india ,rediffmail.com,Desktop,Cash,1322,3,Yes,0
CUST100813, Sai Chopra ,44,F,669160,Rs,53,,10-04-2022,2025-02-25,Daily,577.91,8,2,5,electronics, delhi ,India,GMAIL.COM,android,Credit Card,,3,N,1
CUST100814,Vihaan Das,36,Other,628681,INR,56,Platinum,13/07/2024,02-May-2026, monthly ,3433.42,21,19,2,fashion,HYDERABAD,Bharat,hotmail.com,Web,Wallet,1777,2,yes,0
CUST100815,Ayaan Verma,43,,458596,₹,50,Gold,22-Jul-2025,07/03/2026,Weekly,1893.09,3,1,2,Fashion,Mumbay,,outlook.com,Web,UPI,1082,1,no,0
CUST100816,Neha Chopra,29,MALE,716173,INR,62,basic,31/02/2024,2023-12-31,,1278.67,5,1,4, Kids , chenai , india ,company.com,iOS,UPI,836,2,0,0
CUST100817,Neha Das,34,M,2006682,INR,39,PLATINUM,07-03-2023,05-Jun-2024,,2571.97,66,22,45,fashion,JAIPUR,,rediffmail.com,android,upi,913,2,N,0
CUST100818,Saanvi Mehta,53,male,359131,INR,26,Silver,2025-06-05,2026-01-01,,4420.46,8,5,3,electronics,Delhi,,GMAIL.COM, web ,upi,1201,2,1,0
CUST100819,Arjun Gupta,37,,772730,INR,42,Silver,28-Apr-2021,2021-11-03,Monthly,4041.49,0,0,0, Home Decor ,Chennai,Bharat,GMAIL.COM,Android,Card,962,4,N,0
CUST100820,Rahul Das,29,,936108,USD,28,Silvr,2024-11-08,02-Dec-2024,weekly,3094.9,4,3,1,Books, lucknow , india , gmail.com ,Web,upi,970,2,Yes,1
CUST100821,Rahul Mehta,40,male,401967,USD,76,PLATINUM,22/11/2021,04-05-2023,Rarely,780.05,2,1,1,fashion, Calcutta ,,rediffmail.com,iOS,,1127,1,N,1
CUST100822,Ayaan Iyer,25,Other,533571,Rs,56,Basic,06/06/2022,06-25-2022,Daily,1216.61,21,20,1,GAMING,JAIPUR,IN,rediffmail.com,iOS,Debit Card,124,3,,0
CUST100823,Ayaan Kumar,21,M,992303,USD,55,basic,16/01/2023,2023-06-20,Monthly,622.39,1,0,1,Electronic, delhi ,Bharat,gmail.com,android,Credit Card,862,1,Yes,0
CUST100824,Sara Kumar,30,male,519185,₹,57,Silver,03/12/2022,14/04/2025,,4565.34,2,1,0,Sports,Chennai,IN,outlook.com,,Debit Card,1203,1,0,0
CUST100825,Sai Patel,41,Male,1084766,INR,59,PLATINUM,2024-10-27,11-08-2024,Daily,902.81,15,1,14,HOME DECOR,Hyderbad,,hotmail.com,Web, CREDIT CARD ,1474,3,Y,1
CUST100826,Priya Sharma,45,male,537996,INR,9,Gold,10/06/2022,21-Jul-2024,Monthly,1164.17,28,20,9,Fashion, bengaluru ,India,company.com, web ,upi,1801,3,Yes,0
CUST100827,Aadhya Iyer,28,,553327,INR,80,Silvr,11/02/2025,2025-02-14,Daily,1594.24,27,13,15,KIDS,Jaipur,India, gmail.com ,iOS,Credit Card,2411,1,0,1
CUST100828,Ira Verma,45,male,434603,,50,basic,2023-04-02,2024-02-18,Monthly,755.32,39,23,16, Kids ,NEW DELHI,,yahoo.com,Web,Wallet,1309,4,1,0
CUST100829,Ishaan Khan,49,MALE,679332,USD,59,basic,14-Apr-2023,06-Sep-2024,RARELY,3350.15,72,37,34,Eletronics,Lucknow,Bharat,gmail.com,IOS,upi,361,1,0,0
CUST100830,Priya Sharma,35,FEMALE,1221168,INR,48,Silver,01-09-2022,07-Jul-2023,Rarely,2945.2,2,1,1, Gaming , jaipur ,IN,hotmail.com,,Wallet,1578,2,no,0
CUST100831,Sara Mishra,32,Female,380291,INR,87,Silver,08-Jun-2021,26-Dec-2022,Daily,963.75,25,19,6,Electronics,PUNE,IN,hotmail.com,IOS,upi,2414,3,Yes,0
CUST100832,Rahul Das,18,FEMALE,408016,,14,Gold,2025-06-25,06-26-2026, monthly ,1144.13,3,1,2,HOME DECOR, delhi ,IN,hotmail.com,,Credit Card,1856,5,no,1
CUST100833,Ananya Kumar,36,FEMALE,1393773,₹,64,Gold,16-Apr-2024,17/12/2025,,2406.48,18,3,15, Home Decor ,Bangalore,,hotmail.com,Android,upi,1433,5,Yes,0
CUST100834,Kiara Mishra,24,MALE,410876,USD,86,silver,07-Sep-2023,07/03/2025,RARELY,3563.15,1,0,1,Electronics, jaipur ,IN,gmail.com,Desktop,upi,1680,,Yes,0
CUST100835, Krishna Gupta ,24,Other,847167,INR,62,Gold,14/11/2023,2024-07-03,weekly,2349.41,0,0,0,HOME DECOR,PUNE,IN,gmail.com,Mobile,Cash,1732,1,0,1
CUST100836,Vivaan Verma,,Female,226265,Rs,52,silver,13-Mar-2022,22/04/2024,Daily,3550.57,16,7,9,Books,JAIPUR,INDIA,gmail.com,android,upi,181,4,yes,0
CUST100837,Saanvi Sharma,180,Female,1292182,INR,35,silver,02-Jan-2023,12-Nov-2023,weekly,3948.14,59,25,33,kids,Hyderbad,,hotmail.com, web , CREDIT CARD ,870,2,yes,0
CUST100838,Priya Sinha,24,Female,835581,,51,Platinum,04-03-2022,08-13-2023,weekly,3026.08,0,0,1,GAMING, pune , india ,rediffmail.com, web ,Debit Card,338,5,Yes,0
CUST100839,Riya Joshi,33,,1721033,INR,99,Platinum,05-01-2021,2022-11-25, monthly ,1061.55,1,0,1,HOME DECOR, ahmedabad ,IN,outlook.com,Android,Wallet,1379,3,N,0
CUST100840,Saanvi Verma,50,Male,279013,INR,30,Silvr,11-06-2023,2023-12-18,Weekly,1077.98,13,8,5,Beauty,MUMBAI,,gmail.com,android,Credit Card,1217,2,N,0
CUST100841,Arjun Joshi,40,Male,427406,Rs,58, GOLD ,03-May-2023,17-Apr-2024,Monthly,3511.66,23,9,15,Groceries, jaipur ,,outlook.com,android,Cash,1531,3,No,0
CUST100842,Sara Gupta,52,FEMALE,273937,USD,42,silver,28-May-2022,14/06/2022,Monthly,1706.57,6,4,1,HOME DECOR,BENGALURU,,company.com,android,UPI,2078,3,,0
CUST100843,Priya Khan,15,MALE,1187164,INR,38,,2023-08-05,29/09/2025,Monthly,1821.27,3,2,1,beauty,KOLKATA,IN,GMAIL.COM, web ,Debit Card,1726,5,No,0
CUST100844,Amit Singh,31,Male,930552,₹,42,Silver,2022-12-11,2025-01-31,Daily,4174.43,0,0,1, Fashion ,Hyd,,gmail.com,Mobile,Cash,1864,2,no,0
CUST100845,Diya Reddy,31,Female,210322,USD,45,Silvr,13/09/2023,09-Aug-2024,Daily,1471.37,12,7,4, Books ,Hyderabad,, gmail.com , web , CREDIT CARD ,1221,5,no,1
CUST100846,Myra Patel,21,,723366,INR,37,Platinum,2021-08-27,28/01/2024, monthly ,818.59,0,0,0, Gaming , Calcutta , india ,,Desktop,Card,1630,5,1,0
CUST100847,Meera Sharma,34,MALE,770347,USD,28,Basic,15/04/2021,06-Jan-2022,Monthly,1220.81,15,13,1, Fashion ,Lucknow,IN,gmail.com,,upi,1345,2,yes,0
CUST100848,Pooja Chopra,60,male,392596,USD,52,silver,2022-09-26,2024-12-23,Rarely,601.83,8,4,4,food court,Kolkata,,hotmail.com, web , CREDIT CARD ,447,1,Y,0
CUST100849,Ishaan Sinha,42,,1162506,INR,56,Basic,2022-02-14,2023-12-11,Weekly,2891.74,19,7,12,books, mumbai ,India,hotmail.com,android,Card,756,2,1,0
CUST100850,Aditya Singh,25,FEMALE,1203512,,45,PLATINUM,16-Sep-2021,01-29-2024,Daily,5093.69,24,15,9,gaming, lucknow ,Bharat,yahoo.com,,upi,879,11,Yes,0
CUST100851,Priya Sharma,34,,876645,INR,80,,26-Jan-2025,04-22-2025,Rarely,2043.5,11,5,6,gaming,Jaipur,,GMAIL.COM, web ,Card,1853,4,yes,0
CUST100852,Vihaan Das,42,Male,690482,₹,90,basic,15-Jan-2025,28/02/2026, monthly ,-250,38,1,36,BOOKS,KOLKATA,India,,Mobile,,1309,5,1,1
CUST100853,Myra Khan,40,female,722576,INR,55,Basic,27/03/2022,2023-06-23,RARELY,1393.9,3,2,2,grocery, mumbai ,IN,company.com,android,Cash,2129,4,Yes,0
CUST100854,Meera Khan,34,Male,556286,INR,54,Silver,26/11/2021,2022-10-30, monthly ,1885.06,19,14,6,Beauty,LUCKNOW,Bharat,company.com,Android,UPI,717,4,Yes,1
CUST100855,Vihaan Nair,58,M,,INR,44,silver,03-Aug-2022,09/04/2023,Monthly,3345.41,5,2,3,HOME DECOR, hyderabad ,,yahoo.com,iOS,Credit Card,1797,3,N,0
CUST100856,Amit Chopra,30,M,417318,INR,54,Gold,2023-07-08,04/04/2025,,3314.19,3,1,1,Home Decor,HYDERABAD,Bharat,company.com,,Cash,346,4,1,0
CUST100857,Vivaan Khan,39,MALE,446226,USD,56,PLATINUM,21/03/2025,02/10/2025, monthly ,2485.81,15,3,13,GAMING,NEW DELHI,India,hotmail.com,Android,Debit Card,1339,2,,0
CUST100063,Aditya Singh,49,FEMALE,622302,Rs,77,basic,09-28-2021,25/07/2023,Rarely,999999,10,0,11, Fashion ,HYDERABAD,IN,yahoo.com,android, CREDIT CARD ,943,4,N,0
CUST100859,Meera Iyer,41,Female,1472619,INR,72,Silver,27/05/2022,08-10-2024, monthly ,3212.88,22,17,5, Kids ,Chennai,INDIA,GMAIL.COM, web , CREDIT CARD ,2088,11,N,0
CUST100860,Pooja Gupta,,MALE,1208802,₹,22,Silvr,30-Jul-2024,13/12/2024,Rarely,12654.66,2,1,2,sports,Delhi ,IN,outlook.com,android,Card,250,4,,
CUST100861,Ayaan Mehta,14,female,577473,INR,100,Silvr,09/09/2021,03/12/2023,Daily,3585.52,21,8,12,Home Decor, jaipur ,Bharat,outlook.com, web ,,1941,1,Y,0
CUST100862,Saanvi Mishra,20,Male,374418,Rs,100,PLATINUM,06-08-2024,17-Jun-2024,RARELY,543.56,3,0,4,HOME DECOR, delhi ,IN,rediffmail.com,Android,,1446,1,no,0
CUST100863,Neha Joshi,37,F,,INR,82,Silvr,22-Sep-2024,28/04/2025,Monthly,240.58,16,10,6,sports,Mumbai,,yahoo.com,Desktop,Cash,1565,4,N,0
CUST100864,Pooja Kumar,32,Female,1869185,Rs,83,silver,03-20-2025,,,3305.98,21,8,13, Beauty ,Delhi,,gmail.com,Web, CREDIT CARD ,1777,4,no,0
CUST100865,Reyansh Chopra,39,M,335570,INR,56,silver,18-Feb-2021,20-Apr-2022,Rarely,1387.26,31,19,13, Grocery ,Lucknow,India,gmail.com,Mobile,Debit Card,426,4,yes,0
CUST100866, Sai Gupta ,52,,320140,,31,Platinum,01/04/2022,2024-02-02,Monthly,1111.36,33,14,18,Kids, mumbai ,,outlook.com,Android,,372,5,yes,0
CUST100527,Krishna Mishra,21,MALE,531171,INR,24,,03-Nov-2023,22-Apr-2024,Rarely,1560.75,5,3,3,SPORTS,Hyderabad,Bharat,hotmail.com,Mobile,,1086,4,no,0
CUST100868,Meera Sharma,,female,1361106,INR,40,Silvr,23/04/2023,,weekly,3214.52,76,39,37,SPORTS,Mumbai,India,gmail.com,Mobile,Wallet,1134,5,No,0
CUST100869,Riya Mehta,18,male,617153,INR,41,Silvr,10-30-2023,03-Oct-2025,RARELY,1217.55,-3,0,22,KIDS,NEW DELHI, india ,outlook.com,,Wallet,772,1,Yes,0
CUST100405,Pooja Singh,122,Other,322039,,53,,22-Jun-2024,2025-01-30,weekly,2856.77,5,0,5, Books , chenai ,,outlook.com,Mobile,Credit Card,1479,4,,0
CUST100871,Ira Patel,49,FEMALE,805162,INR,63,PLATINUM,17-Jul-2025,05-21-2026,,892.12,4,2,1, Sports ,Kolkata,Bharat,rediffmail.com,iOS,UPI,1062,1,1,0
CUST100872,Aadhya Rao,48,Other,277111,₹,16,PLATINUM,2022-08-24,30-Nov-2024,,1980.6,23,2,20, Fashion ,PUNE,Bharat,company.com,Web,Cash,2016,2,,0
CUST100873,Meera Patel,40,male,1189745,USD,66,Silver,16/07/2025,2026-03-17,,4527.76,22,9,12,books, bengaluru ,INDIA,company.com,android,UPI,693,5,Y,0
CUST100874,Amit Mishra,,Male,,,39,Silver,2022-06-08,02-24-2023,,1443.54,12,5,6,SPORTS, ahmedabad ,IN,,Web,Debit Card,1686,1,No,0
CUST100875,Aditya Reddy,33,FEMALE,615016,INR,36,Basic,21-Jun-2025,15/05/2026, monthly ,4067.61,94,66,28,electronics, chenai ,,gmail.com,Desktop,Card,1722,4,N,0
CUST100876,Aadhya Mishra,19,Female,828928,INR,49,Silver,23-Jul-2021,,Rarely,1290.84,59,9,51,HOME DECOR,Delhi ,INDIA,gmail.com,IOS,Cash,722,5,0,0
CUST100877,Aarav Joshi,43,,154026,INR,42, GOLD ,12-Nov-2023,09-23-2024,,1244.2,38,1,37,Grocerry,Ahmedabad,IN,yahoo.com,android,Wallet,1719,5,1,1
CUST100878,Saanvi Reddy,47,F,579708,USD,40,Basic,28-Aug-2024,12-22-2024,Monthly,835.77,7,5,2, Sports ,AHMEDABAD, india , gmail.com , web ,Debit Card,2051,1,No,0
CUST100726, Sara Sharma ,1,female,518349,₹,80,Platinum,10-07-2023,12-31-2025,RARELY,667.34,8,7,1,Books,,Bharat,company.com, web ,Credit Card,388,3,N,0
CUST100880,Pooja Khan,28,MALE,456296,,79,Platinum,2024-08-16,05-Sep-2024,RARELY,3259.39,3,2,1, Home Decor ,Jaipur,,,iOS,UPI,1107,4,Y,0
CUST100881, Rahul Chopra ,42,female,260654,INR,85,silver,2022-09-11,31/03/2024,Weekly,,26,14,12,grocery,Bengaluru,Bharat,yahoo.com,Android,upi,837,1,Yes,0
CUST100882,Meera Chopra,46,female,428005,USD,32,Platinum,07/05/2023,2023-05-29,RARELY,3283.59,16,0,16,home decor, delhi ,Bharat,yahoo.com,Web, CREDIT CARD ,210,2,Y,1
CUST100883,Ananya Nair,122,,864773,INR,55,Platinum,2023-10-03,20/02/2026,RARELY,3110.48,,6,4, Home Decor ,Mumbay, india ,yahoo.com,Web, CREDIT CARD ,715,1,Y,0
CUST100884,Ira Chopra,,,291923,INR,35,Silver,14/02/2022,09-27-2023,weekly,9556.71,9,4,4,BEAUTY,Lucknow, india ,rediffmail.com,Web,Card,1235,4,no,1
CUST100885,Aarav Singh,27,female,1121140,₹,63,,2025-03-13,15/04/2026,Weekly,1649.93,5,2,3,BOOKS, delhi ,India,GMAIL.COM,android,Credit Card,2728,0,yes,0
CUST100886,Amit Rao,48,F,,INR,54,PLATINUM,06-Mar-2025,15-Jul-2025,Weekly,,34,21,14, Sports ,Mumbay,Bharat, gmail.com ,android,Cash,0,5,yes,0
CUST100887,Neha Joshi,40,F,2819167,INR,70,,07-23-2023,11-01-2024, monthly ,1581.77,5,1,5, Kids , pune ,Bharat,GMAIL.COM,Web,UPI,1686,1,Yes,0
CUST100888,Ishaan Mishra,30,,454319,USD,83,basic,25/02/2023,07/10/2024, monthly ,1581.11,5,3,2, Kids ,Pune,,rediffmail.com,iOS,Cash,457,1,0,0
CUST100889,Meera Patel,35,FEMALE,887204,Rs,35,Platinum,06-28-2021,23-Mar-2023,RARELY,1003.67,2,1,2,Grocery, pune ,,yahoo.com,Android,UPI,769,3,0,0
CUST100890,Krishna Gupta,60,M,1599339,USD,39,silver,03-Mar-2024,17-Feb-2026,Weekly,7593.34,6,1,5, Gaming ,JAIPUR, india ,outlook.com,IOS,,1549,5,0,1
CUST100891,Aadhya Patel,38,,571109,USD,62,basic,24-Oct-2024,03-Mar-2026, monthly ,1556.2,19,16,3,Electronic,Chennai,IN,yahoo.com,Android,Card,1004,4,yes,0
CUST100892,Riya Nair,40,MALE,790552,INR,16,basic,10/03/2023,2024-05-16, monthly ,1266.78,41,30,12,Grocerry,KOLKATA,INDIA,,android,Wallet,1383,3,0,0
CUST100893,Aarav Reddy,44,F,401838,INR,47,PLATINUM,30-Apr-2022,17/08/2022,Weekly,3311.39,21,16,5,grocery, pune ,India,rediffmail.com,IOS,UPI,350,1,1,0
CUST100894,Meera Reddy,18,,650964,INR,26,,18-Jan-2023,30/06/2023,,2756.03,25,21,5,Gaming, hyderabad , india ,,Web,Card,2178,3,,
CUST100895,Amit Verma,27,Female,798675,,48,Gold,17/11/2021,21-Jan-2022,Rarely,3626.35,8,4,5,books,MUMBAI,INDIA,hotmail.com, web ,upi,805,1,no,0
CUST100896,Riya Gupta,32,male,763008,₹,66,silver,30/12/2021,13/09/2023, monthly ,2862.0,27,4,23,beauty, chenai , india , gmail.com ,Android,Card,944,2,1,0
CUST100897,Reyansh Rao,,,,,56,Silvr,2022-11-25,2024-06-02,RARELY,6429.55,11,4,7,beauty,Delhi , india ,hotmail.com,android,Cash,1367,4,No,0
CUST100898,Kiara Sinha,25,Male,,₹,82,,21/09/2023,14-Jul-2024,weekly,1410.68,35,5,31,home decor, pune ,IN,company.com,android, CREDIT CARD ,950,5,1,0
CUST100899,Ananya Sinha,20,M,617235,USD,40,basic,11-03-2023,12-07-2025,weekly,2110.6,8,4,4,Electronics,Chennai,INDIA,,IOS,,1416,5,no,0
CUST100900,Aditya Iyer,,,271121,INR,35,silver,2024-05-02,2024-06-12,RARELY,996.93,12,10,2,Sports,Bangalore,INDIA,hotmail.com,android,UPI,1129,3,no,0
CUST100901,Ayaan Chopra,34,FEMALE,774816,,76,PLATINUM,07-Apr-2023,07-Apr-2023,,2520.43,108,16,92, Gaming , chenai ,Bharat,company.com,,upi,1608,4,0,0
CUST100902,Vihaan Patel,24,FEMALE,833077,INR,42,Basic,08/01/2022,15-Dec-2023, monthly ,1631.94,2,0,1,SPORTS, hyderabad ,, gmail.com ,,Credit Card,601,1,1,0
CUST100903,Pooja Singh,31,Female,-50000,INR,56,PLATINUM,25-Nov-2022,19/08/2024,Weekly,916.94,22,16,5,GROCERY,JAIPUR,Bharat, gmail.com ,android,Card,1598,2,Y,0
CUST100163,Krishna Mishra,33,FEMALE,722944,USD,27, GOLD ,2024-09-01,02-05-2025,Rarely,588.31,4,3,2,Beauty,Hyderabad,Bharat, gmail.com ,Mobile,Cash,1584,1,1,1
CUST100905,Aarav Singh,51,Other,865103,INR,42,Silver,2025-08-17,2026-05-16, monthly ,744.57,2,1,1, Grocery , chenai , india ,hotmail.com,iOS, CREDIT CARD ,1243,3,Yes,0
CUST100648, Sara Iyer ,55,F,956929,,11,Gold,05-15-2021,18-Jul-2022,Rarely,1965.27,58,36,21,Grocery, jaipur , india ,outlook.com,Mobile,Cash,1436,3,Yes,0
CUST100907,Diya Nair,40,male,464240,₹,41,Silvr,04-12-2025,12/05/2026,RARELY,999999,11,5,6, Kids ,Mumbay,,outlook.com, web ,Credit Card,1117,2,Yes,0
CUST100908,Arjun Verma,31,Female,337610,INR,31,Platinum,2022-08-26,18/09/2023,RARELY,709.32,1,0,0, Sports ,Kolkata,INDIA, gmail.com ,Mobile,Wallet,1191,2,N,1
CUST100909,Sai Mishra,37,female,734542,INR,56,Silvr,13-Oct-2023,2024-01-17,weekly,811.75,2,1,1,beauty, chenai , india ,GMAIL.COM,iOS,Credit Card,571,4,No,0
CUST100910,Aarav Gupta,52,male,699234,INR,60,Basic,29/10/2022,,weekly,1508.31,16,12,4,books,AHMEDABAD,IN,yahoo.com,,Cash,891,1,yes,0
CUST100462,Arjun Joshi,37,Female,499852,INR,41,Silver,11/07/2024,16-Jul-2025,weekly,1285.76,7,5,2,GAMING,,Bharat,yahoo.com,android,Debit Card,2088,5,0,1
CUST100912,Sai Joshi,26,FEMALE,342954,INR,33,,11-Apr-2025,25-Oct-2025,Daily,3508.1,9999,15,1,BOOKS,Delhi ,,rediffmail.com,Mobile,,1459,2,no,0
CUST100913,Ira Reddy,39,M,1602060,,60,,30/03/2022,2022-10-09,Weekly,553.79,11,6,5,gaming,NEW DELHI,India,yahoo.com, web ,Wallet,978,4,1,0
CUST100914,Ira Singh,53,FEMALE,,INR,38,Gold,24-May-2023,05/06/2023,RARELY,669.4,1,0,0, Electronics ,Delhi,INDIA, gmail.com ,Android, CREDIT CARD ,1248,2,yes,1
CUST100915,Ishaan Reddy,43,Female,619124,INR,59,basic,06-06-2024,08/10/2025,Daily,497.1,46,0,46,Sports,PUNE,INDIA,gmail.com,android,UPI,1266,1,Y,0
CUST100916,Pooja Khan,20,M,1175141,INR,48,silver,31-Oct-2022,29/08/2024,Rarely,1764.35,28,13,15,food court,Hyd, india ,GMAIL.COM,android,Credit Card,850,2,0,0
CUST100917,Vivaan Reddy,28,FEMALE,680683,INR,68,basic,22/04/2023,25-Dec-2024, monthly ,2729.75,32,18,14,FASHION,PUNE,Bharat,,Android,Wallet,1017,5,0,0
CUST100918,Riya Patel,34,Female,960063,INR,61,,06-08-2021,10/07/2022,weekly,479.04,9,0,9,sports,Chennai, india ,yahoo.com, web ,UPI,1380,3,Yes,0
CUST100919,Sara Khan,54,MALE,1076590,INR,56,Platinum,25-Aug-2023,20/11/2025,Rarely,1366.26,29,18,11,food court,Hyd,IN,company.com,IOS,Credit Card,1331,5,Yes,0
CUST100920,Vihaan Khan,23,FEMALE,615283,INR,72,Gold,14-Dec-2022,2023-05-30,Monthly,3906.4,20,18,3,Home Decor,Chennai, india ,,IOS,upi,1749,5,No,0
CUST100921,Myra Kumar,39,Male,1359850,INR,100,Gold,05-07-2024,03-31-2025,Weekly,605.83,11,9,2,FOOD COURT,Ahmedabad,,,iOS,Card,1803,1,0,0
CUST100922,Krishna Sinha,29,Female,621081,INR,51,PLATINUM,2023-03-28,06-Apr-2025,weekly,1321.01,1,0,1,KIDS,Chennai,INDIA,gmail.com,Desktop,Wallet,1248,2,No,1
CUST100923,Sara Reddy,22,Male,575785,₹,67,silver,11-01-2021,02-Jul-2022, monthly ,2307.98,51,41,9, Food Court ,Bengaluru,INDIA,GMAIL.COM,Desktop,Cash,1764,2,no,0
CUST100924,Diya Sinha,40,F,1635069,,79,,17/08/2021,2023-03-10,weekly,1633.37,10,8,2,beauty,HYDERABAD, india ,hotmail.com,iOS,Card,1410,4,yes,0
CUST100925,Aditya Mishra,53,male,496032,INR,50,Gold,12-27-2022,29-Jan-2023,RARELY,4176.67,10,6,4,Grocerry, pune ,,rediffmail.com,Web,Card,848,1,Y,0
CUST100926,Vihaan Mishra,38,MALE,279024,USD,55,Gold,01/11/2021,07/01/2024,Weekly,5324.85,19,2,17,food court,Lucknow,IN,company.com,android,Debit Card,830,2,no,0
CUST100927,Diya Verma,27,,826992,₹,13,Silvr,06-19-2022,11-Oct-2022, monthly ,5777.7,16,2,15,GAMING,Delhi , india ,outlook.com,Mobile,Cash,545,2,Yes,0
CUST100928,Pooja Das,15,Other,,INR,92,Platinum,2024-09-13,26/06/2026,Weekly,1238.18,1,0,0,ELECTRONICS,MUMBAI,INDIA,gmail.com,,Card,922,3,yes,0
CUST100929,Aditya Verma,50,FEMALE,432016,INR,26,Gold,20/06/2023,02-Dec-2024,Rarely,1898.54,22,6,15,home decor, chenai ,Bharat,,,Cash,303,1,N,0
CUST100930,Arjun Nair,,Other,1465719,Rs,56,Gold,03-22-2023,09-11-2023, monthly ,3021.46,4,0,3,Grocerry, pune ,INDIA,hotmail.com,,upi,1531,3,,0
CUST100931,Neha Patel,31,MALE,,Rs,79, GOLD ,20/10/2022,08/03/2025,,1573.15,4,0,4,GAMING,JAIPUR,INDIA,yahoo.com,android,Wallet,1246,4,No,0
CUST100932,Pooja Mishra,26,Male,626572,,20,Platinum,2021-10-22,25-Jan-2024,weekly,1842.6,15,13,1,BOOKS,AHMEDABAD,IN,yahoo.com,Web,UPI,1809,2,no,0
CUST100933,Vivaan Verma,24,male,99999999,INR,37, GOLD ,03-11-2025,07-23-2025,Monthly,2324.54,15,11,5,Home Decor,Hyderbad,INDIA,gmail.com,iOS, CREDIT CARD ,1016,4,no,0
CUST100934, Vivaan Das ,,Male,1303505,INR,63,PLATINUM,2025-02-19,07-Jan-2026,RARELY,1385.26,38,32,5, Gaming ,LUCKNOW,Bharat,hotmail.com,IOS,,1170,5,Yes,0
CUST100935,Diya Khan,26,Female,1582549,INR,64,Basic,2022-01-30,27-Jul-2023,Monthly,1665.93,5,2,3,Sports,CHENNAI, india ,yahoo.com,Desktop,Wallet,607,4,,0
CUST100936,Priya Das,47,male,922265,₹,70,Silvr,04-29-2021,10-12-2021,RARELY,2156.29,31,21,9,Fashion,Kolkata,IN,outlook.com,IOS,Wallet,1090,5,Y,0
CUST100937,Amit Chopra,36,Other,871528,INR,43,basic,12-22-2023,2025-08-02,weekly,3860.07,15,10,5, Sports ,LUCKNOW,Bharat,company.com,android,Card,2054,2,yes,0
CUST100938,Aadhya Mishra,20,Female,1091065,USD,69,Silver,27-Jul-2023,11-Oct-2024, monthly ,1158.61,9,7,3,sports, pune ,India,gmail.com, web , CREDIT CARD ,634,3,N,0
CUST100939,Aadhya Khan,22,female,597964,USD,21,Basic,12-Jul-2023,, monthly ,1141.16,5,2,4,home decor,LUCKNOW, india , gmail.com ,Mobile, CREDIT CARD ,1070,3,,0
CUST100940,Ira Sharma,31,,1508575,INR,77,basic,08-Oct-2024,2026-03-11,RARELY,1668.75,13,9,4,HOME DECOR, Calcutta ,Bharat,GMAIL.COM,android,upi,881,1,1,1
CUST100941,Sara Sinha,43,female,598679,USD,20,,2023-05-11,2024-02-29,,723.78,27,18,9,Sports,Lucknow,Bharat,yahoo.com,android,Cash,733,3,No,0
CUST100436,Ira Singh,27,Female,936162,Rs,83,Gold,08-Jan-2021,04-10-2021,weekly,2146.66,22,16,6,gaming,,India,outlook.com,Android,Cash,1131,3,No,0
CUST100943, Amit Iyer ,48,Male,536724,₹,53,Platinum,02-Mar-2022,03-09-2024,weekly,4660.54,15,2,13,Eletronics,Hyderabad,IN,hotmail.com,iOS, CREDIT CARD ,1108,4,no,1
CUST100850,Aditya Singh,25,FEMALE,1203512,,45,PLATINUM,16-Sep-2021,01-29-2024,Daily,5093.69,24,15,9,gaming, lucknow ,Bharat,yahoo.com,,upi,879,11,Yes,0
CUST100945,Diya Rao,15,MALE,1304745,INR,29,silver,19/11/2023,,Monthly,1765.5,24,2,22,books,Mumbai,India,hotmail.com, web ,Cash,1204,3,Y,0
CUST100763,Kiara Sinha,50,F,660941,₹,61,Silver,09-22-2024,07/01/2026,Daily,4960.64,30,14,15,Grocery,Bangalore,Bharat,outlook.com,Desktop,Debit Card,2510,0,N,1
CUST100947,Vivaan Das,48,Male,201104,INR,15, GOLD ,07-Jul-2022,19-Nov-2024,Daily,982.23,0,0,0,fashion, lucknow ,,rediffmail.com,Android,Debit Card,1818,1,,1
CUST100948,Sara Kumar,16,Other,,,47,basic,06-10-2022,06-Nov-2023,RARELY,895.29,25,24,2,FASHION,LUCKNOW,IN,yahoo.com,iOS,Wallet,2669,1,yes,0
CUST100705,Ira Reddy,26,Other,,,69,Silver,01-29-2024,2025-02-22,Rarely,781.26,20,17,3, Food Court ,Bangalore,INDIA,rediffmail.com,,Wallet,1306,3,Yes,0
CUST100950,Vihaan Rao,15,male,775469,INR,56,Silver,2023-05-29,11-26-2024,,-250,67,44,22, Fashion ,AHMEDABAD,India,,Android,UPI,1161,1,no,0
CUST100951,Aadhya Gupta,33,M,1310941,Rs,81,basic,27/05/2023,2024-10-07,Monthly,1757.36,13,5,9,sports, jaipur ,India,,iOS,Debit Card,2028,1,no,1
CUST100952,Neha Reddy,29,M,724285,USD,10,Basic,2025-06-22,27/08/2025,,309.42,8,5,2,books, lucknow , india ,yahoo.com, web ,Credit Card,1488,1,1,0
CUST100953,Reyansh Kapoor,23,FEMALE,1398747,INR,63,Silvr,09-Feb-2023,18/07/2024, monthly ,860.51,7,6,1,Home Decor,Bengaluru,India,gmail.com,Desktop, CREDIT CARD ,809,1,,0
CUST100954,Vivaan Khan,39,,278495,,4,Basic,2024-08-24,22-Oct-2025, monthly ,274.56,25,6,18, Electronics , pune ,Bharat,gmail.com,Web,Card,571,1,0,0
CUST100955,Diya Patel,60,Other,249915,INR,56,Silver,2023-11-07,01-08-2026,Weekly,1421.73,7,3,4, Home Decor ,Delhi,India,company.com,,,1036,3,Y,0
CUST100956,Pooja Singh,40,F,,₹,79,,2021-07-28,2021-12-05,Monthly,10830.09,2,1,1,kids,CHENNAI,INDIA,,Mobile,Cash,394,5,N,0
CUST100957,Priya Das,37,Female,555754,INR,68,,2022-09-01,23/05/2024,RARELY,1113.99,10,1,8,Beauty,CHENNAI,India,, web ,Credit Card,798,2,N,0
CUST100958,Sara Joshi,37,Other,332576,INR,32,basic,28/11/2023,2025-05-18,Rarely,1172.23,4,3,0, Electronics ,Delhi,,outlook.com,Mobile,upi,999999,3,N,1
CUST100959,Myra Rao,12,F,369340,₹,21,Platinum,31/05/2024,01-15-2026,RARELY,1960.03,63,30,32, Beauty ,Jaipur,India,rediffmail.com,Desktop,,319,1,1,0
CUST100960,Krishna Kapoor,27,F,641271,Rs,61,Silvr,19/10/2024,22/01/2026,,1151.35,20,7,12,home decor,Mumbay,Bharat,gmail.com,IOS,,1541,1,,0
CUST100961,Saanvi Gupta,10,FEMALE,559065,₹,43, GOLD ,02-Mar-2021,08-May-2022,weekly,2798.27,1,0,0,Sports,Chennai,IN,,,Card,,1,N,0
CUST100962,Aadhya Iyer,30,M,967344,INR,44, GOLD ,02-Sep-2021,01-10-2024,weekly,1288.74,23,4,18, Beauty ,Chennai,India,,IOS,UPI,840,1,,0
CUST100963,Arjun Mishra,31,M,487537,INR,33,Silver,26/05/2023,05-11-2024,RARELY,1837.66,-3,0,9,Home Decor,Pune,Bharat,outlook.com,Mobile,Cash,547,2,0,0
CUST100964,Riya Patel,24,F,459073,,62,,02-Jun-2022,09/08/2023, monthly ,512.3,24,12,12,food court,Jaipur,,rediffmail.com,Android,UPI,1970,5,yes,1
CUST100965,Arjun Sinha,26,MALE,356266,,64,Platinum,2021-01-14,03-Mar-2021,weekly,3278.32,9999,2,7,BOOKS, Calcutta ,INDIA, gmail.com ,,,1483,2,yes,0
CUST100966,Aadhya Mishra,35,M,472233,INR,28,Basic,26-Dec-2023,2025-11-20,Rarely,2531.86,9,7,1, Home Decor , delhi ,INDIA,rediffmail.com, web ,UPI,2000,1,Y,0
CUST100967,Aarav Iyer,21,F,667352,INR,55,,02-23-2024,12/07/2025,Rarely,1088.24,3,2,2,home decor, pune , india ,hotmail.com,android,Debit Card,1301,1,yes,0
CUST100968,Vivaan Rao,29,Male,1035154,INR,42,Platinum,13-Jan-2025,20/10/2025,Monthly,3790.36,37,1,37,GAMING,Ahmedabad,IN,GMAIL.COM,Web,Credit Card,212,1,No,1
CUST100969,Saanvi Sharma,6,Male,572820,₹,52,Basic,07-01-2021,06/07/2022,Rarely,1642.31,36,6,29,gaming, chenai ,,GMAIL.COM,android,upi,865,2,0,0
CUST100970, Aarav Rao ,58,female,1574453,INR,63,Silver,2024-07-29,2024-12-31,,725.1,32,4,28,BEAUTY,Pune,IN,rediffmail.com,Web,Wallet,2163,4,Yes,0
CUST100971,Ira Iyer,40,,644894,INR,69,basic,10-19-2023,08/03/2025,Daily,656.82,12,5,7,Electronic,NEW DELHI,IN,outlook.com,Android,Credit Card,1404,1,No,0
CUST100972,Myra Patel,25,female,346537,USD,37,Gold,10/11/2022,01/12/2024,Monthly,4525.07,34,18,17,GROCERY,Bengaluru,India,gmail.com,Android,Debit Card,1261,2,0,0
CUST100973,Ishaan Joshi,35,FEMALE,,INR,34,PLATINUM,2022-10-29,18-Jun-2023,RARELY,1062.38,36,16,19,sports,Lucknow,India,yahoo.com, web ,Debit Card,1596,2,Y,0
CUST100563,Neha Singh,46,,678258,USD,32,Gold,16-Jul-2025,09-12-2025,Rarely,794.01,3,0,3, Food Court ,HYDERABAD,India,company.com,Android,upi,1441,2,Yes,1
CUST100975,Rahul Verma,36,MALE,685998,USD,62,silver,2023-04-29,11-Jul-2024, monthly ,594.86,11,6,5,beauty, jaipur ,IN,hotmail.com,Web,Card,1195,4,Y,0
CUST100976,Aarav Khan,34,F,,,91,silver,23/05/2023,2025-07-10,RARELY,2209.32,23,5,17,Sports,Hyd,INDIA,hotmail.com,Android, CREDIT CARD ,1342,3,0,0
CUST100977,Ira Rao,50,Male,604096,USD,82,Gold,2022-07-06,04-Nov-2022,Daily,470.0,4,3,2,KIDS,Ahmedabad,Bharat,company.com,,,1864,5,1,0
CUST100978,Diya Sharma,32,,964285,INR,59,Basic,12-29-2021,31/03/2023,,1960.97,17,16,2,Fashion,LUCKNOW,IN,company.com,,Credit Card,494,5,no,0
CUST100979,Vihaan Patel,37,F,1022900,Rs,71,Gold,05-11-2023,2025-07-30,Monthly,2500.76,31,24,6,Gaming,Jaipur, india ,company.com,Android,Wallet,800,5,No,0
CUST100980,Ishaan Das,38,Female,244573,USD,36,PLATINUM,2024-03-02,,RARELY,5082.22,16,3,13, Fashion ,LUCKNOW,,outlook.com,IOS,Debit Card,1033,1,,0
CUST100981,Sara Gupta,61,,,₹,72,silver,09-20-2023,17-Sep-2025,Monthly,735.83,14,3,10, Sports ,AHMEDABAD,,yahoo.com,IOS,upi,1389,5,,0
CUST100982,Neha Mehta,30,F,700393,,69,Platinum,20-Mar-2025,2025-11-23,Daily,5497.79,4,3,1,Grocery,Mumbai, india , gmail.com ,Mobile, CREDIT CARD ,694,3,yes,0
CUST100983,Meera Mishra,37,FEMALE,1058417,USD,47,Platinum,11/01/2023,25-Jan-2023,Daily,3469.95,8,7,1,food court,Chennai,India,rediffmail.com,IOS,upi,1197,2,no,0
CUST100984,Diya Kapoor,180,female,680037,₹,22,Platinum,13/03/2025,13-Jun-2025,,3383.42,3,1,2, Fashion ,Hyd, india ,gmail.com,iOS,Credit Card,1348,4,Yes,1
CUST100985,Priya Joshi,26,F,1364710,INR,36,basic,30-Apr-2022,2023-07-24,Rarely,872.44,25,21,5, Food Court ,Mumbay, india ,GMAIL.COM, web ,Credit Card,0,5,Y,0
CUST100986,Kiara Mehta,22,,439166,INR,86,PLATINUM,27-Sep-2021,2023-05-22,Weekly,5606.01,27,20,7,KIDS, Calcutta ,INDIA,yahoo.com,Desktop,Debit Card,990,4,N,0
CUST100987,Meera Sharma,50,,635240,Rs,58,Silvr,26-Jan-2021,01-29-2022,RARELY,1588.85,28,21,7,Beauty, Calcutta ,India,yahoo.com,Android,Card,1562,1,,0
CUST100988,Pooja Patel,41,F,1062117,INR,57,Silvr,12-Jul-2022,11/02/2023,,509.49,12,6,6,kids,MUMBAI,India,company.com,Mobile,upi,2947,4,,0
CUST100989,Sai Iyer,40,male,2507355,USD,80, GOLD ,2025-01-01,2025-08-22,Daily,1597.02,13,9,4,fashion, pune ,INDIA,gmail.com,Desktop,Cash,1705,2,Yes,0
CUST100990,Meera Kapoor,43,Male,571308,INR,61,,01-06-2022,2024-02-20,Monthly,447.54,39,4,35, Home Decor ,BENGALURU,India,hotmail.com,Desktop,UPI,1003,4,Y,0
CUST100991,Amit Khan,42,Female,523803,INR,80,Platinum,20/12/2022,11/08/2023,Monthly,-250,56,0,56,Groceries,Ahmedabad, india ,gmail.com,Mobile,Wallet,963,5,no,0
CUST100992,Saanvi Iyer,,MALE,792254,INR,56,PLATINUM,05-24-2024,2024-09-04,RARELY,1744.43,4,1,3,GROCERY, chenai , india , gmail.com , web ,,2034,1,yes,0
CUST100993,Aadhya Sinha,20,MALE,750048,,78,Silver,07-14-2021,2022-08-02,Monthly,1031.45,25,22,2,BEAUTY, pune ,INDIA,,IOS,Cash,2878,3,Y,0
CUST100994,Reyansh Patel,39,female,360771,INR,20,,06-Aug-2022,12-18-2023,,3123.45,9999,11,0,Grocery,Chennai,,gmail.com,Desktop,upi,808,5,yes,0
CUST100995,Sai Gupta,12,Male,348015,INR,77, GOLD ,11-23-2021,2022-08-17,Rarely,502.65,5,2,2,FASHION,CHENNAI,,yahoo.com,Mobile, CREDIT CARD ,1743,4,1,0
CUST100996,Sara Kumar,34,female,1170561,INR,37,PLATINUM,31/01/2024,2024-10-31,Monthly,2256.71,0,0,1, Beauty ,Hyd, india ,company.com,,upi,1226,3,1,0
CUST100997,Ananya Kumar,10,MALE,1132533,INR,38,,03/04/2024,16-Nov-2025,weekly,371.24,60,34,26,BOOKS,Hyderbad,INDIA,gmail.com, web ,Cash,-50,2,,1
CUST100998, Neha Mehta ,42,female,800185,USD,30,,2021-10-19,2023-10-01,Weekly,1665.58,0,0,1,HOME DECOR, ahmedabad ,IN,rediffmail.com,Mobile,Cash,897,4,yes,1
CUST100999,Sara Joshi,34,female,1170869,₹,92,Gold,01-Dec-2021,30/06/2023,Daily,2283.22,9,3,6,food court,Pune,India,company.com,Desktop,,1671,1,Yes,0
CUST101000,Aditya Nair,54,Male,1045648,Rs,24,silver,09-Apr-2024,2024-07-23,weekly,5254.53,24,0,24, Books , lucknow ,India,rediffmail.com,,Debit Card,927,2,,1
CUST101001, Riya Sharma ,9,F,371181,,67,Silvr,07-29-2022,11-19-2024,Monthly,2782.98,13,11,2,KIDS,Pune,India,GMAIL.COM,,upi,623,4,1,0
CUST101002,Aditya Mehta,33,F,99999999,₹,85,Gold,31-Jul-2022,18/05/2023,RARELY,4804.67,5,0,4,ELECTRONICS,Bangalore,Bharat,gmail.com,IOS,upi,465,0,1,0
CUST101003,Aditya Verma,36,Other,924017,INR,23,,25/01/2025,28-May-2026,Rarely,1375.87,19,7,13,KIDS,Hyderabad,INDIA,yahoo.com,android, CREDIT CARD ,420,2,No,0
CUST101004,Rahul Kapoor,,,458025,₹,28,,2024-11-16,2025-07-30,Rarely,1693.02,9,1,9,Groceries,NEW DELHI,INDIA,company.com,,Credit Card,1330,2,N,0
CUST101005,Riya Reddy,27,MALE,1221224,INR,45,Gold,2021-07-23,12-20-2023,Weekly,1064.14,5,4,1,grocery, delhi ,IN,yahoo.com,Web,UPI,1041,4,yes,0
CUST101006,Diya Sinha,34,MALE,298839,₹,48,PLATINUM,30/03/2022,29-Jun-2024, monthly ,2970.8,30,16,15, Food Court ,KOLKATA,,hotmail.com,android,Card,1565,2,Yes,0
CUST101007,Ishaan Singh,38,Male,656868,INR,8,Silver,21/07/2022,03-Jul-2023,,2332.64,10,7,3, Beauty , Calcutta ,India,outlook.com,iOS,Card,2202,5,1,1
CUST101008,Ira Sharma,17,,1260761,USD,74, GOLD ,04-14-2025,2025-07-05,Daily,1572.53,2,0,2, Kids ,Chennai,Bharat,company.com,Android,Card,1484,1,1,0
CUST101009,Riya Nair,28,female,520658,₹,44,silver,01-17-2023,25-Jan-2024,,4447.57,8,2,6,Grocery,Delhi ,IN,yahoo.com,Desktop,Credit Card,1338,1,no,0
CUST101010,Aarav Verma,23,MALE,591397,,64,Silvr,17-Apr-2022,02-Jun-2024,RARELY,1833.96,8,4,3, Home Decor ,BENGALURU,IN,gmail.com,,Credit Card,1664,3,Y,0
CUST101011,Aadhya Sharma,25,female,589130,USD,48,Platinum,29-Feb-2024,2024-11-01,weekly,3404.61,10,3,7, Kids ,Jaipur,INDIA,gmail.com,Desktop,Cash,1093,1,no,0
CUST101012,Pooja Rao,29,female,1451860,INR,50,Platinum,02-17-2023,29/06/2024,Daily,999999,27,7,20,Home Decor,Jaipur,Bharat,GMAIL.COM,IOS,Cash,916,5,no,0
CUST101013,Vivaan Das,23,,573039,INR,75,basic,03-Nov-2023,2025-07-13,weekly,3682.46,20,7,13,SPORTS, mumbai , india ,GMAIL.COM, web ,Debit Card,1119,2,yes,0
CUST101014,Ira Verma,36,Male,738918,USD,67,basic,11-Sep-2021,2022-05-27, monthly ,999999,42,19,22,Grocery,HYDERABAD,Bharat,hotmail.com,Web,upi,1830,5,No,0
CUST101015,Aarav Nair,75,F,593890,,16,PLATINUM,15-Sep-2023,22/11/2023,RARELY,3447.74,29,23,5, Gaming ,LUCKNOW,India,GMAIL.COM,Desktop, CREDIT CARD ,1263,2,No,0
CUST101016,Priya Gupta,23,Male,,INR,41,Basic,29-Aug-2024,18/12/2025,Daily,1313.19,56,13,43,home decor,LUCKNOW,Bharat,rediffmail.com,Desktop,UPI,1517,5,Yes,0
CUST101017,Sara Das,37,female,396232,INR,68,Gold,13/11/2024,13-Aug-2025,,2340.19,40,4,36, Books ,LUCKNOW,IN,yahoo.com,Desktop,Debit Card,1180,5,N,0
CUST101018,Pooja Kapoor,26,F,316336,USD,61,basic,07-31-2024,21/09/2025,weekly,8102.12,1,0,2,Home Decor,Chennai,Bharat,,Web,,1983,1,Yes,1
CUST101019,Aadhya Mehta,25,Male,1294387,Rs,17, GOLD ,2025-03-12,06-Feb-2026,weekly,999999,5,0,6,Eletronics,PUNE,India, gmail.com , web ,Wallet,1551,4,yes,0
CUST101020,Priya Sharma,13,male,999065,INR,27,Basic,2022-05-04,21/07/2024,weekly,2225.18,7,4,3, Grocery ,Mumbay,INDIA,gmail.com, web ,Cash,401,2,no,0
CUST101021,Ayaan Das,34,,890192,INR,23,,01-17-2023,03-14-2025,,722.31,17,14,3,kids,Delhi ,Bharat,company.com,,Debit Card,1126,3,N,0
CUST101022,Aarav Nair,22,FEMALE,958805,USD,48,Gold,07-25-2025,26-Jan-2026, monthly ,2152.73,4,1,3, Kids , hyderabad ,Bharat,company.com, web ,UPI,0,2,1,0
CUST101023,Ira Sharma,32,Female,267332,INR,49,Silver,08-19-2025,29-Dec-2025,weekly,2390.84,39,38,1,SPORTS,Hyderbad,,yahoo.com,Desktop,Wallet,1938,3,0,0
CUST101024,Sai Patel,35,F,481105,Rs,59,Silver,31/02/2024,21/09/2023,Monthly,1585.98,21,4,17,Home Decor,BENGALURU,IN,GMAIL.COM,android,UPI,1264,1,,1
CUST101025, Vihaan Reddy ,46,Other,429220,INR,89,,2022-07-30,2023-11-27,,999999,2,1,2,Gaming, pune ,India,yahoo.com,Mobile,UPI,315,5,No,0
CUST101026,Ananya Gupta,30,MALE,504106,INR,39,Silvr,01-31-2025,,Daily,-250,10,3,6,food court,Pune,India,GMAIL.COM,,Debit Card,2000,4,,1
CUST101027,Priya Iyer,40,F,1452812,Rs,55,Silver,03/07/2021,10/09/2022,Daily,11649.58,10,2,9,Home Decor,Hyderbad,,,Desktop,Credit Card,1580,11,1,0
CUST101028,Riya Nair,44,MALE,339233,USD,100,Gold,2023-11-24,2024-03-11,Daily,1420.47,20,15,6, Grocery , jaipur ,IN,,Desktop,Wallet,1877,2,Y,0
CUST101029,Kiara Verma,44,Male,1138430,INR,69,basic,29-Jun-2023,21-Jul-2024,RARELY,1338.32,3,1,2,Books, pune ,Bharat,rediffmail.com,android,Debit Card,609,4,yes,0
CUST101030,Ananya Mishra,18,Female,925470,₹,18,Basic,2025-05-04,30-Sep-2025,Weekly,999999,16,11,5,Books, ahmedabad ,Bharat,hotmail.com,IOS,Cash,2484,5,,0
CUST101031,Saanvi Iyer,34,MALE,675021,Rs,78,basic,2024-12-07,30-Aug-2025,Weekly,999999,25,23,2,Electronic,KOLKATA,India,rediffmail.com,Web,,856,3,Y,1
CUST101032,Ishaan Joshi,34,M,,USD,70,Silvr,04-Oct-2024,30-Apr-2026,weekly,1428.5,4,0,4, Fashion , pune ,INDIA,yahoo.com,Mobile,upi,1769,4,Y,0
CUST101033,Kiara Das,22,female,772866,₹,78,Platinum,2024-10-30,05-Oct-2025,Daily,3630.61,10,7,3,Home Decor,Delhi ,India,hotmail.com, web ,Cash,500,4,N,0
CUST101034,Riya Patel,39,FEMALE,532606,USD,84,basic,2022-04-01,03/11/2023,weekly,548.2,19,0,18,beauty,Chennai,Bharat,gmail.com,iOS,Card,1868,1,Y,0
CUST101035,Aarav Gupta,47,Other,,USD,57, GOLD ,2023-04-05,28-Dec-2023,RARELY,555.3,37,19,18,Grocery, pune ,India, gmail.com ,,UPI,1603,2,Y,1
CUST101036,Reyansh Rao,19,M,,₹,74,PLATINUM,04/09/2024,2026-06-08,Monthly,3923.86,3,1,3,fashion, jaipur ,India,,Android,Card,1200,4,Y,
CUST101037,Ayaan Verma,28,F,1623460,Rs,58,Silvr,12/11/2022,05-15-2024,,2562.17,6,4,2,Electronic,MUMBAI, india ,rediffmail.com,android,,748,3,Y,1
CUST101038,Ananya Mehta,27,male,242367,INR,82,Gold,01-13-2025,2025-03-12,,2034.65,8,0,8, Fashion , Calcutta ,INDIA,,IOS,upi,994,5,No,0
CUST100383,Ananya Singh,32,FEMALE,,Rs,71,Platinum,15/02/2021,2022-07-05,Monthly,1171.92,3,2,2, Books ,HYDERABAD,India,,IOS, CREDIT CARD ,1101,4,no,0
CUST101040,Neha Sinha,,FEMALE,695181,,65,silver,01-10-2021,2021-05-28,weekly,5622.83,3,1,2, Sports ,HYDERABAD,India,,android,upi,794,1,no,0
CUST101041,Pooja Gupta,48,Other,1837294,,60,basic,2025-04-27,2026-04-07,Weekly,2338.75,21,8,13,books,LUCKNOW,INDIA, gmail.com ,, CREDIT CARD ,609,5,1,0
CUST101042,Ishaan Das,35,Other,402391,INR,7,Gold,16/04/2021,06-10-2021,,1721.11,12,6,7,grocery, jaipur ,,rediffmail.com,android,Cash,2457,3,yes,0
CUST101043, Aditya Chopra ,21,Female,684708,INR,20,PLATINUM,29/02/2024,11/12/2024,Rarely,2444.14,3,1,2,HOME DECOR,CHENNAI,India,GMAIL.COM,,UPI,843,5,0,1
CUST101044,Ishaan Nair,23,Other,538693,Rs,53,PLATINUM,11/03/2023,21-Feb-2025,,3922.1,15,4,11, Fashion , jaipur ,,gmail.com,Android,upi,2185,3,Yes,1
CUST101045,Diya Das,43,F,1035533,₹,57,Basic,07-Jan-2024,25-Feb-2026,Monthly,7660.9,17,13,4,BOOKS,Kolkata,INDIA, gmail.com ,,UPI,492,4,,0
CUST101046,Pooja Sinha,32,Male,462169,,61,silver,10/08/2025,08/03/2026,Weekly,1307.98,29,13,16,Beauty,Chennai,,rediffmail.com,android,Cash,0,1,1,0
CUST101047,Ananya Das,30,F,788070,INR,24,Platinum,08-03-2024,2025-03-24,weekly,3487.96,0,0,0,BOOKS,Bengaluru,IN,yahoo.com,iOS,Cash,813,3,Y,1
CUST101048,Meera Rao,32,,342420,,68,PLATINUM,06/02/2023,09/04/2024,Monthly,1815.88,18,3,14,books,Hyd,,hotmail.com,android,,1664,2,N,1
CUST101049,Ayaan Patel,24,MALE,720886,,67,Silver,03-14-2023,2024-03-03,Rarely,623.12,10,9,0,Sports,MUMBAI,IN,hotmail.com, web ,Credit Card,1153,2,Yes,0
CUST101050,Aarav Kumar,37,Male,1310848,USD,61,Silvr,09-27-2021,07-10-2023,Weekly,634.24,14,9,4,electronics,Bangalore, india ,gmail.com,Mobile,Credit Card,784,2,Yes,0
CUST101051,Vivaan Singh,34,MALE,429319,INR,25,Gold,31/02/2024,22-Jan-2026,Weekly,3089.54,13,5,9,SPORTS,Delhi ,India,company.com,android, CREDIT CARD ,669,1,N,1
CUST101052,Amit Gupta,27,M,1578213,Rs,43,Silver,2023-10-27,04-03-2024,Daily,2442.72,3,2,1,Groceries, chenai , india ,gmail.com,iOS,Wallet,0,1,no,1
CUST101053,Neha Chopra,40,F,521289,₹,48,,2024-11-29,11-20-2025,,2040.19,19,12,7,Gaming,CHENNAI,INDIA,gmail.com,IOS,upi,2339,3,N,0
CUST101054,Vivaan Kapoor,23,female,632051,USD,53,,09-14-2022,11-Feb-2024,Monthly,2169.1,11,6,4,Sports, chenai ,INDIA, gmail.com ,Web,upi,1100,2,1,0
CUST101055,Krishna Gupta,38,MALE,214949,,48, GOLD ,27-May-2021,20-Oct-2021,weekly,993.05,37,13,25,Electronics,PUNE, india ,GMAIL.COM,android,Debit Card,698,3,N,0
CUST100036,Myra Khan,10,FEMALE,1256858,USD,58,basic,28-Sep-2022,08-Mar-2024, monthly ,3717.51,6,0,6,Home Decor, ahmedabad ,IN,yahoo.com,Desktop,Debit Card,490,3,1,0
CUST101057, Ishaan Nair ,29,Male,664845,USD,57,silver,2022-09-22,2024-09-24,Weekly,651.63,18,16,1,Electronics,Hyderabad,IN,gmail.com,IOS,Cash,797,2,Y,0
CUST100512,Priya Singh,17,Male,99999999,,30,Basic,2025-07-17,01-16-2026, monthly ,3371.49,6,2,3,Books, Hyderabad ,India,rediffmail.com,Web,Card,1100,2,0,0
CUST101059,Arjun Khan,27,,,INR,43,Basic,02/06/2021,2021-12-10,Rarely,1785.16,7,0,6,Groceries, chenai ,,hotmail.com,iOS,Credit Card,535,1,1,0
CUST101060,Arjun Joshi,30,Male,862630,₹,77,Platinum,09-Aug-2024,02-14-2025, monthly ,6911.92,10,7,3, Beauty ,PUNE, india ,,iOS,Credit Card,86,2,no,0
CUST101061,Amit Kumar,17,F,925046,USD,40,,24-Apr-2022,03-Mar-2024,weekly,1631.3,3,2,2, Food Court ,Mumbay,India,rediffmail.com,Web,UPI,843,5,N,0
CUST101062,Pooja Chopra,0,Male,1291757,,67,Basic,2021-08-15,11-12-2021,,4924.25,38,21,18,Books,Mumbay,IN,rediffmail.com,Mobile, CREDIT CARD ,650,4,1,
CUST101063,Myra Reddy,25,Female,815245,₹,76,Platinum,2023-11-01,02-27-2026,Monthly,3289.08,17,3,13,Gaming,CHENNAI,IN,yahoo.com,iOS,,1394,3,1,0
CUST101064,Ananya Rao,13,Female,,₹,25,Platinum,2024-11-25,28-Feb-2025,Weekly,1646.09,4,3,0,Grocerry, pune ,INDIA,,Desktop,UPI,1077,4,N,1
CUST101065, Aarav Kumar ,44,Female,460185,₹,63,Platinum,10-09-2022,,Weekly,1411.07,,17,21,food court,Lucknow,IN,gmail.com,Android,Card,1281,1,,0
CUST101066,Ananya Mehta,16,Male,1016919,,32,Silver,07-29-2022,14-Mar-2023,,848.84,12,4,8,Electronic, jaipur , india ,rediffmail.com, web ,upi,1697,4,No,0
CUST101067,Ayaan Joshi,24,FEMALE,657350,₹,43,Silver,07-11-2023,17/04/2024,,7002.17,68,39,29,kids,JAIPUR, india ,hotmail.com,Mobile,Wallet,1046,3,N,0
CUST101068, Kiara Mishra ,41,Other,672838,INR,54,PLATINUM,19/06/2025,11/12/2025,Rarely,2673.43,3,2,1, Books ,Bangalore,,GMAIL.COM,Web,upi,1086,4,Yes,0
CUST101069,Vivaan Singh,34,MALE,970009,USD,39, GOLD ,22-Apr-2022,01/12/2023,RARELY,2123.03,0,0,0,KIDS,Mumbai, india ,hotmail.com,Android,Card,0,1,,1
CUST101070,Ira Chopra,28,FEMALE,1121486,₹,46,basic,30/06/2025,10-23-2025,weekly,1960.76,51,3,47,electronics,Bengaluru,IN,GMAIL.COM,android,,461,1,N,1
CUST101071,Amit Iyer,16,MALE,276968,INR,31,PLATINUM,16-Mar-2025,26-Aug-2025,RARELY,2796.38,36,12,23,HOME DECOR, delhi ,,hotmail.com,Desktop,Wallet,931,5,No,1
CUST101072,Rahul Mishra,34,,364119,USD,40,Silvr,2022-06-07,30-Jul-2024, monthly ,545.89,25,1,25, Kids ,JAIPUR,IN,rediffmail.com, web ,Wallet,1212,5,no,0
CUST101073,Ayaan Das,45,Male,376898,Rs,45,,21-May-2025,08-12-2025,RARELY,3880.11,10,6,3,gaming,PUNE,INDIA,rediffmail.com,IOS,Debit Card,1470,4,yes,1
CUST101074,Ayaan Mehta,43,Other,476848,₹,26,silver,03-Sep-2024,26/12/2025,Rarely,505.8,21,12,8, Gaming , lucknow ,INDIA,, web ,Wallet,2234,5,no,0
CUST101075,Aditya Sinha,48,M,469517,USD,66,Gold,02-13-2022,22/06/2024,,1973.62,21,18,2,SPORTS,Pune, india ,gmail.com,android,Credit Card,2373,5,1,0
CUST101076,Vihaan Joshi,45,FEMALE,382036,INR,38,silver,2021-12-19,12/01/2024,,1280.96,20,7,14,SPORTS,KOLKATA,IN,, web ,Debit Card,1457,5,Yes,0
CUST101077,Aarav Mishra,30,FEMALE,192961,₹,50,PLATINUM,2025-08-03,09-21-2025,Monthly,921.75,10,2,8,FASHION,Mumbai,IN,GMAIL.COM, web ,Cash,1446,3,Yes,0
CUST101078, Neha Sinha ,36,Female,1,USD,70,Silvr,07-25-2021,01-05-2022, monthly ,2809.34,21,15,6,KIDS,Pune,India,yahoo.com,IOS,Cash,1081,4,N,0
CUST101079,Neha Sharma,38,MALE,814914,,11,,09-08-2022,07-24-2024,Daily,712.08,64,27,38,Electronics,Delhi,Bharat,outlook.com,IOS,Card,1898,4,Yes,0
CUST101080,Sara Kapoor,19,Female,555611,INR,41,PLATINUM,13/06/2024,2025-11-12, monthly ,1899.77,11,9,1,grocery, chenai ,India,gmail.com, web ,Wallet,989,3,1,0
CUST101081, Neha Singh ,40,female,254629,,19, GOLD ,17/07/2024,2026-05-19,Weekly,1146.77,3,0,2, Food Court ,Bengaluru,Bharat,gmail.com,iOS, CREDIT CARD ,1251,1,1,1
CUST100989,Sai Iyer,40,male,2507355,USD,80, GOLD ,2025-01-01,2025-08-22,Daily,1597.02,13,9,4,fashion, pune ,INDIA,gmail.com,Desktop,Cash,1705,2,Yes,0
CUST101083,Priya Sharma,20,FEMALE,343380,₹,100, GOLD ,07-12-2023,2025-08-24,Weekly,7274.64,3,0,3, Books , chenai ,,gmail.com,IOS,Cash,1784,5,0,1
CUST101084,Aadhya Mehta,180,Male,927899,Rs,32,Gold,04/01/2025,19-Feb-2025,RARELY,1840.75,13,8,6,Grocerry,Hyderbad, india ,yahoo.com,IOS,UPI,2469,3,N,0
CUST101085,Aditya Mehta,47,MALE,804843,INR,75,,22/01/2025,06-09-2025,Rarely,863.96,0,0,0,Groceries,Jaipur,,outlook.com,iOS,upi,1000,2,no,0
CUST101086,Ayaan Sharma,23,F,899248,USD,70,,31-Mar-2025,2025-06-08,Monthly,2991.4,4,1,2, Books , ahmedabad ,IN,hotmail.com,Web,Cash,-50,1,Y,0
CUST101087,Saanvi Patel,26,M,490589,INR,67,PLATINUM,2024-05-19,03-08-2026,Weekly,2786.19,3,2,0,SPORTS,Delhi,India,,Mobile,Debit Card,596,5,yes,0
CUST101088,Riya Gupta,45,Other,570468,INR,40,Platinum,02-05-2024,12-20-2024,,,36,18,17,SPORTS,BENGALURU, india ,yahoo.com,android,Wallet,1784,5,yes,0
CUST101089,Priya Singh,41,Male,363029,₹,32,silver,01-14-2022,09/04/2022, monthly ,1005.08,8,5,3, Sports , chenai ,INDIA, gmail.com ,Desktop, CREDIT CARD ,1424,5,0,0
CUST101090,Riya Sharma,38,M,595820,INR,37,Platinum,23-Feb-2021,2021-04-05, monthly ,971.79,21,14,7,GAMING,Bangalore,,outlook.com,android,,703,2,No,0
CUST101091,Vivaan Nair,51,,1371515,INR,85, GOLD ,27-Apr-2023,2024-12-13,Monthly,1258.6,35,30,6,GROCERY,Delhi , india ,outlook.com,android, CREDIT CARD ,641,1,N,0
CUST101092,Amit Sinha,,M,476811,,50,Silvr,02-04-2024,2025-06-26,,3798.37,15,3,11,HOME DECOR,PUNE,Bharat,hotmail.com,Desktop, CREDIT CARD ,1815,3,Yes,1
CUST101093,Ananya Mishra,23,Female,305745,,49,silver,07-02-2023,18-Oct-2024,Daily,2344.41,13,9,5,books, pune ,, gmail.com , web ,Card,617,2,,0
CUST101094,Myra Rao,21,female,1103858,INR,31,Silver,10-Feb-2021,23/04/2021,Rarely,1380.98,1,0,1,electronics,Hyderabad,IN,company.com,IOS,,1304,2,,1
CUST101095,Saanvi Rao,42,male,524498,Rs,81,PLATINUM,12/11/2021,06/12/2021,,1814.21,5,2,3,electronics,Chennai,India,hotmail.com,Web,Credit Card,1328,3,No,0
CUST101096,Myra Reddy,37,FEMALE,457801,,90,PLATINUM,07-13-2022,28/05/2024,Weekly,5476.97,0,0,1,fashion,Lucknow,,company.com, web ,Credit Card,1207,2,1,0
CUST101097,Reyansh Joshi,42,,,INR,40,Platinum,2021-03-09,07-29-2022,Rarely,1256.68,53,35,18, Fashion ,Mumbay,,company.com,,Card,28,3,,0
CUST101098,Sara Kumar,15,M,413622,₹,80, GOLD ,04-01-2021,2022-01-02,RARELY,862.11,8,7,1,SPORTS,Jaipur,,company.com,Android,Debit Card,929,4,No,0
CUST101099,Sara Gupta,,female,2345092,USD,65,Platinum,01-22-2023,2023-10-18,Weekly,3256.81,19,1,18,home decor,KOLKATA,India,GMAIL.COM,,upi,0,4,N,1
CUST101100,Kiara Singh,39,M,309305,INR,53,Silvr,10-04-2023,2025-03-07,Monthly,2588.07,3,1,1, Books ,LUCKNOW,India,company.com,Desktop,upi,798,3,Y,1
CUST101101,Riya Verma,50,Male,748073,INR,16,Silver,08/04/2021,16/09/2022,Rarely,,10,4,6,sports,Pune,Bharat,hotmail.com,Desktop,UPI,568,4,,0
CUST101102,Ayaan Iyer,32,,1283640,₹,61,,31/03/2024,26-Sep-2024,Rarely,1793.68,29,8,21,electronics,Lucknow,,company.com,Web,,1446,4,Y,0
CUST101103,Arjun Sinha,30,F,1261255,INR,48,Gold,2021-05-08,01/02/2022, monthly ,2412.08,12,7,4,FOOD COURT,CHENNAI,India,yahoo.com,Desktop,Cash,321,2,0,0
CUST101104,Amit Das,35,MALE,502515,USD,23,Gold,05-07-2025,2025-10-05, monthly ,622.77,80,62,19,FASHION,Ahmedabad,,gmail.com,Mobile,Debit Card,1933,3,1,0
CUST101105,Amit Gupta,30,Male,1265512,USD,28,silver,2023-11-08,21-Oct-2024,Monthly,1354.64,1,0,1,gaming, lucknow ,India,GMAIL.COM,android,Card,320,5,1,1
CUST101106,Aditya Sharma,48,Other,266193,INR,52,basic,07-11-2022,05/07/2024,Monthly,1788.91,9,3,5,Fashion, pune ,INDIA, gmail.com ,,Cash,1490,5,N,0
CUST101107,Rahul Patel,33,FEMALE,633831,,38,silver,02-18-2022,07/01/2024,Monthly,1196.13,23,7,16,KIDS,JAIPUR, india ,yahoo.com,Mobile, CREDIT CARD ,1345,4,yes,0
CUST101108,Saanvi Mishra,53,F,891701,INR,48,PLATINUM,2023-05-06,2024-12-12,weekly,1542.16,47,43,4,Beauty,Mumbay,India,rediffmail.com,Android,upi,1140,4,N,0
CUST101109,Krishna Patel,17,Male,826554,INR,58,,2022-05-06,06/08/2024,RARELY,4223.82,2,1,2, Fashion ,Hyd,Bharat,company.com, web ,,1754,4,Y,0
CUST101110,Krishna Singh,45,Female,793051,₹,35,Silver,04-25-2022,2023-10-31, monthly ,1597.08,28,7,20,Beauty,Pune,Bharat, gmail.com , web ,Debit Card,1370,5,yes,0
CUST101111,Saanvi Sinha,39,M,639285,USD,65,Gold,27-May-2024,13-Sep-2025,Rarely,2132.76,6,5,1,food court, delhi , india ,hotmail.com,IOS,upi,1346,3,1,0
CUST101112,Sai Patel,50,male,670071,INR,66,Silver,12-12-2024,05-15-2025,weekly,2999.24,9,7,1,BEAUTY,LUCKNOW,INDIA,, web ,Card,1567,1,No,0
CUST101113,Ishaan Sharma,42,,620708,,82,Basic,2025-07-25,20-Nov-2025,Monthly,4662.54,28,5,23,fashion, chenai ,India,GMAIL.COM,iOS,Credit Card,634,1,No,0
CUST101114,Myra Kapoor,28,female,397033,INR,56,PLATINUM,13/10/2024,2026-01-12,Weekly,1281.78,3,2,0,food court, lucknow ,IN, gmail.com ,iOS,UPI,1351,4,yes,0
CUST101115,Pooja Reddy,37,F,508831,₹,27,basic,2025-07-06,29/04/2026,Monthly,3994.21,28,11,17,Electronics,NEW DELHI,India,rediffmail.com,Android, CREDIT CARD ,1138,4,yes,0
CUST101116,Aditya Nair,18,Female,588166,,40,basic,29-Mar-2023,2024-11-09, monthly ,6069.63,31,16,14, Food Court ,NEW DELHI, india ,gmail.com,Web,Cash,347,3,yes,0
CUST101117,Reyansh Das,38,female,626903,INR,67,Platinum,18-Jan-2023,13/03/2025,Monthly,3050.07,6,3,2,BEAUTY,Lucknow,Bharat, gmail.com ,,upi,1471,4,1,0
CUST101118,Ananya Reddy,58,FEMALE,238697,,40,silver,2024-05-02,23-Sep-2024,,1978.0,8,2,6,KIDS,Hyderbad,India,gmail.com,android,Debit Card,88,3,0,0
CUST101119,Aadhya Joshi,32,Female,,,39,Silvr,07-07-2023,2024-06-05,RARELY,948.83,78,70,9, Electronics , bengaluru ,IN,outlook.com,iOS,Cash,1236,2,no,0
CUST101120,Sara Das,36,female,763776,INR,100,Silvr,05-10-2024,06-12-2024,Daily,2847.92,9,0,9, Sports ,CHENNAI,Bharat, gmail.com , web ,Card,838,5,Y,1
CUST101121,Sara Sharma,13,MALE,573160,₹,38,PLATINUM,11/01/2021,11-27-2021,,518.51,46,39,6,Electronic, bengaluru ,India,GMAIL.COM,iOS, CREDIT CARD ,1671,1,yes,0
CUST101122,Riya Patel,22,,1621953,INR,46,Platinum,08-01-2025,23-Dec-2025,Monthly,1979.79,7,0,7,home decor,Hyderbad,Bharat,hotmail.com,,upi,907,3,yes,0
CUST101123,Pooja Patel,23,F,394659,INR,93,,12-15-2022,02/02/2025,Weekly,1578.05,20,16,3,Groceries,Delhi,India, gmail.com ,Android,Wallet,1458,1,0,0
CUST101124,Ira Mishra,35,M,1246862,Rs,28,Silver,12-01-2023,,Weekly,2283.31,58,3,55,electronics,LUCKNOW,India, gmail.com ,IOS,Credit Card,49,3,,0
CUST101125,Meera Verma,41,female,520246,INR,59,basic,2023-02-16,20-Dec-2024,Monthly,4913.82,0,0,1,BEAUTY,Lucknow,IN,yahoo.com, web , CREDIT CARD ,1098,5,no,0
CUST101126,Neha Mehta,55,F,765608,INR,41,Silvr,07/06/2021,2023-04-11,RARELY,2743.93,9,0,9,BEAUTY,Pune,IN, gmail.com ,,Wallet,1139,3,0,1
CUST100340,Ayaan Chopra,31,F,801702,,8,,06-19-2025,16/02/2026,,953.52,13,8,4,FASHION, Hyderabad ,INDIA,outlook.com,Android,,1672,2,1,0
CUST100041,Diya Reddy,43,MALE,,Rs,7,Silvr,17-Mar-2023,15/08/2024,,1793.32,99,46,53, Fashion ,Mumbay,Bharat,GMAIL.COM,iOS,Debit Card,1595,1,no,0
CUST101129,Aadhya Sharma,,MALE,630334,USD,24,Platinum,24-Aug-2021,19/04/2022,,1090.73,18,8,10,FASHION, hyderabad ,India,company.com,Desktop, CREDIT CARD ,838,5,No,0
CUST101130,Diya Das,40,M,794881,INR,45,Silver,05-25-2024,2025-06-15,weekly,896.32,21,18,3,HOME DECOR, chenai ,India,company.com, web , CREDIT CARD ,1053,5,0,0
CUST101131,Ayaan Patel,52,male,177868,Rs,40,silver,06-23-2025,19/11/2025,RARELY,1729.48,6,4,2,Gaming,HYDERABAD,IN,company.com, web ,Wallet,2091,3,Yes,0
CUST101132,Ishaan Patel,16,FEMALE,567153,INR,59,Basic,2022-10-12,30/11/2024,Rarely,1102.8,2,0,2, Grocery ,Ahmedabad,INDIA,hotmail.com,,,508,4,Yes,0
CUST101133,Riya Kapoor,35,Female,473000,INR,76,Silver,04-28-2025,2026-05-25,Monthly,3506.81,11,3,8,gaming, delhi ,INDIA,GMAIL.COM,android,Cash,1467,1,,0
CUST101134,Priya Chopra,19,Male,1026127,₹,49,basic,2025-05-07,2025-08-15,RARELY,1118.83,36,24,12, Home Decor ,Bangalore,Bharat,gmail.com,Mobile,Credit Card,2410,2,N,1
CUST101135,Aditya Patel,23,F,711859,Rs,77,basic,28/10/2023,02-Mar-2026,Weekly,5137.78,75,3,72, Fashion ,Mumbay, india ,gmail.com,iOS,,164,5,,0
CUST101136,Amit Kapoor,23,Female,357670,INR,49,Silvr,10/03/2021,29-Mar-2021,,1512.16,1,0,2,GROCERY,Pune,INDIA,yahoo.com,,Debit Card,908,2,0,0
CUST100948,Sara Kumar,16,Other,,,47,basic,06-10-2022,06-Nov-2023,RARELY,895.29,25,24,2,FASHION,LUCKNOW,IN,yahoo.com,iOS,Wallet,2669,1,yes,0
CUST101138,Arjun Verma,29,male,435540,USD,54,Silvr,2023-06-21,02-12-2025,Rarely,818.64,9,6,4,Sports, pune ,,rediffmail.com,Android,Cash,863,3,1,0
CUST101139,Vivaan Chopra,16,,484373,Rs,21,Silver,2023-01-29,2023-08-06,weekly,5688.35,7,5,2,books,JAIPUR,Bharat,hotmail.com,Desktop,Wallet,974,1,0,0
CUST101140,Rahul Mishra,26,Other,477006,USD,59,Platinum,08-20-2024,18/10/2024,,7872.19,5,1,4,Kids,AHMEDABAD,Bharat,gmail.com,, CREDIT CARD ,185,5,0,0
CUST101141,Vivaan Iyer,33,M,594863,INR,65,Silver,2021-08-05,25/08/2021,Daily,1375.55,14,8,7,beauty,Lucknow,Bharat,company.com,Web,Wallet,1546,5,N,0
CUST101142,Reyansh Kumar,25,FEMALE,586971,,25,,11/03/2021,18-Apr-2023,Weekly,1284.44,4,2,2,GAMING,Delhi , india ,rediffmail.com,Android,Credit Card,1934,4,N,1
CUST101143,Amit Kumar,51,M,,USD,33,Silvr,12-Nov-2024,2025-12-24,,501.57,11,0,11,Gaming,LUCKNOW,India,gmail.com,iOS,Credit Card,1342,1,Y,0
CUST101144,Vihaan Joshi,29,female,1081290,INR,53,,2021-05-13,06-22-2021,Daily,8127.61,27,24,4,Beauty,BENGALURU,IN,outlook.com,iOS,Credit Card,886,5,Y,0
CUST101145,Ayaan Verma,37,F,236716,INR,39,basic,09-20-2024,02-12-2025, monthly ,10750.12,7,6,1, Sports ,Mumbai,,hotmail.com,Web,UPI,1511,5,1,0
CUST101146,Aadhya Mishra,40,MALE,878272,USD,76,Silver,09-Dec-2021,2022-06-09,RARELY,1000.64,10,8,3, Gaming , delhi ,Bharat,yahoo.com,Android,Wallet,1688,5,1,0
CUST101147,Pooja Joshi,22,FEMALE,522219,INR,100,silver,30-Aug-2021,2022-05-08,Rarely,1240.17,6,3,3,HOME DECOR,KOLKATA, india ,GMAIL.COM,Desktop,Wallet,1245,4,Y,0
CUST101148,Kiara Mishra,27,Other,219723,,60,basic,17/02/2022,07/09/2023, monthly ,2044.56,6,2,4,Eletronics,Hyderabad,INDIA,,Android,Credit Card,1447,5,Y,0
CUST101149,Aarav Verma,31,female,1864961,,48,,2021-11-11,06-15-2022,RARELY,1989.96,11,0,11,fashion,Ahmedabad,India,,iOS,UPI,1301,5,0,1
CUST101150,Amit Reddy,23,Female,334221,INR,76,,08/02/2024,16-Feb-2024,Daily,2956.19,9,2,8,Sports,PUNE,India,GMAIL.COM,Web, CREDIT CARD ,1255,1,N,0
CUST101151,Ishaan Sinha,37,,1456001,INR,93,Silvr,30-Jan-2025,04-Apr-2025,weekly,1818.11,39,10,29,Eletronics,LUCKNOW, india ,company.com,,,269,3,,0
CUST101152,Myra Singh,30,MALE,398026,USD,44,,31-Aug-2021,21-Dec-2021,Weekly,2824.43,2,0,2,food court,Pune,,gmail.com,Android,Debit Card,771,4,,0
CUST101153,Ira Nair,15,female,283680,INR,30,,12-26-2021,10/04/2024,Monthly,2374.03,4,3,2,fashion,Delhi ,Bharat,GMAIL.COM,IOS,Cash,1758,1,N,1
CUST101154, Pooja Singh ,37,Female,622984,Rs,40,,29/04/2025,05-31-2026,Daily,2984.26,16,5,10, Kids , jaipur , india ,outlook.com,Mobile,Card,2082,2,1,0
CUST101155,Saanvi Reddy,23,Female,292852,₹,22,Silver,2022-07-18,12-May-2023, monthly ,1898.44,16,10,6,BEAUTY,Kolkata,INDIA, gmail.com ,iOS,,507,5,Y,1
CUST100995,Riya Das,59,FEMALE,99999999,INR,83,PLATINUM,06-16-2023,09-04-2023,,3987.86,1,0,1,Books,Bangalore,INDIA,yahoo.com,Desktop,Cash,1754,3,0,1
CUST101157,Diya Nair,37,female,423455,,92,silver,04-30-2021,2021-11-07, monthly ,1578.99,11,5,7,Home Decor,Chennai,,GMAIL.COM,Android,Wallet,0,3,1,0
CUST101158,Kiara Singh,45,FEMALE,661594,INR,55,Silver,2023-12-24,10/07/2025,Daily,453.13,0,0,0, Fashion , pune , india ,company.com,Desktop,UPI,993,1,,1
CUST101159,Meera Iyer,23,male,2357550,INR,64,Platinum,12/06/2024,2025-01-28,Monthly,910.7,2,1,0, Sports ,Jaipur, india , gmail.com ,android,Card,1334,4,0,0
CUST101160,Aarav Sinha,41,MALE,327003,Rs,56,PLATINUM,31/05/2022,29-Nov-2023,Daily,1514.84,4,0,4,sports,BENGALURU, india ,GMAIL.COM,Desktop,upi,889,1,yes,0
CUST101161,Ira Sinha,50,F,1251067,INR,83,basic,2023-08-23,06-04-2024,RARELY,2230.93,14,2,12,Home Decor,MUMBAI, india ,hotmail.com,,Cash,1010,5,1,0
CUST101162,Krishna Das,23,FEMALE,471440,INR,78,Silvr,14/05/2023,2025-07-04,Daily,1528.68,68,42,27,Fashion,Hyderbad,INDIA,gmail.com,Android,Cash,1990,4,0,0
CUST101163,Ira Chopra,,Other,1027128,INR,43,Silvr,2021-10-04,17/01/2024, monthly ,427.28,20,18,3,gaming,Hyd,,company.com,iOS,Credit Card,64,5,0,0
CUST101164, Arjun Sharma ,0,male,1746742,INR,95,PLATINUM,03-15-2024,2026-06-15,RARELY,5236.21,1,0,1,Food Court,AHMEDABAD,INDIA,GMAIL.COM,iOS,Credit Card,1734,4,,1
CUST101165,Neha Rao,44,M,469218,USD,54,Platinum,2024-11-12,01-23-2025,,3148.7,16,7,8,food court,AHMEDABAD,, gmail.com ,Desktop,Credit Card,523,4,No,0
CUST101166,Amit Iyer,32,FEMALE,541373,INR,40,silver,2022-11-11,06-23-2024,,539.8,38,21,17,fashion,BENGALURU,India,,Mobile, CREDIT CARD ,1167,5,N,1
CUST101167,Meera Joshi,36,male,1730521,Rs,30,PLATINUM,02/07/2022,2024-01-07,,1777.24,53,38,15,Books, ahmedabad ,IN,rediffmail.com,Web,Card,1240,4,Yes,0
CUST101168, Amit Sinha ,41,MALE,1276701,,74,basic,18-Mar-2025,2025-11-02,Daily,1597.33,,1,11, Sports ,HYDERABAD,,GMAIL.COM,IOS,upi,798,5,0,0
CUST101169,Myra Kapoor,34,M,707826,USD,54,Silvr,2024-03-01,09-Jan-2025,weekly,237.67,9,7,2, Food Court ,PUNE, india ,company.com,,upi,1174,2,Y,0
CUST101170,Amit Rao,32,female,1034366,INR,51,,12-10-2022,2024-03-25, monthly ,1182.57,6,0,5,BEAUTY,Ahmedabad,,GMAIL.COM,Mobile,Card,2805,1,no,0
CUST101171,Aadhya Mishra,43,Other,652742,INR,82,Silvr,03/09/2024,27-Apr-2026,Daily,818.77,0,0,1,GAMING,JAIPUR,Bharat,yahoo.com,Mobile,Cash,1248,5,N,0
CUST101172, Pooja Verma ,25,,,USD,93,basic,04-22-2022,11/05/2024,RARELY,642.65,18,15,3, Beauty ,Jaipur,Bharat,yahoo.com,Android,Card,1473,4,Y,0
CUST101173,Riya Nair,38,FEMALE,561204,INR,29,Silvr,01/06/2023,26/10/2024,weekly,2549.31,21,10,10, Fashion ,AHMEDABAD,India,hotmail.com,Web,Wallet,1647,1,,0
CUST101174,Priya Gupta,36,MALE,529610,INR,33, GOLD ,02-07-2024,31/12/2025,Weekly,587.53,29,19,10,fashion, chenai ,India,GMAIL.COM,,Card,2102,5,1,0
CUST101175,Riya Mishra,25,Male,1510667,Rs,56,basic,17-Oct-2021,10-01-2023,Daily,1685.42,22,10,13,GAMING, lucknow ,,gmail.com, web ,Credit Card,1960,1,no,0
CUST101176,Ananya Gupta,34,MALE,25000000,INR,10,Gold,22-Apr-2021,2021-05-17,Rarely,1763.35,3,2,0,gaming,JAIPUR,India,hotmail.com, web ,Credit Card,1069,3,no,1
CUST101177,Aditya Rao,180,Female,1118074,INR,49,PLATINUM,09-12-2024,2025-12-01,Monthly,1735.78,10,3,6,KIDS,Kolkata, india , gmail.com ,Web,,1521,5,,0
CUST101178,Amit Chopra,26,female,898045,INR,34,silver,10-23-2021,2022-01-07,Monthly,1933.57,58,13,45,kids,JAIPUR,India,hotmail.com,, CREDIT CARD ,1666,4,,0
CUST101179,Arjun Iyer,28,Female,648344,INR,45,PLATINUM,20-Nov-2022,02/01/2024,Weekly,1122.14,54,13,42, Beauty ,Bengaluru, india ,gmail.com, web ,UPI,1109,3,Yes,0
CUST101180,Vihaan Sharma,44,,898548,USD,66,silver,09-24-2022,05/02/2024,Rarely,7821.06,29,16,13,HOME DECOR,CHENNAI,,hotmail.com,Web,Credit Card,916,,Yes,0
CUST101181,Ananya Joshi,45,MALE,510597,Rs,62,PLATINUM,07-20-2021,,Daily,5569.46,10,9,0,Books,Lucknow,India, gmail.com ,,upi,693,2,no,0
CUST101182,Priya Kumar,33,female,691860,INR,59,PLATINUM,25-Jul-2024,13-Sep-2024,Monthly,1684.76,1,0,1,gaming, delhi ,India,company.com,iOS,UPI,1039,5,No,1
CUST101183,Sai Joshi,28,M,547083,INR,61,Silvr,02-Jul-2025,13-Mar-2026,Daily,2442.09,6,4,2, Fashion ,Chennai, india ,rediffmail.com,Web,,1324,2,1,0
CUST101184,Amit Gupta,53,M,674925,Rs,57,Gold,2023-06-02,26-Sep-2023,,2392.35,8,5,2, Gaming , chenai ,INDIA,outlook.com, web ,,1466,5,0,0
CUST101185,Vihaan Chopra,59,MALE,498030,₹,51,silver,09-22-2022,2023-12-23,,1056.48,21,6,16,Fashion, jaipur , india ,GMAIL.COM, web ,upi,394,3,Yes,
CUST101186,Priya Kumar,39,MALE,474368,INR,70,Gold,08-24-2024,2025-09-17,Rarely,1015.75,14,0,15, Food Court ,Mumbay,Bharat,GMAIL.COM,Android,Credit Card,1075,,yes,1
CUST100324,Aditya Das,26,M,1472736,USD,35,silver,2023-04-16,20/03/2025,Weekly,1031.21,8,7,2,FASHION,Delhi,India,gmail.com,IOS,Credit Card,2300,5,0,0
CUST101188,Sai Nair,35,M,915897,INR,59,PLATINUM,2024-10-12,,RARELY,927.46,0,0,0,HOME DECOR,Ahmedabad,,rediffmail.com,Android,upi,1202,2,0,0
CUST101189,Aadhya Mehta,27,M,362993,₹,70, GOLD ,01-24-2022,03-21-2024,Rarely,7009.47,43,11,32,Food Court,Delhi , india ,yahoo.com,iOS,Credit Card,1661,4,0,0
CUST101190,Ira Gupta,18,female,538535,INR,57,basic,18/09/2021,24/03/2023,Daily,1634.11,46,40,6,Electronic,KOLKATA,Bharat,company.com,Mobile,upi,196,5,yes,0
CUST101191,Aditya Das,15,M,725285,Rs,51,Basic,12-Dec-2022,2025-02-10,Daily,1539.85,96,19,77, Books , mumbai ,Bharat,,,Cash,59,5,yes,0
CUST101192,Pooja Khan,,FEMALE,695004,INR,65,Silver,25-Oct-2024,14-Aug-2025,Rarely,1238.87,17,3,14,Fashion,NEW DELHI,India,outlook.com,Web,Credit Card,865,3,no,0
CUST101193,Aadhya Sinha,39,Other,730805,,52,Silver,03/12/2021,26/01/2023,,1267.23,14,12,1,fashion, chenai ,India,hotmail.com,Web, CREDIT CARD ,1164,1,0,0
CUST101194,Sara Gupta,39,FEMALE,895806,INR,61,Platinum,2022-01-21,04-19-2022, monthly ,4647.64,20,4,17,Home Decor,MUMBAI,India,,Desktop,,551,3,,1
CUST101195,Pooja Joshi,50,Other,247810,USD,57,Basic,08-03-2025,26-Mar-2026,Weekly,2198.93,15,9,6,Sports,Chennai,Bharat,rediffmail.com,Desktop, CREDIT CARD ,993,1,no,0
CUST100344,Reyansh Reddy,38,Male,,,57,Platinum,06-22-2021,30-Apr-2022,Daily,524.1,3,0,4,Groceries,,Bharat, gmail.com ,, CREDIT CARD ,1472,6,No,0
CUST101197,Vihaan Das,40,female,,INR,41,Silver,2024-12-19,07-Mar-2026,Weekly,2617.1,15,11,4,Books, chenai ,India,hotmail.com,IOS,Card,446,1,No,0
CUST101198,Diya Iyer,15,M,930743,₹,65,PLATINUM,24/02/2025,,weekly,4047.12,10,3,7, Electronics ,LUCKNOW,Bharat,outlook.com,Android,Credit Card,1790,0,yes,0
CUST101199,Arjun Verma,45,Male,985618,INR,86,basic,27-Nov-2021,2021-12-05, monthly ,2346.38,-3,29,8,grocery,MUMBAI,IN,company.com, web ,,276,1,0,0
CUST101200,Ishaan Kapoor,37,,611542,₹,66,silver,07-13-2025,10-Feb-2026,Monthly,1280.55,4,0,4,BEAUTY,Delhi, india ,GMAIL.COM,android,UPI,1510,5,N,0
CUST101201,Arjun Khan,49,F,801707,,54,silver,06-Aug-2025,16-Feb-2026,Monthly,2254.15,5,1,5,Eletronics,Hyderbad,IN,hotmail.com,IOS, CREDIT CARD ,1012,3,Y,0
CUST101202,Rahul Mehta,40,F,472304,INR,1,Gold,2024-13-01,02-04-2025, monthly ,1309.82,8,0,9, Electronics , chenai ,,rediffmail.com,android, CREDIT CARD ,1243,4,Yes,1
CUST101203,Arjun Kumar,33,Other,468376,INR,40,Platinum,11-Sep-2024,21-Jul-2025,Weekly,2317.18,8,3,6,Sports,Mumbay,India,GMAIL.COM,IOS,Credit Card,1039,1,,0
CUST101204,Amit Khan,27,M,916167,USD,90,Silvr,12/01/2022,21-May-2024,RARELY,634.94,28,15,13,kids,Pune,IN,gmail.com,android,UPI,1031,3,N,0
CUST101205, Arjun Nair ,29,M,587870,INR,90,Basic,20/02/2021,21/06/2023,Monthly,604.19,25,1,24,FOOD COURT, delhi ,India,yahoo.com,iOS,Cash,885,2,0,0
CUST101206,Priya Mehta,30,male,643215,USD,56, GOLD ,29/12/2023,18/04/2026,RARELY,1399.59,11,1,11,BEAUTY,Lucknow,IN,,iOS,Wallet,2410,4,yes,0
CUST101207,Ishaan Das,20,Male,735174,,24,Platinum,2021-09-03,2022-06-26,Daily,3606.24,10,0,9,GAMING, jaipur ,Bharat,gmail.com,Web,,2287,1,no,0
CUST101208,Vivaan Iyer,33,Female,858677,INR,73,Platinum,04-30-2021,2022-10-14,Daily,3109.63,4,2,3,gaming,Pune,, gmail.com ,Web,upi,1527,3,yes,0
CUST101209,Priya Kumar,29,female,591601,Rs,53, GOLD ,06-08-2023,01-Aug-2024,Monthly,3003.95,90,10,80,Grocery, delhi ,IN,gmail.com,Web,Cash,1663,2,,0
CUST101210,Krishna Rao,20,Other,885845,₹,70,basic,11-20-2024,26-Jul-2025,,2485.68,1,0,0,GAMING, chenai ,INDIA,GMAIL.COM,Mobile,Card,1943,3,,0
CUST101211,Rahul Das,54,Other,883357,INR,58,,2021-07-13,2022-02-18,weekly,777.05,0,0,0,Grocery,Bengaluru,Bharat,company.com,Desktop,,1118,1,0,0
CUST100340,Myra Mishra,27,MALE,230455,USD,53,Silver,11-10-2021,18-Feb-2022,,3455.16,14,11,3,HOME DECOR,AHMEDABAD,IN,rediffmail.com,android, CREDIT CARD ,2410,1,Yes,0
CUST101213,Vivaan Joshi,21,FEMALE,391853,,55,Silvr,08-Apr-2024,2024-06-23,,391.37,34,22,13,SPORTS,Pune,,, web ,,1360,2,No,0
CUST101214,Vihaan Chopra,30,Male,985519,INR,68, GOLD ,12-11-2022,2024-01-08,Monthly,3364.33,10,8,2,food court, jaipur ,IN,company.com,Web, CREDIT CARD ,732,1,0,0
CUST101215,Neha Iyer,41,Female,2402110,Rs,73,Silvr,06-May-2023,12/07/2023,,2397.0,3,2,1,Gaming,CHENNAI,India,gmail.com,android,Card,2090,2,Yes,0
CUST101216,Meera Sharma,50,,883760,INR,37,PLATINUM,15/02/2025,02-15-2025, monthly ,4219.29,0,0,0,Gaming, chenai ,INDIA,,Desktop,Wallet,404,2,0,0
CUST101217,Neha Singh,43,Female,885789,,76,Platinum,15-Jan-2022,09-19-2023,weekly,4843.11,61,54,8,Sports,KOLKATA,India,,Mobile,upi,412,5,yes,1
CUST101218,Vihaan Iyer,37,Male,413976,Rs,86,Silvr,2025-01-05,2026-01-16,,265.65,28,20,9,Electronic, Calcutta ,India,GMAIL.COM,Android,Wallet,1718,1,Y,0
CUST101219,Sara Kumar,17,Other,1065588,,68,Basic,05-10-2025,08-Oct-2025,Monthly,727.89,3,2,1,Gaming, jaipur ,Bharat,yahoo.com,,Wallet,1778,1,1,0
CUST101220,Sai Sinha,-5,FEMALE,372029,INR,100,Platinum,04-24-2024,04-13-2026,RARELY,,17,0,16,KIDS, ahmedabad ,INDIA,gmail.com, web ,Cash,1946,1,no,1
CUST101221,Sara Kapoor,23,M,1,Rs,28,Silver,20-Aug-2024,12-09-2025, monthly ,2954.34,2,1,1,sports,Delhi , india ,, web ,Card,909,2,yes,1
CUST101222,Ayaan Mehta,62,MALE,1049515,INR,39,silver,08-29-2024,2026-05-22, monthly ,1904.19,10,2,9, Sports ,KOLKATA,IN,rediffmail.com,android,Card,942,5,,1
CUST101223,Myra Nair,38,Female,502350,USD,80, GOLD ,not available,20-Oct-2025,Weekly,2782.29,30,14,17,Books, hyderabad ,INDIA,yahoo.com,Web,Credit Card,0,3,Y,1
CUST101224,Neha Khan,39,Female,817284,,39,Platinum,not available,27-Jul-2025, monthly ,2583.86,0,0,1,electronics,Delhi , india , gmail.com ,Web,upi,618,5,Yes,0
CUST101225,Ishaan Nair,38,F,681382,INR,49,Basic,2024-08-29,2024-11-19,weekly,2438.9,3,2,2,Eletronics,Delhi,Bharat,hotmail.com,Desktop, CREDIT CARD ,1434,3,0,0
CUST101226,Saanvi Mehta,24,,759267,Rs,38,,05-20-2025,01-07-2026,Weekly,735.76,8,4,5, Beauty ,Pune,Bharat,GMAIL.COM,Mobile,,585,3,1,1
CUST101227,Saanvi Patel,46,,321012,INR,88,Platinum,04-Apr-2025,04/09/2025,Weekly,1021.37,40,36,5,fashion, Calcutta ,India,outlook.com,,upi,365,2,Yes,1
CUST101228,Krishna Kapoor,37,FEMALE,477244,INR,47,Basic,2023-02-01,,,5097.85,3,0,2,FOOD COURT,Jaipur,INDIA,, web ,Wallet,256,3,1,0
CUST101229,Riya Kapoor,35,Male,716929,INR,91,Platinum,23/01/2024,06-23-2024, monthly ,2530.48,9,6,3,Sports, ahmedabad ,IN,company.com,Android,Card,875,5,N,0
CUST101230,Saanvi Das,29,MALE,1030264,INR,62,Gold,14-Aug-2021,31-Aug-2022, monthly ,876.12,31,14,18,GROCERY, mumbai ,Bharat, gmail.com ,,Card,700,4,yes,0
CUST101231,Meera Joshi,29,Female,895562,,31,silver,2025-07-26,17-Oct-2025,weekly,379.5,3,2,1,food court,Mumbay,INDIA,hotmail.com, web ,UPI,2107,4,Yes,1
CUST101232,Ishaan Sinha,38,Female,1553159,INR,61,silver,08/12/2021,01-20-2022,RARELY,1460.64,37,6,30,Gaming,Bengaluru,IN,hotmail.com,Android, CREDIT CARD ,1154,2,Yes,1
CUST101233,Sara Das,0,female,653038,USD,52,PLATINUM,11-11-2021,10-17-2023, monthly ,3447.73,0,0,0, Home Decor , Calcutta ,India,GMAIL.COM,Web,,2022,3,yes,1
CUST101234,Reyansh Iyer,25,M,928922,INR,71,Gold,06/11/2023,14/02/2026,Daily,551.75,10,2,7, Sports , hyderabad ,IN,,Desktop, CREDIT CARD ,1083,4,Y,
CUST101235,Vivaan Sharma,56,Other,1219966,INR,65,basic,30/06/2024,02-05-2025,RARELY,1796.06,40,6,34,FASHION,Hyderabad,Bharat,hotmail.com,,Debit Card,1689,2,no,0
CUST100570,Ishaan Mishra,0,,821749,Rs,83,Platinum,17-May-2023,02-Oct-2025,Monthly,-250,26,22,4,Home Decor,Mumbai,INDIA,outlook.com,IOS,upi,999999,4,yes,1
CUST101237,Sara Das,122,Other,616994,Rs,82,Basic,26-Aug-2021,25-Jan-2023,Rarely,-250,23,13,9, Food Court ,Kolkata,India,GMAIL.COM,Web,,1865,2,no,0
CUST101238,Rahul Iyer,20,MALE,328435,INR,40,,06/04/2025,, monthly ,9987.23,41,27,15,Groceries, lucknow , india ,hotmail.com,IOS,,1071,5,no,0
CUST101239,Vivaan Sinha,50,M,1282969,USD,29,Gold,07/04/2021,28/08/2022,Monthly,1817.89,49,41,9,Home Decor,BENGALURU,,yahoo.com,,Wallet,999999,4,Yes,1
CUST101240,Neha Mishra,35,FEMALE,968197,INR,71,PLATINUM,08/08/2024,2026-03-15,,390.37,23,6,16, Home Decor ,Hyderbad,Bharat,yahoo.com, web ,,411,2,N,0
CUST101241,Aditya Singh,48,Other,585398,USD,44,,09/11/2024,2025-03-10,RARELY,1093.87,109,104,4,GAMING, Calcutta ,,company.com,Mobile,UPI,465,1,1,0
CUST100808,Diya Sinha,27,MALE,230175,USD,77,PLATINUM,01-15-2021,14-Nov-2021,weekly,2456.67,8,6,2,Beauty, mumbai ,INDIA,gmail.com,,upi,855,4,0,1
CUST101243, Kiara Nair ,22,MALE,877385,Rs,62,Silvr,01-07-2021,22-Oct-2022,Rarely,964.01,5,2,3, Grocery , chenai ,,yahoo.com,Android, CREDIT CARD ,182,2,0,0
CUST101244,Krishna Kumar,23,,530764,INR,52,PLATINUM,2023-03-25,2024-08-05,RARELY,5369.33,31,9,23,Groceries,BENGALURU,INDIA,,Mobile,UPI,1453,2,Yes,0
CUST101245,Ananya Reddy,40,Male,1158786,INR,37,PLATINUM,03/06/2024,2026-01-10,Weekly,1149.57,20,12,9, Fashion ,MUMBAI, india ,yahoo.com,Mobile,Wallet,1298,1,1,0
CUST101246,Aadhya Das,68,Male,,INR,61,Platinum,2025-03-27,08-28-2025,RARELY,2179.64,4,3,1,Grocery, chenai ,India,rediffmail.com, web ,Cash,1647,5,Yes,0
CUST101247, Saanvi Mehta ,25,Female,1546408,USD,30,Basic,12-02-2022,05-04-2023,Daily,1161.57,11,6,5, Home Decor ,KOLKATA,India,hotmail.com,Web,Card,327,1,no,1
CUST101248,Myra Singh,26,F,,INR,61,Platinum,2023-08-25,2025-08-22,RARELY,4070.64,27,26,1,Sports,Lucknow,,outlook.com,IOS,Credit Card,0,2,Y,0
CUST101249,Amit Nair,36,F,433449,INR,55, GOLD ,2023-10-09,15-May-2025,Monthly,1284.68,12,10,2, Kids ,NEW DELHI,,GMAIL.COM, web ,UPI,1326,3,No,0
CUST101250,Reyansh Singh,60,M,703027,INR,50,Platinum,2021-11-26,07-Mar-2024,weekly,1159.61,32,17,15,KIDS,Hyd,Bharat,yahoo.com,Web,upi,956,4,Y,0
CUST101251,Ishaan Mehta,,male,1612138,,39,Basic,19/05/2023,04-02-2024,RARELY,1324.35,16,4,13,gaming, mumbai ,India,,Mobile,Card,1216,2,Y,0
CUST101252, Saanvi Iyer ,26,M,306378,,44,PLATINUM,12-Sep-2024,2025-12-15,weekly,1012.29,43,18,25,Kids, ahmedabad ,INDIA,gmail.com,Mobile,,1839,2,no,0
CUST101253,Ira Singh,39,,-50000,,46,basic,2021-06-17,19/01/2022,Rarely,2828.36,26,5,21,KIDS,JAIPUR,Bharat,GMAIL.COM,android,Debit Card,2166,1,0,1
CUST101254,Ananya Kumar,35,Other,1028678,INR,70,Platinum,08-05-2021,2023-10-19, monthly ,2661.01,18,0,19, Beauty ,Mumbai,India,company.com,IOS,Wallet,625,2,Yes,1
CUST101255,Rahul Sinha,60,MALE,1061830,INR,98,Platinum,2024-06-10,2026-04-30,weekly,1593.09,45,32,13,gaming, ahmedabad ,Bharat, gmail.com ,Mobile,Credit Card,2698,2,,0
CUST101256,Sara Iyer,31,MALE,293573,INR,68,silver,07-27-2025,18/11/2025,Monthly,1444.66,21,19,2, Grocery ,Ahmedabad,India, gmail.com ,IOS,Debit Card,211,5,,0
CUST100132,Rahul Mehta,180,,1125441,INR,65,Gold,30/08/2023,24-May-2024,Monthly,1064.45,6,4,2,SPORTS,Hyderbad,INDIA,, web ,Debit Card,1769,3,1,1
CUST101258, Ishaan Mehta ,11,Male,,INR,29,,07/08/2022,16-Jan-2025, monthly ,1674.42,2,1,1, Grocery , lucknow , india ,rediffmail.com,,Credit Card,604,3,N,1
CUST101259,Sai Sharma,45,,328219,INR,100,Basic,2021-01-06,16-Dec-2021,Monthly,2917.71,28,8,20,home decor, delhi ,,,android,Cash,1116,4,no,0
CUST101260,Aarav Sinha,35,F,443424,Rs,39,Gold,2023-04-21,2024-10-01,Daily,9205.19,45,42,2,FOOD COURT,KOLKATA, india ,,,Credit Card,1006,1,Yes,0
CUST101261,Aadhya Verma,30,male,589570,USD,44,Gold,2023-08-18,2024-11-05,RARELY,1294.1,34,18,17,Gaming,Lucknow,,GMAIL.COM,Android,UPI,1402,1,,0
CUST101262, Riya Sinha ,41,female,428980,INR,54,Silvr,25/07/2023,2025-11-07,weekly,2632.02,31,13,18,home decor,Pune,IN,company.com,,Cash,-50,2,No,0
CUST101263,Vihaan Nair,22,MALE,1474765,,67,silver,28/05/2024,03-20-2026,Rarely,1568.62,11,8,4,Grocery, lucknow ,Bharat,outlook.com,android,Cash,1075,3,Y,0
CUST101264,Ananya Nair,37,FEMALE,347491,,58,Silvr,04-29-2025,01/05/2026, monthly ,1576.93,107,77,31,FOOD COURT,Hyd, india ,outlook.com,iOS,upi,1714,2,,0
CUST101265,Vihaan Gupta,0,female,703764,Rs,65,Basic,2021-07-16,03-Oct-2022, monthly ,1166.39,3,1,1,Home Decor, lucknow ,India,company.com,iOS,Wallet,2387,3,Y,0
CUST101266,Amit Gupta,,,1843345,INR,50,Silver,31-Jul-2021,2021-11-12,weekly,894.15,25,9,16,ELECTRONICS,Chennai,IN,yahoo.com,Desktop, CREDIT CARD ,0,4,no,0
CUST101267, Vivaan Patel ,32,Female,1414690,,12,Gold,27/10/2024,2026-06-11,Monthly,999999,24,22,1,Beauty,Delhi, india ,outlook.com,Android,Wallet,102,1,N,0
CUST101268,Aadhya Sinha,34,female,686640,INR,82,silver,2024-03-20,23/09/2024,Weekly,2868.54,16,3,13,GAMING, Calcutta ,Bharat,yahoo.com,IOS, CREDIT CARD ,1307,4,1,1
CUST100616,Amit Das,29,,585339,INR,68,Gold,28-Jun-2022,2024-05-23,weekly,1156.78,36,2,33, Books , Hyderabad ,Bharat,yahoo.com,IOS,Debit Card,426,3,1,1
CUST101270,Kiara Rao,30,Male,185024,INR,57,,10-23-2022,20/07/2023,Weekly,709.98,10,7,4, Beauty ,Bangalore,India,company.com, web ,Cash,2000,4,N,0
CUST101271,Saanvi Khan,35,FEMALE,715337,₹,16,PLATINUM,2025-01-21,15-Dec-2025, monthly ,1885.76,13,8,4,BEAUTY,BENGALURU,,outlook.com,IOS,Cash,641,2,Y,0
CUST101272,Ishaan Kapoor,47,Other,461839,INR,64,Platinum,05-23-2021,22-Mar-2022,Weekly,1010.19,33,8,26,GAMING,Pune,Bharat,,android,UPI,1176,3,,0
CUST101273,Priya Verma,35,female,286522,₹,60,Gold,27/01/2024,07-Jul-2024,,3271.09,0,0,1,BOOKS,Mumbai,India,outlook.com, web ,Cash,1003,3,Y,0
CUST101274,Vihaan Joshi,25,M,925466,₹,32,Silvr,26/06/2021,27/03/2022,,1279.29,18,16,2,books,Kolkata,INDIA,rediffmail.com,IOS,upi,1349,3,N,1
CUST101275,Vihaan Mehta,33,MALE,658179,,47,Gold,2023-12-19,2024-01-02, monthly ,4793.48,58,33,26, Food Court ,Delhi,IN,outlook.com,Mobile,Wallet,1183,3,N,0
CUST101276,Sai Das,31,male,1833209,USD,59,Silvr,10-Jun-2024,28-Jan-2025,Monthly,4392.7,18,5,12,fashion,Hyd,India,GMAIL.COM,Android,,1030,5,no,0
CUST101277,Vihaan Khan,14,male,,,64,,2021-03-11,14-Dec-2022,Daily,1411.21,16,14,2,kids,Jaipur,IN,rediffmail.com,Mobile,Card,661,5,No,0
CUST101278,Sara Chopra,10,Female,936406,USD,15,Silvr,31-Aug-2022,2023-04-30, monthly ,2342.07,14,11,3,food court,NEW DELHI,INDIA, gmail.com ,iOS,UPI,2378,2,0,1
CUST101279, Reyansh Chopra ,23,M,695113,₹,21,Gold,03/07/2021,2023-08-01,Monthly,1316.57,5,3,1,KIDS, mumbai ,IN,gmail.com,,UPI,934,4,yes,1
CUST101280,Pooja Gupta,31,FEMALE,586741,INR,53,Platinum,04/08/2023,05-Oct-2023,RARELY,988.64,21,3,18, Fashion ,Mumbai,Bharat,rediffmail.com,android,Cash,1622,2,Yes,0
CUST101281,Vivaan Mehta,25,,364021,INR,78,Gold,25/07/2022,26-Jul-2022,weekly,6777.79,8,6,1,GAMING,PUNE,,gmail.com,Desktop,UPI,2228,3,0,0
CUST101282,Aarav Nair,48,,,INR,86,Silvr,02-06-2024,27-Jun-2024,Rarely,3478.44,16,8,9,Eletronics,MUMBAI,INDIA,outlook.com,Mobile,Debit Card,1280,5,1,0
CUST101283,Neha Kumar,50,Other,583326,USD,71,Basic,08-20-2024,21/04/2026,weekly,900.86,13,8,4,FASHION, pune ,INDIA,company.com, web ,Debit Card,1829,4,Yes,0
CUST101284,Amit Reddy,43,M,982801,INR,20,PLATINUM,12-05-2021,02-Jun-2022,Weekly,9922.93,37,36,2,KIDS,Chennai,,company.com,Mobile,Cash,1341,4,N,0
CUST101285,Pooja Kumar,23,MALE,661460,INR,57,basic,22/04/2022,28/03/2023,weekly,1705.21,11,1,10,FASHION, Calcutta ,,gmail.com,Mobile, CREDIT CARD ,796,1,0,0
CUST101286,Neha Das,47,FEMALE,1003295,INR,34,,2023-09-02,2026-01-20,weekly,1673.88,7,0,8,Gaming, lucknow ,IN,yahoo.com,Desktop,Card,291,3,1,0
CUST101287,Reyansh Kumar,35,male,,INR,56,basic,2023-12-29,05-03-2025,Daily,1062.74,33,7,25,gaming, jaipur ,India,GMAIL.COM,,,2627,11,no,0
CUST101288,Sai Sharma,24,MALE,248009,USD,26,basic,2023-09-13,03/03/2025,RARELY,2222.81,15,3,12,GROCERY, jaipur ,India,rediffmail.com,iOS,Wallet,2146,5,Yes,0
CUST101289,Sai Sinha,23,M,,,27,Platinum,21/06/2023,08-25-2025,Weekly,978.12,14,1,12,BOOKS,Ahmedabad,, gmail.com ,Web,Card,912,2,Yes,0
CUST101290,Ishaan Reddy,41,FEMALE,829392,,13,Silvr,08/04/2024,01-Jul-2025, monthly ,1591.01,4,0,5, Kids ,Mumbay,India,rediffmail.com,IOS, CREDIT CARD ,2274,3,no,1
CUST100564,Aadhya Sharma,42,F,430128,INR,28,,05/07/2025,24/10/2025,Monthly,3203.95,8,7,1,Food Court,Chennai,,company.com,Mobile, CREDIT CARD ,1238,4,yes,0
CUST101292,Reyansh Rao,37,M,1016523,,69,Silvr,14-Mar-2023,05-Oct-2024,RARELY,1195.73,11,8,4,GAMING,Lucknow,Bharat,company.com,,Card,239,4,,0
CUST101293,Sai Chopra,29,Other,1050554,₹,54,Gold,10-Mar-2021,03/09/2021, monthly ,1291.38,59,46,12,Electronics,Mumbai, india ,hotmail.com,Web,UPI,1556,5,Y,1
CUST101294,Vihaan Das,27,Other,650580,INR,24,,19/07/2021,12-02-2022,,1831.35,19,8,12,Gaming, mumbai , india ,yahoo.com,Web,UPI,1304,5,yes,0
CUST101295, Amit Khan ,33,FEMALE,,INR,34, GOLD ,12/12/2022,09-21-2024,,2213.48,5,1,5,FASHION,Lucknow,IN,outlook.com, web ,Wallet,911,5,no,0
CUST101296,Kiara Reddy,29,Male,760446,USD,30,Platinum,2024-13-01,2025-03-06,Rarely,2366.55,7,5,3, Fashion ,LUCKNOW, india ,,Android,Cash,822,4,yes,0
CUST101297,Aditya Sinha,33,Female,1079854,Rs,59,PLATINUM,12-07-2023,2024-09-19, monthly ,2466.53,17,6,10,Kids,CHENNAI,Bharat,GMAIL.COM,Desktop,UPI,1111,1,no,0
CUST101298,Saanvi Khan,28,female,298983,USD,44,,2023-03-25,10-16-2023,Weekly,2435.87,10,4,5,Kids,PUNE,,rediffmail.com,,UPI,1500,5,no,0
CUST101299,Ira Verma,9,male,1502515,INR,30,Basic,11-09-2023,12-31-2025,Weekly,405.49,6,2,4,books,Bengaluru,India, gmail.com ,Desktop,upi,1136,3,N,0
CUST101300,Meera Nair,20,male,1207475,INR,38,basic,15/09/2021,2022-12-20,weekly,2401.42,39,24,14,KIDS,Bangalore,,hotmail.com,android,Credit Card,1633,4,1,0
CUST101301,Sara Patel,28,MALE,439240,INR,69,Silvr,10-22-2022,,Rarely,3596.38,29,27,2,home decor,Mumbai,IN,outlook.com,Mobile,Card,1329,1,1,0
CUST101302,Saanvi Sharma,34,F,1562770,₹,56,Silver,02-20-2022,02/06/2023,Monthly,1440.16,25,3,21,Grocery,Mumbay,IN,GMAIL.COM,IOS, CREDIT CARD ,594,3,N,0
CUST101303,Amit Mishra,58,Other,505824,Rs,52,,16/10/2022,03-08-2025,Weekly,1171.95,0,0,0, Food Court , pune ,INDIA,outlook.com,Mobile,,907,2,yes,1
CUST101304,Ananya Das,35,Male,383417,INR,70,,07-15-2025,08-25-2025,Weekly,3459.28,8,7,0,Electronics,Jaipur,INDIA,gmail.com,android,,1157,,0,0
CUST100570,Ishaan Mishra,0,,821749,Rs,83,Platinum,17-May-2023,02-Oct-2025,Monthly,-250,26,22,4,Home Decor,Mumbai,INDIA,outlook.com,IOS,upi,999999,4,yes,1
CUST101306,Arjun Rao,8,MALE,1132109,INR,52, GOLD ,03/04/2025,12-27-2025,Weekly,981.14,8,5,4,sports,Lucknow,Bharat,hotmail.com,Web, CREDIT CARD ,1218,4,0,1
CUST101307,Vivaan Nair,27,M,955751,INR,74,Silver,01-06-2021,20-Mar-2021,Weekly,3490.62,4,2,2,grocery, mumbai ,INDIA,hotmail.com,Android,upi,1109,3,no,0
CUST101308,Aadhya Khan,10,female,1344005,USD,57,silver,12-Sep-2023,02-26-2026, monthly ,533.49,15,6,8, Electronics ,Hyd, india ,gmail.com,iOS,Cash,1029,4,,0
CUST101309,Vivaan Das,38,male,149830,Rs,38,PLATINUM,2021-12-24,07-07-2022,Daily,6866.28,3,1,1,ELECTRONICS,Kolkata,IN, gmail.com , web ,Cash,1721,4,Y,0
CUST101160,Aarav Sinha,41,MALE,327003,Rs,56,PLATINUM,31/05/2022,29-Nov-2023,Daily,1514.84,4,0,4,sports,BENGALURU, india ,GMAIL.COM,Desktop,upi,889,1,yes,0
CUST100450,Aadhya Joshi,,Male,799915,USD,59,Platinum,03/01/2022,06/10/2022,Rarely,2315.54,7,3,4,FOOD COURT,MUMBAI,Bharat,hotmail.com,, CREDIT CARD ,1564,5,Yes,0
CUST101312,Kiara Singh,,female,600803,INR,48,Basic,23-May-2024,2025-03-23,Monthly,6898.01,9,4,5,food court, ahmedabad ,Bharat,gmail.com, web , CREDIT CARD ,1523,4,0,0
CUST101313,Ayaan Kumar,56,Female,511426,INR,53,basic,03-Mar-2023,2025-04-21,Weekly,999999,1,0,2,food court,Delhi,INDIA, gmail.com ,Android,upi,1743,3,,1
CUST101314,Ananya Kapoor,29,male,283218,INR,43,Platinum,11-14-2022,2023-07-11,weekly,1020.78,5,2,2,Beauty,Kolkata,India,,Android, CREDIT CARD ,344,3,,0
CUST101315,Krishna Gupta,27,Other,224428,₹,75, GOLD ,11-Apr-2023,07-04-2024,Daily,3495.8,5,1,3, Food Court ,MUMBAI, india ,hotmail.com,IOS,Card,854,5,Yes,0
CUST101316,Ananya Chopra,54,Male,532470,₹,85,basic,23/02/2021,30-Aug-2021,weekly,3307.3,50,9,41,Electronics, jaipur ,,outlook.com,Android,UPI,979,1,0,1
CUST101317,Amit Das,40,MALE,374265,Rs,100,,2022-03-07,2023-03-09,RARELY,889.23,11,2,9,Books,MUMBAI,,GMAIL.COM,IOS,upi,931,3,,0
CUST101318,Saanvi Gupta,28,MALE,779224,,72,basic,12-Dec-2023,2025-10-15,Weekly,401.49,36,5,31,Home Decor,Mumbai,,GMAIL.COM,Android, CREDIT CARD ,516,1,No,0
CUST101170,Kiara Das,30,Male,620784,INR,60, GOLD ,15/12/2022,28/03/2023, monthly ,1367.6,5,2,2, Books ,Bangalore,INDIA,GMAIL.COM,,Cash,1974,3,N,0
CUST101320,Neha Chopra,44,MALE,351687,₹,71,silver,06-13-2024,24/09/2024,Weekly,1476.94,24,4,20, Sports , pune ,IN,hotmail.com,Web,UPI,485,2,No,0
CUST101321,Ira Khan,27,,1671264,INR,64,Gold,2024-11-06,01-03-2025, monthly ,1842.92,9,5,3,Beauty, bengaluru ,INDIA,outlook.com,Mobile,Wallet,440,1,yes,0
CUST101322,Ira Verma,27,M,,₹,64,,31/10/2024,2025-08-09,Rarely,2904.25,27,5,23,SPORTS,BENGALURU,INDIA,yahoo.com, web ,UPI,404,1,No,1
CUST101323,Neha Mishra,14,Other,331288,,71,Silvr,08-28-2025,14/03/2026,weekly,898.49,15,12,4,Electronics,Kolkata,INDIA,GMAIL.COM,Desktop,UPI,1754,5,No,0
CUST101324,Vihaan Mehta,28,MALE,537372,Rs,66,silver,2022-10-19,11-Feb-2024,,1884.79,59,12,46,kids,Delhi ,,gmail.com,iOS, CREDIT CARD ,1596,1,yes,0
CUST101325,Rahul Verma,43,Female,1457168,₹,43,silver,2024-06-09,09/01/2025,RARELY,9883.28,4,0,5, Food Court , jaipur ,INDIA,company.com,,UPI,1519,2,1,0
CUST101326,Reyansh Reddy,9,M,319145,,31,Platinum,13-Oct-2022,31/12/2023,Monthly,1320.46,56,43,13,GAMING,Ahmedabad, india ,,Mobile,Cash,1002,5,Y,1
CUST101327,Kiara Patel,37,male,1682824,INR,68,Basic,14/05/2024,,,2061.93,12,5,7, Food Court ,BENGALURU,,GMAIL.COM,android,,484,1,0,0
CUST101328,Vihaan Chopra,14,Other,461869,INR,88,Silver,11-Feb-2022,2024-01-31,weekly,12185.3,50,28,22,gaming, jaipur ,INDIA,outlook.com,Web,Cash,1319,4,no,1
CUST101329,Vihaan Sharma,33,male,1173724,Rs,26,Basic,03-Jun-2021,10/06/2021,,2345.4,82,17,65,HOME DECOR,AHMEDABAD,INDIA,company.com,IOS,Debit Card,40,4,yes,0
CUST101330, Arjun Verma ,0,male,1162559,Rs,29,PLATINUM,2023-02-06,2024-04-30,Daily,463.84,3,1,2,BEAUTY,BENGALURU,Bharat,GMAIL.COM,IOS,Credit Card,1317,1,Y,1
CUST100851,Meera Gupta,,female,99999999,USD,31, GOLD ,18-Jan-2022,17/08/2023,Monthly,2444.74,9,6,4,KIDS, Hyderabad ,India, gmail.com ,Web,,2159,5,Y,0
CUST101332,Ira Rao,,Other,775150,INR,39,PLATINUM,2022-11-16,19-Sep-2024,,2811.74,0,0,0,kids,PUNE,India,hotmail.com,android,Cash,1708,1,0,0
CUST101333,Vihaan Joshi,32,male,224084,INR,47, GOLD ,06-Jul-2025,18/07/2025,Weekly,1927.71,2,1,1,Home Decor,MUMBAI, india , gmail.com , web ,Card,1431,5,Yes,0
CUST101334,Aditya Mehta,46,,844797,USD,54,Basic,08-31-2021,03/09/2022,Weekly,1923.88,41,1,40,GAMING, pune ,Bharat,rediffmail.com, web ,upi,1315,5,yes,0
CUST101335,Meera Chopra,48,FEMALE,501049,INR,18,Silver,11/03/2022,08-06-2024,Monthly,-250,12,9,3,Beauty,Hyderabad,,gmail.com,,Cash,1065,1,Yes,0
CUST101336,Arjun Khan,31,Male,985980,USD,41, GOLD ,07-28-2021,16/12/2022,Rarely,3583.82,1,0,1,food court,Ahmedabad,,gmail.com,Web,Debit Card,1026,1,Yes,0
CUST101337,Rahul Mishra,50,FEMALE,745561,,57,Basic,11/10/2024,18-Nov-2024,weekly,1057.78,73,37,36,Electronics,PUNE, india ,yahoo.com, web ,Card,1735,5,Y,0
CUST101338,Kiara Sharma,24,M,996605,INR,70,Silver,14/11/2023,12-Mar-2026,Daily,5906.55,17,9,8,GROCERY, chenai ,India,yahoo.com,iOS,Wallet,1231,3,Yes,0
CUST101339,Meera Khan,46,Female,,Rs,51,Silver,03-13-2022,15-Jan-2023,Rarely,1251.48,42,10,32, Electronics ,Chennai, india ,rediffmail.com,android,upi,0,5,0,1
CUST101340,Ananya Kapoor,25,female,571837,INR,57,silver,08/12/2021,30/06/2022,Rarely,1064.55,43,35,9,ELECTRONICS, pune ,,hotmail.com,iOS,UPI,283,3,1,0
CUST101341,Sara Kumar,30,male,2118924,INR,20,silver,2025-05-05,09-18-2025,Monthly,1685.05,5,3,2, Food Court ,Pune,INDIA, gmail.com , web ,upi,1148,2,No,0
CUST101342,Vihaan Sharma,36,male,295355,,50,Platinum,31/05/2022,30/12/2023,RARELY,637.72,18,8,11, Books ,KOLKATA, india ,rediffmail.com, web ,Debit Card,2471,5,No,1
CUST101343,Arjun Iyer,55,F,602523,INR,9,PLATINUM,2021-08-18,02-19-2022, monthly ,2760.53,6,4,2,sports,KOLKATA, india ,GMAIL.COM,android, CREDIT CARD ,1148,1,1,0
CUST101148,Kiara Mishra,27,Other,219723,,60,basic,17/02/2022,07/09/2023, monthly ,2044.56,6,2,4,Eletronics,Hyderabad,INDIA,,Android,Credit Card,1447,5,Y,0
CUST101345,Krishna Iyer,28,M,889070,₹,65,Silver,24/09/2023,2025-01-26,RARELY,3186.12,11,8,4, Grocery , Calcutta ,Bharat,outlook.com,android,Cash,381,4,1,0
CUST101346,Aadhya Nair,24,,706637,,55,PLATINUM,2023-07-19,05-Feb-2025, monthly ,597.05,8,3,5,Grocery, jaipur , india ,company.com,IOS,Card,240,1,no,0
CUST101347,Diya Singh,38,F,1208462,USD,68,Silver,25-Mar-2021,03/10/2022,RARELY,-250,18,6,13,grocery,Lucknow,,,IOS,Credit Card,543,4,1,0
CUST101348,Aarav Singh,37,Other,1210208,INR,7,silver,16-Oct-2023,2025-02-21,Weekly,1729.09,28,18,9, Fashion , delhi ,India,company.com, web ,,1564,5,Y,0
CUST101349,Aadhya Nair,40,M,648622,Rs,38,Silvr,10-11-2024,2026-03-29,,2676.22,14,7,7,Sports, mumbai , india ,company.com,Web,UPI,649,3,yes,1
CUST101350, Priya Reddy ,29,MALE,1112086,INR,88,Silver,07-Dec-2024,2026-02-19,Monthly,,11,6,5,beauty,Pune,INDIA,,Web,Debit Card,2438,5,1,0
CUST101351,Sara Das,43,F,424163,INR,58,Silver,2025-07-24,06-20-2026,Rarely,689.11,21,3,17, Electronics ,MUMBAI,Bharat,company.com, web ,Card,2120,3,,0
CUST101352,Meera Reddy,44,male,811346,₹,68,Gold,2022-08-17,2023-11-23,Daily,6898.17,6,4,2,Beauty,Delhi ,,,,Card,676,4,yes,0
CUST101353,Aarav Mehta,35,Male,836862,INR,64,Basic,2023-10-21,09-25-2024,Weekly,6572.42,17,0,17,beauty, hyderabad ,India,gmail.com,IOS,Debit Card,1071,4,,0
CUST101354,Neha Mehta,14,Female,1418469,USD,41,Gold,18/05/2021,02-07-2023,RARELY,986.14,42,7,35,FASHION, hyderabad ,INDIA,outlook.com,iOS,Card,1084,4,no,1
CUST101355,Priya Kumar,40,Male,1538024,,23, GOLD ,02-25-2023,2024-08-11,,740.66,7,4,2,KIDS,Ahmedabad,Bharat,,android,UPI,2650,3,N,1
CUST101356,Amit Khan,56,Other,387747,USD,40,basic,22/06/2024,2025-04-23, monthly ,6005.07,4,3,2,Beauty,NEW DELHI,IN,,Desktop,Cash,2107,5,Y,0
CUST101357,Reyansh Mehta,52,Female,980529,,36,Platinum,14/10/2022,2024-12-25,Monthly,6495.53,44,4,39,Kids,Jaipur, india ,outlook.com,android,,387,4,0,0
CUST101358, Aarav Joshi ,36,male,352454,,64,PLATINUM,2022-11-19,26-Jul-2024,weekly,1096.57,7,5,2,gaming, mumbai ,India, gmail.com ,Web,Credit Card,735,5,yes,0
CUST101359,Ayaan Singh,58,F,1130822,Rs,60,Silvr,2023-08-11,11-12-2024,Rarely,964.33,0,0,0,grocery,Lucknow,IN,outlook.com,Mobile,Wallet,940,4,no,1
CUST101360,Neha Das,31,Female,,,36,PLATINUM,2021-02-07,02-Jan-2023,,,25,0,25,Electronics, bengaluru ,India,hotmail.com,Web,Wallet,2559,4,no,0
CUST101361,Myra Iyer,37,F,2075869,INR,60,Silver,2021-06-23,11-30-2021,RARELY,546.54,89,78,11, Fashion ,Hyderbad, india ,hotmail.com,iOS,UPI,712,3,,0
CUST101362,Ayaan Singh,41,M,361416,₹,9,Basic,06-26-2024,05-Nov-2024,weekly,1517.82,1,0,1,beauty,Hyd,,company.com,android,Debit Card,1071,1,,1
CUST101363,Amit Kumar,180,MALE,827147,INR,100,Silvr,06-12-2024,04-Apr-2026, monthly ,715.59,1,0,1,Books,MUMBAI, india ,rediffmail.com,Web,Credit Card,488,,No,0
CUST101364,Ishaan Sinha,23,FEMALE,421681,,49,,2024-13-01,08/02/2025,Daily,1527.61,1,0,1,SPORTS,KOLKATA,,outlook.com,IOS,Debit Card,1546,0,N,0
CUST101365,Myra Patel,40,female,641261,INR,79,Silver,27-Jul-2022,27-Nov-2024,Monthly,1619.77,27,3,24,FOOD COURT, bengaluru ,Bharat,rediffmail.com,,Wallet,513,1,0,1
CUST101366,Amit Singh,41,Male,517274,INR,42,PLATINUM,16/08/2021,2022-08-14,Weekly,972.41,3,2,2,beauty,MUMBAI,,,iOS,Cash,1730,5,Y,0
CUST101367,Rahul Joshi,49,MALE,1200699,INR,43, GOLD ,07-Jan-2023,18/07/2024,Weekly,2021.27,8,7,1,BOOKS, chenai , india ,hotmail.com,,Credit Card,2341,1,Yes,0
CUST101368,Priya Kapoor,41,male,489532,USD,41,Gold,30/03/2021,2021-09-10,Monthly,1238.08,2,1,2,FOOD COURT,Jaipur,IN,rediffmail.com,IOS,Wallet,1226,4,no,0
CUST101369,Pooja Patel,35,Male,823629,Rs,70,Platinum,05-13-2021,09-01-2021,RARELY,3571.68,14,10,4,fashion, pune ,,company.com,android,UPI,667,1,1,0
CUST101370,Krishna Nair,43,Other,285144,USD,38,Silvr,12-Apr-2024,02-18-2025,RARELY,1153.28,41,8,32,Food Court,Hyd,Bharat,GMAIL.COM,iOS,Wallet,0,5,,0
CUST101371,Neha Das,60,MALE,1873267,USD,54,Basic,29-Mar-2024,28/11/2025,Daily,3299.65,3,2,1, Sports , chenai ,IN,rediffmail.com, web , CREDIT CARD ,1659,4,No,0
CUST101372,Sai Mishra,25,MALE,791782,Rs,1,PLATINUM,2024-07-15,2025-07-02,weekly,2477.88,5,2,2,SPORTS,Bangalore,INDIA,outlook.com,Desktop,Cash,1391,3,No,0
CUST101373,Amit Mehta,22,,472879,INR,68,Gold,10/11/2024,12-Feb-2026,,592.58,1,0,0,Beauty,LUCKNOW,,yahoo.com, web ,UPI,2009,1,N,
CUST101374,Rahul Kumar,40,male,546862,INR,56,Silver,20/06/2024,, monthly ,2240.66,7,3,5,GROCERY,KOLKATA,INDIA,gmail.com,Desktop,,1356,5,0,0
CUST101375,Priya Mishra,36,MALE,,,52,Gold,2021-10-18,22-Feb-2022,Daily,4841.04,11,8,2,BEAUTY,Bangalore,INDIA,gmail.com,, CREDIT CARD ,1507,4,No,0
CUST101376,Diya Joshi,0,FEMALE,886200,USD,92,Gold,05-28-2021,,weekly,5273.71,16,4,12,Electronics,MUMBAI,INDIA,hotmail.com,Web,upi,655,3,No,
CUST101377,Kiara Patel,23,M,1040171,INR,57,Silver,10-21-2024,2024-11-24,Weekly,461.99,12,0,13,Grocery, lucknow , india ,gmail.com, web ,Debit Card,777,3,0,1
CUST101378,Meera Gupta,45,female,590697,INR,40,Silver,07-16-2021,08/06/2023,weekly,1843.66,5,0,6,beauty, jaipur ,IN,yahoo.com,,Cash,1222,,No,0
CUST101379,Neha Das,37,Other,731198,INR,36,Platinum,02-16-2025,2025-03-19,,937.47,1,0,2,Grocerry,CHENNAI,IN,gmail.com,android, CREDIT CARD ,0,1,N,0
CUST101380,Neha Sinha,29,MALE,368947,USD,72,Silver,2024-12-21,2026-03-06,Rarely,2778.94,33,24,9,Fashion,Lucknow,IN,outlook.com,iOS,UPI,2446,1,No,1
CUST101381,Arjun Iyer,35,male,1440889,₹,51,PLATINUM,2022-05-23,23/08/2022,,11167.03,9999,26,2,Grocery,Delhi ,,company.com,Desktop,Wallet,511,5,Yes,0
CUST101382,Krishna Gupta,37,male,1147469,INR,57,silver,24/09/2022,2022-12-02, monthly ,775.68,5,4,0,kids,AHMEDABAD,India,gmail.com,,,838,1,no,0
CUST101383,Reyansh Singh,0,female,1957139,Rs,80,Gold,30-Nov-2024,11/12/2024,Daily,380.71,7,0,8,Grocerry,Bengaluru,IN,outlook.com,iOS,,1723,5,N,0
CUST101384,Myra Mishra,42,Male,941684,,64,,2022-08-12,2024-05-03,RARELY,-250,14,1,13,kids,Pune, india ,outlook.com,IOS, CREDIT CARD ,1175,5,N,0
CUST101385,Diya Mehta,30,,640584,INR,50,Platinum,21/02/2024,09-16-2024, monthly ,993.63,26,12,14,books,Bengaluru,IN,company.com,,,1241,1,1,0
CUST101386,Krishna Sharma,41,Other,1137683,INR,56,basic,14-Jul-2022,2022-12-06, monthly ,1810.5,46,45,0,home decor, ahmedabad , india ,GMAIL.COM,Android, CREDIT CARD ,643,5,Y,0
CUST101387,Priya Kumar,33,MALE,,INR,42,Gold,21/08/2021,,RARELY,4194.14,4,3,0,Gaming,Lucknow,,rediffmail.com,IOS,UPI,49,3,,0
CUST100291,Amit Verma,35,F,910468,,30,Platinum,30/12/2024,10-28-2025,Rarely,2916.97,10,0,10,Groceries,AHMEDABAD,Bharat,hotmail.com,,Debit Card,1622,5,Yes,1
CUST101389,Krishna Joshi,26,F,1004722,,47,silver,28-Jun-2022,2023-10-11,weekly,5275.73,10,6,4,books,JAIPUR,INDIA,company.com,android,Cash,555,4,yes,1
CUST101390,Ishaan Joshi,,Female,,,35,PLATINUM,06/04/2021,2021-08-07,Rarely,915.63,2,0,2,Sports, delhi ,,hotmail.com,Mobile,Cash,166,2,yes,0
CUST101391,Ishaan Kumar,41,Female,537513,,62, GOLD ,2023-03-04,,Monthly,885.81,2,1,1,Grocery,CHENNAI,Bharat,rediffmail.com, web , CREDIT CARD ,1562,4,no,0
CUST101392,Aarav Sinha,,female,705374,Rs,85,silver,2023-05-28,11/11/2025,Rarely,4519.65,24,21,4, Fashion ,Kolkata,INDIA,gmail.com,IOS,Cash,103,3,No,0
CUST101393,Ananya Khan,42,female,851315,INR,46,Gold,29-Jul-2024,2025-03-03, monthly ,897.76,23,10,13,grocery,Jaipur,Bharat,company.com,Web,Wallet,1524,3,N,0
CUST101394,Reyansh Khan,30,MALE,292497,INR,39,silver,14-Jul-2025,08/08/2025, monthly ,2911.29,2,1,1,Electronic,JAIPUR, india ,hotmail.com,Mobile,UPI,1427,1,Yes,0
CUST101395, Vihaan Kumar ,22,M,257730,INR,68,silver,03-Mar-2021,09-05-2021, monthly ,1884.66,9,2,7, Home Decor ,Ahmedabad,IN, gmail.com ,android,Wallet,634,,Yes,0
CUST101396,Ira Kumar,29,Male,376540,INR,64,Basic,2022-01-25,06-13-2024,Daily,3330.1,9,7,2,Kids,Lucknow,IN,company.com,,,2036,2,No,0
CUST101397,Saanvi Mehta,10,,571612,INR,38,Silvr,17/01/2024,2024-08-22,weekly,1647.75,19,5,14,BOOKS,KOLKATA,INDIA, gmail.com ,,UPI,1670,4,,0
CUST101398,Aditya Das,33,MALE,833231,,17,PLATINUM,17-Feb-2023,2024-12-20, monthly ,6986.25,0,0,0, Beauty ,Delhi ,,gmail.com,IOS,Credit Card,1875,11,0,1
CUST101399,Riya Nair,49,F,1717821,INR,62,silver,06-29-2022,19/11/2022,Monthly,15103.24,6,3,3,Gaming,Jaipur,India,gmail.com,Web,Wallet,1478,0,N,0
CUST101400, Neha Mehta ,43,Female,1093443,₹,100,silver,08-26-2023,2024-06-23,Rarely,5733.36,84,11,73,Gaming,Bangalore,IN,company.com,iOS, CREDIT CARD ,1491,4,Y,1
CUST101401,Vivaan Iyer,52,FEMALE,895202,Rs,48,Platinum,24/12/2023,27-Nov-2025,Weekly,1480.34,15,9,6,gaming, jaipur ,INDIA,company.com,Android,Wallet,1513,2,,0
CUST101402,Aditya Gupta,28,Other,1291585,,43,Silvr,2021-06-20,07-04-2021, monthly ,2021.34,11,6,5,KIDS,NEW DELHI,INDIA,hotmail.com, web ,Credit Card,663,5,,
CUST101403,Diya Rao,30,FEMALE,517753,₹,66, GOLD ,2024-09-11,2024-12-25,,728.96,6,2,4,Books,LUCKNOW,INDIA,hotmail.com,Android,Credit Card,1414,5,N,0
CUST101404,Sai Gupta,36,FEMALE,1173772,INR,1,,2024-07-26,14-Jun-2026,Weekly,3932.3,8,4,5,home decor,Pune,India,rediffmail.com, web ,Credit Card,885,4,yes,0
CUST101405,Vihaan Kapoor,32,Female,218662,INR,53,Silvr,2025-04-25,15-Jul-2025,,3080.1,7,1,5, Books , bengaluru ,,yahoo.com,Desktop,Card,248,5,N,0
CUST101406,Aarav Joshi,42,female,599387,Rs,31,Silvr,02-17-2021,11/09/2021, monthly ,3491.15,31,16,14,Kids,Kolkata,IN,company.com,,Card,1521,3,No,0
CUST101407,Vihaan Iyer,24,FEMALE,1054916,₹,47,,2022-10-11,04/08/2023,Rarely,2703.63,9,3,5,Grocery,Hyd,Bharat,GMAIL.COM, web ,Credit Card,1513,5,no,1
CUST101408,Ira Verma,49,,342935,₹,82,basic,18-Jul-2022,20/07/2022, monthly ,818.56,56,2,53, Grocery ,PUNE,IN, gmail.com ,IOS,UPI,839,4,Yes,0
CUST101409,Aditya Mishra,41,,521927,,51,Basic,01/04/2023,10-26-2024,RARELY,1838.79,8,6,1,Grocery, delhi ,IN,outlook.com,Android,Debit Card,987,5,No,0
CUST101410,Reyansh Joshi,45,Male,693195,,8,silver,10/10/2022,08-23-2024,Rarely,1441.18,28,0,29,Eletronics,JAIPUR,,GMAIL.COM,Web,Card,1713,2,No,1
CUST101411,Sara Rao,0,male,659907,INR,87,Platinum,11-08-2022,12-11-2024,RARELY,8403.97,4,1,2,beauty,Jaipur, india ,gmail.com,IOS, CREDIT CARD ,2553,5,,0
CUST101412, Neha Mishra ,49,Female,,USD,9,Platinum,11-04-2021,2022-08-07,weekly,1643.89,-3,0,7,GAMING,AHMEDABAD,,outlook.com,iOS, CREDIT CARD ,819,1,No,0
CUST101413,Riya Nair,39,M,360134,,72,Silvr,03-10-2025,2026-06-15,RARELY,742.27,45,5,40,grocery, hyderabad ,IN,outlook.com,Android,Cash,1443,4,0,0
CUST101414,Amit Mehta,41,F,,USD,31,Silver,19-Apr-2022,07-10-2023,Daily,4367.31,5,0,4,GAMING,Chennai,INDIA, gmail.com ,Mobile,Credit Card,1488,3,No,0
CUST101415,Rahul Sinha,36,female,662532,Rs,37,basic,11-Dec-2024,12-18-2025,Monthly,1094.81,31,8,23, Books , hyderabad ,IN,rediffmail.com,Mobile, CREDIT CARD ,836,1,0,0
CUST101416,Ishaan Joshi,39,Female,267135,INR,87,silver,2021-10-18,01-Apr-2022,weekly,1059.74,27,25,1,Gaming,Pune, india ,,iOS,,648,3,Y,0
CUST101417,Vivaan Singh,30,male,717218,Rs,59,silver,20/10/2022,02-01-2024, monthly ,1993.32,11,3,9,Grocerry, pune ,Bharat, gmail.com , web ,UPI,966,4,1,0
CUST101418,Neha Verma,,M,1067183,INR,36,PLATINUM,03-13-2023,22/02/2024,Weekly,2385.38,43,15,28,Gaming,BENGALURU,Bharat,outlook.com,iOS, CREDIT CARD ,1902,5,N,0
CUST101419,Ishaan Nair,36,M,1225345,₹,60,PLATINUM,04-14-2025,2025-08-23,Daily,973.49,3,0,4,Gaming,Jaipur,,rediffmail.com,Web,Credit Card,2068,3,No,0
CUST101420,Ayaan Nair,47,female,308969,INR,76,PLATINUM,05-05-2024,11-27-2025,,3378.54,2,0,2,sports,Pune,Bharat,gmail.com,Android,Card,978,1,N,0
CUST101421,Ayaan Joshi,,MALE,274817,USD,98,Basic,24-Oct-2024,2025-10-07,Weekly,929.2,14,13,2, Gaming , jaipur ,INDIA,,Desktop,Cash,0,2,no,0
CUST101422,Ishaan Rao,22,male,789465,INR,66,PLATINUM,01/07/2023,2023-12-22,Weekly,2004.14,31,23,8,food court,CHENNAI,Bharat,outlook.com,Web,Wallet,699,2,0,0
CUST101423,Diya Mehta,35,male,252019,USD,74,Silver,22-Jun-2025,2026-05-06,Monthly,5776.51,25,6,19, Kids ,Mumbay, india ,outlook.com,Mobile,Wallet,784,5,0,1
CUST101424,Amit Kumar,57,Male,770717,USD,77,Silver,07-22-2024,2024-11-23,Monthly,1454.3,79,10,70, Fashion ,Mumbai,IN,outlook.com, web ,,775,5,yes,1
CUST100430,Ishaan Verma,11,Male,979018,₹,59,Basic,01-12-2025,29/01/2026,Daily,3142.34,18,10,9, Food Court ,CHENNAI,India,, web ,UPI,1116,2,Y,1
CUST101426,Ananya Verma,37,Other,691461,INR,82,,25/06/2022,07-13-2023, monthly ,1618.81,10,9,1,GROCERY, delhi ,,,IOS,upi,795,5,,0
CUST101427,Amit Verma,37,,1045045,INR,45,basic,30-Oct-2023,01-Sep-2025,RARELY,2035.56,12,10,2,gaming, chenai ,India,rediffmail.com,Desktop,Debit Card,1214,2,No,0
CUST101428,Rahul Kapoor,34,Other,1428020,Rs,34, GOLD ,2023-11-24,03/02/2025,weekly,1554.64,12,9,2, Sports , Calcutta ,India,company.com,Web,Card,976,1,No,0
CUST101429,Priya Khan,,M,861363,INR,73,PLATINUM,04-21-2024,,RARELY,1317.22,13,0,13,books,HYDERABAD, india ,gmail.com,Web,Card,2801,3,No,0
CUST101430,Sara Sharma,42,,336039,USD,55,Gold,02-Jun-2021,07-28-2023,Daily,2091.79,12,7,5, Sports ,Mumbay,IN,gmail.com,,UPI,1359,1,,1
CUST101431,Diya Verma,49,Female,317766,INR,40,Gold,08-23-2025,10-11-2025,Daily,1972.98,1,0,1,fashion,Hyderbad,India,outlook.com,Desktop,,178,1,1,0
CUST101432,Meera Kumar,39,female,434291,₹,38,Basic,16-Apr-2023,05-13-2023,Daily,4071.04,13,11,3,home decor, Calcutta ,INDIA,gmail.com,Mobile,,646,5,1,0
CUST101433,Ira Kumar,,,1420793,,84,Basic,2022-11-07,10/10/2024,RARELY,1207.61,24,1,24,Fashion,JAIPUR,IN,gmail.com,,Wallet,1447,1,,0
CUST101160,Aarav Sinha,41,MALE,327003,Rs,56,PLATINUM,31/05/2022,29-Nov-2023,Daily,1514.84,4,0,4,sports,BENGALURU, india ,GMAIL.COM,Desktop,upi,889,1,yes,0
CUST101435,Aadhya Khan,41,F,785392,Rs,77,Basic,06/10/2023,28-Apr-2024,Weekly,5017.92,14,4,9,Books, mumbai ,,yahoo.com,IOS,Wallet,-50,4,no,0
CUST101436,Sara Mishra,35,FEMALE,189320,INR,39,Platinum,10-28-2024,11-29-2024,Weekly,901.53,11,6,4, Gaming ,AHMEDABAD,India,company.com,Android,Debit Card,1278,3,0,0
CUST101437,Saanvi Chopra,38,MALE,287008,Rs,42,,02/03/2023,17-Aug-2024,Rarely,921.9,2,1,2,Electronics, ahmedabad ,India,hotmail.com,android,UPI,1160,3,Yes,0
CUST101438, Vihaan Sinha ,24,male,630629,INR,81,Basic,04-30-2023,2023-10-19,Monthly,2809.71,7,1,6, Home Decor , bengaluru ,INDIA,yahoo.com,Web,UPI,988,2,1,0
CUST101439,Ayaan Mehta,56,FEMALE,234302,,61,Silvr,2023-11-05,02-Apr-2025,,2139.6,23,15,7,Grocery, Calcutta , india ,gmail.com,Android,,1915,2,1,0
CUST101440,Pooja Mishra,50,Female,831856,₹,41, GOLD ,18-Oct-2022,2023-03-12,Daily,440.05,12,10,2,FOOD COURT,Pune,, gmail.com ,,Credit Card,1762,4,Yes,0
CUST101441,Sara Patel,33,Male,437680,₹,100,Silvr,11/03/2025,2026-02-03,Rarely,2398.2,8,7,0,FASHION,NEW DELHI,Bharat,,Desktop,upi,1067,1,No,0
CUST101442,Ishaan Patel,45,M,939331,₹,62,Platinum,2023-02-28,20/12/2024,Monthly,736.42,11,3,7,GAMING,Kolkata,Bharat,company.com,android,UPI,1316,5,No,1
CUST100257,Priya Kumar,50,female,868617,USD,63,Platinum,01-Oct-2023,12-24-2025,weekly,7699.24,7,3,4, Sports ,MUMBAI,India,GMAIL.COM,IOS,,762,4,0,0
CUST101444,Reyansh Verma,34,Female,1604211,INR,74,Platinum,23/07/2021,2023-10-27,RARELY,1022.97,10,1,9,Fashion,Bangalore,,gmail.com,,Card,658,5,Y,0
CUST101445,Diya Kapoor,38,Male,946220,,83,basic,2024-09-21,2026-02-21,RARELY,2286.94,16,10,7, Gaming ,Delhi,IN,rediffmail.com,,Card,1218,5,,1
CUST101446, Meera Kapoor ,60,Other,584897,INR,26,basic,15-Nov-2024,2025-05-24,Rarely,1201.67,13,12,2, Food Court ,Pune,,yahoo.com, web , CREDIT CARD ,0,2,yes,0
CUST101447,Ishaan Mishra,26,male,468131,Rs,23,silver,31/07/2025,04-Nov-2025,Monthly,978.52,39,37,2,gaming,KOLKATA,India,gmail.com,Mobile,UPI,2536,3,No,1
CUST101448,Vihaan Sinha,31,Other,306923,USD,74, GOLD ,04-07-2025,,weekly,3123.64,8,2,6, Electronics ,HYDERABAD,IN,gmail.com,Android,,855,4,No,0
CUST101449,Priya Sinha,31,M,,Rs,49,PLATINUM,14-Jan-2021,2022-08-17,Daily,1068.13,5,2,3,kids,NEW DELHI,,GMAIL.COM,Android,Debit Card,2814,3,0,1
CUST101450,Sai Joshi,2,FEMALE,429581,INR,60,Silver,28-Jan-2024,,Monthly,1661.1,21,16,5,fashion,Hyderbad,IN,company.com,IOS,Credit Card,1103,4,Y,1
CUST101441,Sara Patel,33,Male,437680,₹,100,Silvr,11/03/2025,2026-02-03,Rarely,2398.2,8,7,0,FASHION,NEW DELHI,Bharat,,Desktop,upi,1067,1,No,0
CUST101452,Ira Mishra,30,Other,695417,USD,63,silver,22/06/2025,11-Sep-2025,weekly,1337.43,1,0,0,Gaming,LUCKNOW,INDIA,outlook.com,,Card,1854,3,no,0
CUST101453,Vivaan Sinha,31,,776629,Rs,29,,07-Jan-2025,10-Mar-2026,Daily,493.82,13,5,7,SPORTS, pune ,INDIA,,iOS,UPI,1884,1,,0
CUST101454,Priya Das,21,Other,1068903,Rs,65,Silver,08-09-2022,01-20-2025, monthly ,1081.95,28,4,25,gaming,KOLKATA,IN,GMAIL.COM,Web,UPI,2030,,,1
CUST101455,Pooja Mishra,33,,932496,INR,39,Silvr,2024-10-16,2026-03-15,Rarely,3381.78,66,63,3,sports,Lucknow,INDIA,outlook.com,Android,Card,1727,3,1,0
CUST101456,Arjun Iyer,16,male,1557620,,75, GOLD ,2021-12-12,29/09/2023,Weekly,1790.45,3,0,3,GAMING,Chennai,India,gmail.com,,Debit Card,,3,1,0
CUST101457,Amit Verma,,M,726926,INR,93,Platinum,2021-04-23,03/02/2022, monthly ,526.14,33,0,33,Eletronics,Pune,INDIA,outlook.com,,upi,789,1,N,0
CUST101458,Ishaan Iyer,33,Female,,,66,Gold,11-14-2024,08/02/2025,weekly,1545.52,22,17,4,Home Decor,BENGALURU,Bharat,,iOS,Card,1279,2,,1
CUST101459,Aadhya Singh,20,,389897,₹,37,Platinum,28-Jul-2025,08-11-2025,Daily,4185.62,23,18,6, Books , bengaluru ,IN,company.com,iOS, CREDIT CARD ,1605,4,N,0
CUST101460,Saanvi Sinha,51,Other,544555,,48,PLATINUM,20/10/2022,13/01/2025,,5503.12,0,0,0,Grocerry,MUMBAI,,outlook.com,,upi,1679,1,1,0
CUST101461,Pooja Rao,30,,666583,,60,basic,30-Mar-2025,2025-04-08,Monthly,1273.31,1,0,1,Beauty, mumbai ,INDIA,hotmail.com,IOS,upi,1787,4,yes,0
CUST101462,Meera Sinha,32,Female,,₹,58,Basic,03-30-2021,17-Jan-2023, monthly ,1825.24,71,12,58,grocery, delhi ,,GMAIL.COM,Web,UPI,1507,3,no,0
CUST101463, Ananya Khan ,32,,345402,,84,silver,07/07/2022,18/11/2022,weekly,6779.01,1,0,1,beauty,Chennai,IN,hotmail.com,,,1506,5,yes,0
CUST101464,Diya Joshi,23,Female,252824,INR,47,basic,04-Aug-2021,28-Oct-2021,Daily,1470.1,2,1,1, Books , bengaluru ,India,GMAIL.COM,Desktop,Card,1518,4,Yes,0
CUST101465,Vivaan Mishra,31,Female,1009704,USD,41,basic,16-Mar-2023,07-19-2023,RARELY,1280.25,8,3,6,GAMING, mumbai ,Bharat,rediffmail.com,Web,Cash,715,4,No,0
CUST101466,Vivaan Nair,44,female,1436416,Rs,47,Gold,22/05/2021,15/10/2022,RARELY,1480.73,13,12,1,books, lucknow ,,,Android, CREDIT CARD ,1545,1,yes,0
CUST101467,Amit Khan,27,MALE,646310,USD,91,basic,22-Feb-2021,18/09/2021,Rarely,519.09,56,47,10,Beauty,KOLKATA,INDIA,company.com,Mobile,Debit Card,1552,5,1,0
CUST101468,Neha Mehta,32,male,523925,INR,53,basic,27/02/2021,06-Aug-2021,weekly,2391.01,9,6,4, Electronics ,Kolkata, india ,,iOS,UPI,2204,3,Y,0
CUST101469,Ishaan Kapoor,44,M,393431,INR,42,PLATINUM,15-Apr-2025,2025-11-14, monthly ,2946.65,12,0,12,GROCERY,Chennai,Bharat,company.com, web ,,581,4,1,0
CUST101470,Aarav Khan,31,Other,500068,USD,75,silver,11-03-2022,20/08/2023,Weekly,3412.68,18,12,6, Kids , hyderabad ,Bharat,GMAIL.COM,Android,Debit Card,1498,5,,0
CUST101471,Rahul Chopra,14,FEMALE,711469,INR,65, GOLD ,11-06-2024,2025-08-08,Monthly,12341.25,15,3,12, Food Court ,Jaipur,India, gmail.com ,iOS,Debit Card,913,5,no,1
CUST101472,Arjun Gupta,43,MALE,1469169,INR,97,PLATINUM,05-27-2022,04-Jul-2023,Weekly,1178.16,4,3,1,HOME DECOR,NEW DELHI, india ,company.com,iOS,Debit Card,0,2,No,0
CUST101473,Rahul Khan,31,F,579735,Rs,65,Basic,09/11/2024,2025-10-10,Weekly,1412.81,17,13,5,Sports,AHMEDABAD,,yahoo.com, web , CREDIT CARD ,2021,,yes,0
CUST101474,Vivaan Joshi,37,M,781072,₹,35,,29/03/2023,18-Aug-2024,Weekly,1073.6,20,4,16,grocery,Kolkata, india ,, web ,Credit Card,92,1,yes,0
CUST101475,Saanvi Rao,30,F,708537,INR,19,PLATINUM,14/07/2023,03-09-2024,Rarely,1784.35,6,1,6,kids,Jaipur,Bharat,,Web,upi,2265,1,Yes,1
CUST101476,Saanvi Mishra,33,Female,926992,Rs,37,Silver,2022-04-24,09-17-2024,weekly,522.32,54,33,21,FOOD COURT, pune ,,, web , CREDIT CARD ,1776,5,Yes,0
CUST101477, Riya Chopra ,39,MALE,2060895,,1,basic,not available,16/04/2026, monthly ,2922.12,0,0,1,Kids,KOLKATA,,GMAIL.COM,IOS,upi,1282,4,No,1
CUST101478,Krishna Patel,,Other,343219,₹,39,basic,04/11/2023,2025-06-12,RARELY,1993.87,0,0,0, Sports ,LUCKNOW,,yahoo.com,Android,upi,941,3,No,0
CUST101479,Aditya Verma,28,MALE,496389,USD,62,,22-Apr-2022,31-Mar-2023,Rarely,1977.68,3,2,2,home decor,Mumbai,Bharat, gmail.com ,iOS, CREDIT CARD ,533,1,,0
CUST101480,Sara Singh,20,Female,1391555,USD,64,,11-Feb-2021,21/11/2021,,733.5,2,0,3,Sports, ahmedabad , india ,yahoo.com,iOS,Wallet,1559,5,No,0
CUST101481,Priya Kapoor,28,female,264489,Rs,57,,2025-05-19,2025-07-14,weekly,1499.32,3,0,4,food court, ahmedabad , india ,gmail.com,,upi,437,,N,0
CUST101482,Riya Nair,18,F,1037618,INR,20,PLATINUM,09-Oct-2022,29-May-2023,Rarely,2646.59,3,1,3,Kids, mumbai , india ,GMAIL.COM,,UPI,134,1,N,1
CUST101483,Ishaan Mishra,43,M,936082,INR,57,Platinum,06-11-2022,,Rarely,1888.77,2,1,0,ELECTRONICS, mumbai ,IN,outlook.com,IOS,Wallet,1034,5,1,0
CUST101484,Aditya Kumar,34,FEMALE,254097,,94,Gold,2021-05-18,09-09-2023,Rarely,5313.27,47,19,29,kids,Mumbay,Bharat,yahoo.com,iOS,Card,533,4,N,0
CUST101485,Riya Patel,15,male,1436287,,40,silver,08-14-2023,2025-01-25,RARELY,560.29,14,11,4,beauty, jaipur ,India,gmail.com,android,Card,1206,2,Yes,0
CUST101486,Neha Gupta,32,MALE,1157071,INR,48,PLATINUM,03-Nov-2023,19-May-2024,Monthly,813.42,28,12,16, Food Court ,Kolkata,India,yahoo.com,android,Wallet,1084,4,no,1
CUST101487,Ishaan Khan,38,M,2341279,INR,33,,12-03-2023,11/06/2025,RARELY,806.35,2,1,1,FOOD COURT, jaipur ,India,company.com,Web,Cash,0,3,,1
CUST101450,Sai Joshi,2,FEMALE,429581,INR,60,Silver,28-Jan-2024,,Monthly,1661.1,21,16,5,fashion,Hyderbad,IN,company.com,IOS,Credit Card,1103,4,Y,1
CUST101489,Meera Sinha,20,male,645956,INR,62,Platinum,10-18-2023,30/06/2025,RARELY,2861.7,8,0,8,gaming,Jaipur, india ,hotmail.com,Desktop,Debit Card,1505,5,yes,1
CUST101490,Sara Iyer,28,M,,USD,78,,29-Apr-2022,2023-09-30,weekly,1844.24,0,0,0,grocery, lucknow ,Bharat,hotmail.com,iOS,,388,4,,0
CUST101491,Rahul Verma,36,,1286544,INR,25,Silvr,2021-01-27,21/03/2022,RARELY,1340.35,80,26,53,Home Decor, pune ,Bharat,,,Wallet,2241,1,No,0
CUST101492,Meera Kapoor,40,Female,973622,,56,Platinum,2023-08-04,05-Aug-2023,Rarely,894.2,13,6,7,Grocerry,Delhi , india , gmail.com ,Mobile,,2129,4,0,0
CUST101493,Rahul Singh,28,,980841,,80,Silvr,24-Oct-2023,2024-06-26,Rarely,1729.7,0,0,0,FASHION,Kolkata,,rediffmail.com, web ,,999999,2,yes,0
CUST101494,Priya Reddy,21,Other,802105,INR,1,Platinum,02-Nov-2022,2023-03-23,Daily,1349.43,13,1,11, Food Court ,AHMEDABAD,INDIA,yahoo.com,Android,Credit Card,2028,4,,
CUST100323,Arjun Nair,21,,873823,USD,70,Gold,18/05/2024,02-01-2025,Weekly,1312.01,39,26,14,Kids, chenai ,India,gmail.com,IOS,,540,2,Y,1
CUST101496,Aadhya Khan,39,M,246772,USD,100,Platinum,14-Jun-2025,08-14-2025,weekly,1293.75,16,0,16,Gaming,LUCKNOW,INDIA,hotmail.com,android,Wallet,278,2,No,1
CUST101497,Vihaan Reddy,47,MALE,700079,,17,Silver,2024-02-06,, monthly ,1897.52,45,16,29,BOOKS, lucknow ,IN,,Web,,2805,4,Yes,1
CUST101498,Sara Gupta,16,male,672906,INR,83,PLATINUM,03/12/2023,10-23-2024,Monthly,2078.7,8,0,9,Books, ahmedabad ,,,iOS,Cash,235,3,yes,0
CUST101499,Aadhya Patel,30,Other,760428,Rs,88,basic,2024-10-20,27/01/2026,RARELY,1641.7,44,39,5,KIDS,NEW DELHI,India,gmail.com,Mobile,Card,1583,4,0,0
CUST101500,Krishna Kumar,39,Male,588698,INR,22,silver,07/03/2024,04-02-2024,,4028.3,9,3,7, Fashion ,PUNE,INDIA,hotmail.com,Mobile,Card,628,5,0,1
CUST101501,Vihaan Khan,30,FEMALE,268006,₹,68,Silver,13/10/2022,28/11/2022,weekly,-250,33,17,17,FOOD COURT,Hyd,Bharat,outlook.com,Android,Credit Card,2080,1,N,1
CUST101502,Aadhya Mehta,14,Other,347478,INR,37,Basic,2024-10-23,08-Feb-2026,RARELY,3082.67,9,4,5,Fashion,Bengaluru,IN,,android,Credit Card,374,4,no,0
CUST101503,Vivaan Kapoor,47,male,,INR,68,silver,2024-08-24,28/11/2025,Daily,5202.53,9,0,10,Electronic, ahmedabad , india , gmail.com ,iOS,UPI,1569,4,1,0
CUST101504,Kiara Gupta,32,MALE,475845,USD,55,Platinum,2022-02-18,2022-08-02,weekly,2219.6,0,0,0, Sports ,Ahmedabad,Bharat,hotmail.com,IOS,,1954,1,Y,0
CUST101505,Reyansh Rao,41,Male,565189,USD,59,Basic,05-Jan-2022,2024-06-10,RARELY,3048.42,6,2,4,Sports,Kolkata,India,outlook.com,IOS,,871,4,No,0
CUST101506,Pooja Sharma,40,M,350035,INR,86,Gold,22-May-2022,08/01/2024,Rarely,3496.02,2,1,0,FOOD COURT,PUNE,IN,,IOS,Wallet,435,4,Y,0
CUST101507,Ishaan Gupta,22,male,513113,Rs,66,Basic,04-Mar-2024,04-21-2026,Rarely,4503.97,7,0,7,electronics,Delhi ,India,gmail.com,IOS,Debit Card,888,1,yes,0
CUST101508,Meera Kumar,34,F,868013,₹,67, GOLD ,31/03/2021,04-24-2022,,1537.83,0,0,0,kids,Chennai,Bharat,GMAIL.COM,,Debit Card,1079,2,,0
CUST101509,Vivaan Khan,46,male,437208,INR,65,,2022-05-04,,Rarely,1930.23,9,6,3,Gaming,Bengaluru,IN, gmail.com ,Web,Wallet,872,1,N,0
CUST101510, Rahul Reddy ,31,male,607503,USD,45,silver,03/12/2023,22/04/2025,Monthly,2667.47,14,4,10,Electronic, bengaluru ,INDIA,outlook.com,android,Card,702,1,0,0
CUST101511,Reyansh Das,28,Other,404985,₹,77,Gold,08/09/2023,07/02/2024,Daily,837.28,6,2,4,Gaming,Delhi,,outlook.com,IOS,Debit Card,883,2,no,0
CUST101512,Pooja Das,25,male,462037,₹,77,silver,2024-06-19,2025-12-31, monthly ,2945.51,4,0,4,SPORTS,Mumbay,INDIA,rediffmail.com,,Cash,1962,3,no,0
CUST101513,Vivaan Verma,26,FEMALE,843439,,51,basic,20/04/2022,2023-12-19,RARELY,1774.15,18,15,3,FASHION,Pune,INDIA,hotmail.com, web , CREDIT CARD ,893,4,no,0
CUST101514,Ira Joshi,0,MALE,545375,,44,Silvr,23/04/2022,18/07/2023,Rarely,2481.19,26,18,8,BEAUTY,Chennai,IN,gmail.com,Desktop,Wallet,1099,4,Yes,0
CUST101515,Amit Joshi,50,,660874,,37,Silvr,2024-03-21,2026-05-30,Daily,3529.93,14,1,13,Electronics,Delhi,INDIA,gmail.com,Desktop,upi,1249,5,Y,0
CUST101516,Aarav Sharma,59,Other,710094,INR,60,Basic,01-Oct-2024,06-16-2025,,738.5,7,6,2,Groceries, delhi ,,hotmail.com,iOS,Cash,0,4,Yes,0
CUST101517,Vihaan Verma,,Male,370477,INR,100,PLATINUM,13-May-2023,2023-09-17,Daily,3082.46,16,1,15, Gaming , ahmedabad , india ,company.com,Android,Wallet,2342,2,No,0
CUST100294,Aarav Sinha,42,female,99999999,,66,Platinum,02-16-2022,05/05/2022,Monthly,2182.89,43,28,15,sports,Bangalore,Bharat,GMAIL.COM,IOS,Wallet,626,4,Y,1
CUST101519,Kiara Kapoor,33,Other,409839,INR,9,Platinum,05/03/2021,14-Jul-2022,Daily,2555.2,1,0,2,KIDS,Pune,,hotmail.com,android,upi,2089,5,N,1
CUST101520,Vihaan Sinha,47,female,440421,INR,64,Platinum,27/06/2025,2025-09-07,Weekly,1172.88,9,0,8,FOOD COURT,Mumbai,INDIA,yahoo.com,Desktop, CREDIT CARD ,1012,4,Y,0
CUST101521,Diya Reddy,61,MALE,1078280,INR,58,basic,02-Jul-2023,25-Oct-2025, monthly ,471.08,14,4,10, Home Decor , jaipur , india ,,Web,upi,541,5,Y,0
CUST101522,Aditya Sinha,37,M,552924,INR,17,basic,12/01/2023,2025-06-14,weekly,2765.07,0,0,1,SPORTS,Ahmedabad,India,outlook.com,Android,Cash,0,3,no,0
CUST101523,Sara Joshi,52,Male,524567,₹,66,PLATINUM,09-25-2022,11-27-2022,Monthly,787.63,18,2,15,Eletronics,Delhi,,rediffmail.com, web ,Credit Card,688,2,,1
CUST101524,Rahul Sinha,28,female,177978,₹,68,Basic,23-Oct-2021,21-Jun-2022, monthly ,2733.53,5,3,1,ELECTRONICS,KOLKATA, india ,hotmail.com,android, CREDIT CARD ,573,3,N,1
CUST101525,Meera Mehta,46,Female,591436,INR,55,silver,2023-05-09,02/09/2025,Weekly,1218.99,17,0,17, Fashion ,Mumbai, india ,gmail.com,Web,,1115,4,N,0
CUST101526,Meera Nair,,MALE,590950,,44,Basic,2022-12-08,2024-09-16,Monthly,2218.05,39,34,4,BOOKS,Mumbai, india ,hotmail.com,android,Debit Card,1701,4,No,0
CUST101527,Aarav Kapoor,32,MALE,661124,INR,76,Platinum,2023-04-20,11-04-2024,Weekly,6780.17,5,4,1,Beauty,Pune,,,Web,Debit Card,1195,5,Yes,0
CUST101528,Myra Khan,38,Female,298039,INR,24,silver,2022-01-09,20-May-2024,,5079.67,30,0,29,beauty,Ahmedabad,INDIA, gmail.com ,iOS, CREDIT CARD ,1265,11,Yes,0
CUST101529,Vivaan Singh,33,Male,573626,USD,49,Platinum,27-Feb-2023,10-19-2024,Weekly,2735.05,36,6,30,Home Decor,Jaipur,INDIA,yahoo.com,Web,UPI,1152,3,,0
CUST101530,Ananya Gupta,26,Other,1488452,Rs,100,Basic,2024-11-27,,Rarely,594.0,18,12,6,ELECTRONICS,Jaipur,India, gmail.com ,IOS,Card,1180,2,N,0
CUST101531,Krishna Nair,18,Other,1308506,USD,22,silver,04-17-2022,12-04-2023,Monthly,2434.88,19,17,2, Kids ,AHMEDABAD, india ,outlook.com,Mobile,Cash,771,5,,0
CUST100037,Vihaan Rao,21,Other,,₹,71,Silver,2025-07-25,,Weekly,626.27,32,23,9,Kids,,IN, gmail.com ,Android,upi,743,4,Y,0
CUST101533,Saanvi Verma,29,Female,374466,Rs,100,Basic,06-04-2024,01-04-2026,Monthly,1641.12,-3,0,2,HOME DECOR,NEW DELHI,Bharat,GMAIL.COM,Desktop,,0,5,Y,0
CUST101534,Sai Reddy,31,FEMALE,560617,INR,31,Basic,22/06/2025,20-Feb-2026,,3055.48,24,2,21, Fashion ,BENGALURU,IN,hotmail.com,Mobile,Debit Card,1039,5,no,1
CUST101535, Aditya Gupta ,34,,1228488,₹,49,silver,22/04/2024,10-13-2025,Daily,2115.84,2,1,1,GAMING, lucknow ,IN, gmail.com ,Desktop,Cash,1917,5,Yes,0
CUST101536,Reyansh Mishra,36,F,518001,USD,82,Gold,05-17-2025,01-May-2026,Weekly,1173.84,8,6,1, Home Decor , delhi , india , gmail.com ,Mobile,upi,807,4,,1
CUST101537,Rahul Mishra,65,Other,782034,USD,27,Silvr,05-09-2021,11-05-2021,,875.75,3,0,2,GAMING,Hyd,INDIA, gmail.com ,IOS,upi,1113,3,no,1
CUST101538,Ishaan Kumar,34,,1002125,INR,63,,2024-04-10,18/04/2026, monthly ,511.94,0,0,0,Home Decor,Mumbai,IN,company.com,IOS,Credit Card,920,1,N,0
CUST101539,Neha Rao,43,Male,911414,,76,basic,31-May-2021,10/07/2023,Rarely,6743.73,10,7,4,GAMING,Delhi ,Bharat,gmail.com,Android, CREDIT CARD ,992,4,N,0
CUST101540,Ayaan Kumar,58,male,425774,Rs,44,Gold,2022-01-31,2022-05-10,,1914.03,48,9,39,Beauty,Kolkata,IN,,Web,Cash,2107,4,yes,0
CUST101541,Aadhya Kumar,31,FEMALE,460359,₹,50,Platinum,2021-04-04,20-May-2023,Weekly,2374.42,63,24,40,SPORTS,Mumbay,India,hotmail.com,Web,UPI,666,3,Y,0
CUST101542,Aadhya Chopra,30,,967324,INR,45,PLATINUM,2021-06-12,2023-09-08,RARELY,6405.1,33,24,10,Home Decor,KOLKATA,Bharat,outlook.com,Desktop,upi,1188,1,1,1
CUST101543,Sara Patel,35,Other,1107772,Rs,67,silver,2023-06-29,25-Apr-2025,weekly,-250,45,3,42,FASHION,Ahmedabad,IN,yahoo.com,Web, CREDIT CARD ,1931,5,0,0
CUST101544,Krishna Gupta,50,MALE,629671,INR,28,Gold,29-May-2024,2024-10-04,Monthly,2286.93,12,5,7,Beauty,Delhi,Bharat,yahoo.com,Web,,0,5,,0
CUST101545,Ishaan Reddy,16,F,331685,USD,88,Gold,05-14-2023,24/06/2025,Rarely,309.71,4,1,4,BEAUTY, chenai ,IN,rediffmail.com,Desktop,Wallet,792,3,yes,0
CUST101546,Aarav Joshi,23,Other,663862,INR,54,PLATINUM,01/04/2021,12-Apr-2023,RARELY,431.39,4,2,3,Books,Pune,,rediffmail.com,android,Debit Card,2922,1,yes,0
CUST101547,Reyansh Sharma,29,M,1196476,,72,Gold,16/07/2022,08-18-2023, monthly ,5825.94,55,39,15,Home Decor, ahmedabad ,India,rediffmail.com,Mobile,Wallet,1035,3,Yes,0
CUST101548,Krishna Reddy,20,M,894269,,82,Basic,2024-08-09,22-Aug-2025,Rarely,4687.1,21,17,4,Books, ahmedabad ,India,rediffmail.com,Android,UPI,1314,2,yes,0
CUST101549,Ishaan Mishra,6,Female,373598,₹,82,Gold,2022-07-24,27-Jul-2024,Weekly,977.67,16,2,15, Food Court ,Mumbay, india ,company.com,IOS,Credit Card,527,4,1,1
CUST101550, Sai Rao ,47,male,619061,INR,49,Gold,05-19-2024,2024-07-11,Daily,2347.38,29,15,14,FASHION,JAIPUR,, gmail.com ,android,upi,2678,3,No,1
CUST101551,Diya Mehta,50,female,498119,USD,84,basic,2025-04-08,30/04/2025,Monthly,951.27,0,0,0,Home Decor,Pune, india , gmail.com ,Web,,1343,1,No,0
CUST101552,Ira Kapoor,35,male,658814,INR,58,PLATINUM,02-23-2025,03-09-2026,Monthly,2415.39,20,18,2,gaming,KOLKATA, india ,, web ,Card,1087,2,yes,0
CUST101553,Pooja Sharma,40,Male,1143244,INR,39,,2024-01-14,13-Apr-2024, monthly ,2116.29,7,0,7,Electronics,Mumbay,Bharat,,Desktop,UPI,1735,4,No,
CUST101554,Meera Khan,39,Male,588553,,72,Silver,03-May-2023,2024-03-14,Weekly,2060.49,,15,25, Electronics ,AHMEDABAD,INDIA, gmail.com ,iOS,UPI,1540,1,,0
CUST101555,Diya Kumar,46,female,962182,₹,58,basic,2023-07-02,20-Jul-2025,Monthly,2102.22,46,19,28,food court,Delhi,IN,yahoo.com,Android,UPI,795,,,0
CUST101549,Priya Patel,34,male,467302,,66, GOLD ,30-May-2023,12-29-2023,Daily,1154.86,67,16,52, Fashion , Hyderabad ,India,rediffmail.com,IOS,Cash,11,5,N,0
CUST101557,Vihaan Sinha,31,F,1063181,INR,61,Gold,11/04/2025,16/06/2026,Monthly,1652.54,5,0,5,GAMING,Hyd,,hotmail.com,Desktop,UPI,517,2,0,0
CUST101558, Amit Sinha ,46,FEMALE,303058,USD,62,silver,26/04/2025,12-01-2025, monthly ,3712.75,28,17,12,BEAUTY, ahmedabad , india ,yahoo.com,Desktop,UPI,1369,4,N,1
CUST101559,Myra Gupta,40,Other,522894,₹,1,basic,06-06-2022,23/08/2023,Rarely,2448.32,46,14,32,Eletronics, bengaluru , india ,hotmail.com,,Credit Card,687,1,yes,0
CUST101560,Vivaan Reddy,35,male,1278822,INR,76,Basic,07-Apr-2022,28-Apr-2024,weekly,3595.08,40,34,5,ELECTRONICS,Bangalore,,rediffmail.com,IOS,Debit Card,418,4,yes,0
CUST101561,Krishna Iyer,21,Other,790821,INR,26,silver,07-28-2022,24/04/2024,weekly,1163.04,56,28,28,BEAUTY,PUNE,India, gmail.com , web ,Cash,503,2,yes,0
CUST101562,Reyansh Singh,19,Other,489526,INR,24,Platinum,07-30-2023,06-29-2025,Monthly,1099.98,33,17,15,Beauty, chenai ,IN,rediffmail.com,Web,upi,635,1,Yes,0
CUST101563,Vivaan Reddy,13,Other,1475809,USD,66,PLATINUM,2025-07-11,2025-09-21,,911.52,30,6,23,fashion,Lucknow,Bharat,hotmail.com,Desktop,Debit Card,1180,1,N,0
CUST101564,Sai Nair,43,female,402342,INR,51,,02-16-2024,2025-08-05,Weekly,737.7,10,3,7, Electronics ,NEW DELHI, india ,gmail.com,Mobile,UPI,2175,4,Y,0
CUST101565,Aadhya Rao,39,MALE,451444,₹,40,Basic,28/04/2024,2026-01-19,,2889.42,3,0,3, Food Court ,Hyderbad,IN,company.com,Web,,1673,1,0,0
CUST101566,Krishna Kapoor,33,Female,768343,,37,basic,12-24-2021,13-Jul-2022,Rarely,1754.85,0,0,0,books,Ahmedabad,Bharat,,android, CREDIT CARD ,1553,2,yes,0
CUST100649,Vivaan Gupta,11,F,1178131,Rs,84,Silvr,2021-12-11,02-Apr-2022,Rarely,878.07,31,29,3,Electronics,Bangalore,INDIA,hotmail.com,iOS,Wallet,1170,2,N,0
CUST101568, Amit Khan ,56,FEMALE,1053194,,59,Silver,13-Feb-2025,,Daily,1838.98,4,0,4,Sports,Delhi,,rediffmail.com, web ,Credit Card,293,2,No,0
CUST101569,Ananya Chopra,47,female,380654,Rs,81,Silvr,08/03/2023,03-Apr-2025,Monthly,4233.57,27,12,16, Fashion , lucknow ,INDIA,company.com,Android,Wallet,1493,4,1,0
CUST101570,Vivaan Sinha,27,F,708460,INR,64,Platinum,2024-04-04,22/05/2024,weekly,661.23,41,21,20,GROCERY, bengaluru ,Bharat,outlook.com,Android,upi,807,5,No,0
CUST101571,Reyansh Nair,38,M,1747315,INR,43,PLATINUM,23-Mar-2025,2025-07-20,RARELY,564.93,4,2,2,Groceries,Hyderbad,Bharat,outlook.com, web , CREDIT CARD ,743,3,No,0
CUST101572,Amit Sinha,23,Female,460949,Rs,79,Gold,2023-08-14,26/12/2024, monthly ,1645.31,0,0,0,fashion,Bangalore,IN,rediffmail.com, web , CREDIT CARD ,1438,2,N,0
CUST101573,Krishna Mehta,30,M,499461,USD,58,Gold,2021-02-16,2022-03-09,weekly,1329.27,6,4,1,beauty,Ahmedabad,IN,gmail.com,Web,Cash,1256,5,No,0
CUST101574,Vihaan Verma,36,M,923363,,55, GOLD ,03-09-2024,26/06/2026,Monthly,5329.65,22,21,2,GAMING,Lucknow,Bharat,company.com,iOS,Cash,0,3,No,0
CUST101575,Ishaan Nair,,F,1213410,,70,Basic,2024-04-23,10-Mar-2026,RARELY,1047.02,31,3,28,HOME DECOR,KOLKATA, india ,company.com,IOS,UPI,1756,4,Yes,0
CUST101576,Reyansh Mehta,22,MALE,321129,Rs,32,Platinum,15-Mar-2023,05/11/2024,RARELY,979.82,-3,5,16,KIDS,AHMEDABAD,India,yahoo.com, web ,Debit Card,1623,4,Y,0
CUST101577,Saanvi Kumar,37,M,685631,,60,Silvr,02/12/2022,10-07-2024,RARELY,1059.64,24,16,8,Home Decor,JAIPUR,INDIA,GMAIL.COM,android,Credit Card,882,2,0,0
CUST101578,Riya Rao,29,female,506989,,9,Platinum,01-Feb-2024,2026-05-16,Rarely,,25,21,5, Food Court , jaipur ,Bharat,gmail.com,, CREDIT CARD ,2253,4,no,0
CUST101579,Meera Mishra,37,Male,320678,INR,43,Silver,14/06/2024,02-Oct-2024,RARELY,1143.99,21,3,18,FOOD COURT, delhi ,INDIA,rediffmail.com, web ,upi,697,2,0,0
CUST101580,Riya Verma,34,Male,1294427,INR,64,Basic,11/10/2022,2023-09-30,Daily,1545.11,34,0,34,electronics,Chennai,INDIA,,IOS,Wallet,1469,2,0,0
CUST101581,Diya Kapoor,28,Male,327977,USD,29,Silver,18/04/2024,12-22-2024,Monthly,2034.62,50,34,15,FASHION,Delhi,Bharat,company.com,android,Debit Card,943,5,yes,0
CUST101582,Kiara Chopra,53,M,714164,INR,68,,14/01/2025,21/09/2025,Daily,2525.9,5,1,4,Kids, bengaluru ,Bharat, gmail.com ,iOS,upi,1105,5,,0
CUST101583,Pooja Iyer,27,FEMALE,1263550,INR,95,basic,2021-10-15,04-11-2023,weekly,1732.0,9,3,7,GROCERY,KOLKATA,IN,gmail.com,IOS,Credit Card,777,3,0,1
CUST101584,Aditya Kumar,36,M,768999,₹,10,Silvr,2023-09-27,27/10/2025,weekly,1836.38,20,4,15, Fashion ,AHMEDABAD,India,company.com,Android,Wallet,1583,1,Y,1
CUST101585,Priya Kapoor,46,Male,858231,INR,52,basic,2025-01-26,2026-03-01,weekly,702.55,7,3,4,food court,CHENNAI,IN, gmail.com ,iOS,Cash,0,3,N,1
CUST101586,Vihaan Rao,23,MALE,611491,Rs,47,Gold,2021-06-10,04/09/2022,Rarely,3695.92,4,1,3,food court, ahmedabad ,India,company.com,,Credit Card,1641,4,,0
CUST101587,Sai Sinha,24,M,332401,Rs,100,Gold,08-27-2024,03-Jun-2026, monthly ,2501.32,13,4,9, Home Decor , mumbai , india ,gmail.com,Desktop,upi,382,5,no,0
CUST101588,Ananya Sharma,35,male,1931125,INR,33,Platinum,31-Oct-2021,2022-08-12,Weekly,758.07,7,1,6,kids,Mumbay, india ,outlook.com,iOS,Cash,1046,2,Y,0
CUST101589,Aarav Kumar,0,,294766,INR,39,Gold,21-Aug-2023,04/02/2025,Daily,1754.68,7,3,4,sports,Pune,INDIA,yahoo.com,Desktop,,448,3,,0
CUST101590,Aarav Nair,32,female,507755,INR,37,Gold,07-Sep-2021,2023-08-26,weekly,6869.89,0,0,0,grocery,Kolkata,Bharat,gmail.com,,Wallet,772,5,,0
CUST101591,Pooja Das,51,female,599990,INR,58,Platinum,21-Jan-2023,13/03/2025,RARELY,1168.43,12,10,2,books,KOLKATA, india , gmail.com ,android,,964,2,No,1
CUST101592,Arjun Singh,29,F,831091,Rs,50,,15/03/2024,2025-07-24,Daily,3400.99,41,26,15,Eletronics, chenai ,IN,gmail.com,Android,upi,1127,4,Yes,0
CUST101593,Saanvi Sharma,54,M,1045712,INR,62,Basic,12-May-2022,25/11/2023,Monthly,250.74,19,9,11,HOME DECOR,Bangalore,Bharat,gmail.com,, CREDIT CARD ,892,3,Y,1
CUST101594,Myra Singh,12,Female,,₹,70,Silver,2023-10-13,2026-03-11,RARELY,4735.47,7,0,8,Food Court,Bangalore,,rediffmail.com,IOS,UPI,904,5,No,0
CUST101595,Sai Iyer,23,,,INR,62,Basic,24-Jan-2021,02-11-2022,,1332.49,4,2,1,BEAUTY,Chennai,India, gmail.com ,Mobile, CREDIT CARD ,858,0,0,0
CUST101596,Vivaan Nair,56,,928006,INR,14,PLATINUM,2021-12-21,11-Dec-2023,,9901.62,5,4,1, Electronics ,HYDERABAD, india ,GMAIL.COM,IOS,,1992,2,yes,0
CUST101597,Aadhya Kumar,55,Male,206894,INR,1,PLATINUM,13-Dec-2021,30-Jun-2023,,2543.17,16,0,16,GROCERY,Hyd, india ,company.com,Web,Debit Card,846,3,No,0
CUST101598,Ira Mishra,16,FEMALE,1465221,INR,78,silver,28/02/2022,12-31-2022,Rarely,1457.23,7,3,5, Sports ,KOLKATA,IN,GMAIL.COM,Android,Wallet,1256,5,N,0
CUST101599,Arjun Rao,13,Male,763892,₹,87,Platinum,2021-10-16,25/01/2023,,2886.75,24,14,9,fashion,Hyderabad,INDIA, gmail.com ,Android,Cash,1284,5,no,0
CUST101600, Saanvi Das ,41,F,1245756,Rs,58,Gold,16/10/2022,13-Apr-2023,Monthly,991.42,41,3,37,Electronics,Jaipur, india ,gmail.com,Mobile, CREDIT CARD ,1250,5,0,0
CUST101601,Sai Sinha,,Female,736475,INR,45,basic,04-Apr-2021,07-07-2023,Daily,1675.83,7,1,6,Kids,Kolkata,IN,outlook.com,Android,Cash,1259,2,yes,0
CUST101602,Aditya Reddy,45,MALE,6065526,Rs,41,Basic,2024-01-27,2025-05-11,Daily,1175.97,12,8,3,BOOKS,BENGALURU,Bharat,gmail.com,Android,upi,2196,1,,1
CUST101603,Ananya Joshi,17,F,308555,INR,76,Gold,20-Jan-2025,23/01/2026,,858.53,29,7,23, Kids ,Jaipur,India,,Web,Card,1655,5,N,0
CUST101604,Saanvi Sinha,27,male,820797,,68,PLATINUM,09-Jun-2024,2025-06-15,RARELY,4389.23,21,14,8,Kids,Jaipur,India, gmail.com ,iOS,Credit Card,702,1,N,0
CUST101605,Aarav Patel,23,female,1151309,USD,21,,25/11/2024,05-24-2026,Rarely,3748.29,15,14,2,Fashion,Mumbai,Bharat, gmail.com ,Desktop,UPI,278,1,Y,0
CUST101606,Ishaan Kumar,40,FEMALE,480423,,63,Basic,08-Apr-2021,30/06/2021,,4264.44,46,18,28,SPORTS,Lucknow, india ,gmail.com, web ,,1908,1,No,0
CUST101607,Kiara Nair,26,Male,978858,INR,46,basic,08/07/2023,16-Apr-2024,Weekly,4916.72,23,22,2, Food Court ,Kolkata,INDIA,hotmail.com,android,Cash,2255,0,1,0
CUST101608,Aarav Iyer,40,,435117,INR,95,PLATINUM,06-19-2023,2023-11-20,Rarely,3060.86,7,0,7,Gaming, pune ,India, gmail.com ,android,Cash,312,2,Yes,0
CUST101609,Ishaan Mishra,47,F,1715864,INR,11,PLATINUM,01/11/2023,11-Sep-2024,Weekly,741.3,0,0,0, Books ,Delhi,INDIA,yahoo.com,Mobile,Wallet,0,4,No,1
CUST101610,Kiara Nair,39,Other,638439,Rs,82,Silvr,04-Aug-2024,23-Feb-2025,weekly,1483.5,45,19,26, Food Court , Calcutta ,Bharat, gmail.com ,android,Wallet,1106,2,Yes,0
CUST101611,Aarav Sharma,28,Female,,Rs,74,,2021-12-28,09-25-2023,Weekly,1225.2,30,5,26, Kids ,HYDERABAD,IN,GMAIL.COM,Desktop,Debit Card,2597,4,no,0
CUST101612,Aditya Kapoor,24,female,1,₹,100, GOLD ,13/10/2023,07-05-2024, monthly ,2655.28,32,10,22, Fashion ,Ahmedabad,INDIA,outlook.com,,,105,4,1,0
CUST101613,Aarav Das,46,,1442924,USD,48,,31/12/2022,2023-05-16,Weekly,5443.54,37,18,20,SPORTS,JAIPUR,INDIA,GMAIL.COM,Desktop,Card,1091,2,,0
CUST101614,Ishaan Das,36,Other,1342721,USD,77,Gold,2023-12-17,15-Jun-2025,Rarely,5122.59,8,1,7,books, ahmedabad ,, gmail.com ,Mobile,Credit Card,1360,2,N,0
CUST101615,Aarav Reddy,35,Female,397446,INR,36,PLATINUM,23/09/2024,2026-03-31,RARELY,1431.76,3,2,1,kids,Ahmedabad,IN,GMAIL.COM,Android, CREDIT CARD ,925,1,1,0
CUST101616,Priya Mehta,47,M,337547,INR,42,Platinum,15/09/2023,11-23-2025,RARELY,1807.35,7,5,2,sports,Hyderbad, india ,yahoo.com,android,Cash,0,3,0,0
CUST101617,Aadhya Verma,35,,491324,INR,39,Basic,24-Feb-2023,03-28-2025,Rarely,530.68,4,2,3,BEAUTY,LUCKNOW,IN,rediffmail.com,Web,Credit Card,1061,4,0,0
CUST101618,Meera Mishra,35,,551756,INR,11,silver,27-Sep-2024,07-Feb-2026,Daily,869.8,11,10,2, Books ,Hyd,,yahoo.com,IOS,Wallet,384,4,N,0
CUST101619,Ananya Iyer,27,male,513042,USD,65,Gold,01/03/2021,01-28-2022,,3699.76,12,1,11,sports, lucknow ,Bharat,hotmail.com,IOS,upi,872,1,1,1
CUST100460,Amit Joshi,49,FEMALE,540090,Rs,37,PLATINUM,2025-07-09,2026-03-28,weekly,3180.8,7,4,3,HOME DECOR,MUMBAI,IN,outlook.com,IOS, CREDIT CARD ,1387,4,0,0
CUST101621,Kiara Mehta,34,Other,463896,Rs,30,Silvr,22/01/2021,03/11/2021,,1443.18,5,4,0,sports, Calcutta ,India,GMAIL.COM,Android, CREDIT CARD ,681,3,0,1
CUST101622,Priya Iyer,15,Other,836537,,45,Silvr,24-Jun-2022,01-08-2024,Rarely,370.14,10,2,7,Fashion, chenai ,INDIA,outlook.com,,Credit Card,855,3,,1
CUST101623,Priya Mehta,33,MALE,1184551,₹,89,Silvr,08-01-2022,2023-07-16,Rarely,1195.41,8,6,2,food court,Delhi ,IN,hotmail.com,,,1904,1,0,0
CUST101624,Sara Iyer,20,male,1027764,INR,100,Platinum,03-09-2021,05/09/2022,Rarely,1796.14,38,22,17,books,Mumbay,India,outlook.com,iOS,Wallet,1143,5,Yes,0
CUST101625,Ananya Gupta,32,Female,717932,₹,23,Silvr,09-03-2024,16/04/2026, monthly ,-250,10,1,9,HOME DECOR,Bengaluru,India,,IOS,Cash,1581,5,N,0
CUST101626,Rahul Sharma,36,male,,Rs,82, GOLD ,08/05/2023,11-22-2023,RARELY,2836.26,13,1,12,SPORTS, ahmedabad ,Bharat,rediffmail.com,Web,Debit Card,2264,5,no,0
CUST101627, Diya Joshi ,33,F,,INR,32,Platinum,14-Jul-2024,,weekly,1383.75,19,3,17,Groceries,PUNE,,company.com,Desktop,upi,1930,4,no,0
CUST101628,Pooja Singh,26,female,,INR,28,basic,07-31-2021,09-30-2021,Weekly,2249.35,3,1,1, Sports ,CHENNAI,Bharat,yahoo.com,,Cash,1428,3,0,
CUST101629,Priya Kumar,20,male,154193,,74,basic,2024-01-26,20/06/2026,Rarely,4779.06,36,33,3,Food Court,Bangalore,IN,company.com,Android,Wallet,377,5,,0
CUST101630,Reyansh Das,34,Female,781611,₹,68,Silver,06/11/2021,,Rarely,3054.57,13,3,11, Food Court ,AHMEDABAD,IN, gmail.com ,iOS, CREDIT CARD ,842,5,Yes,0
CUST101631,Saanvi Kapoor,68,Other,340460,INR,50,basic,2022-12-04,16/07/2023,weekly,6194.63,3,0,2,electronics, Calcutta ,Bharat,yahoo.com,android, CREDIT CARD ,1726,4,,0
CUST101632,Rahul Joshi,28,male,459232,Rs,1, GOLD ,11-05-2023,18/01/2026,Rarely,5901.6,23,13,10,BEAUTY,Ahmedabad,IN,yahoo.com,iOS,Cash,2112,1,Y,0
CUST101633,Krishna Rao,46,male,380786,INR,53,,30/11/2021,2022-09-20,weekly,1515.84,63,29,34,GAMING,Hyderabad,India,GMAIL.COM,,Debit Card,1682,3,Y,0
CUST101634,Priya Reddy,47,Other,950455,₹,51,Silver,2021-09-05,28-Jan-2024,Weekly,607.62,8,3,5, Books ,Delhi ,IN,outlook.com,iOS,Cash,232,3,No,1
CUST101635,Priya Sharma,38,F,1350838,,20,,25/04/2022,12/09/2023,,3677.84,42,17,25, Fashion , jaipur ,India,gmail.com,IOS,Card,1847,4,1,0
CUST101636,Ayaan Singh,53,M,600162,₹,61,silver,11-02-2022,2024-09-08,Weekly,2473.67,37,17,19,food court, chenai ,INDIA,hotmail.com,Web,Credit Card,1947,2,yes,0
CUST101637,Amit Kapoor,35,Male,676412,,43,PLATINUM,2023-10-04,12-09-2024,Daily,1218.09,21,4,16,FOOD COURT, delhi ,,hotmail.com,android,upi,1317,2,,0
CUST101638,Priya Rao,35,female,1410009,INR,53,PLATINUM,05-14-2023,2023-06-05,Monthly,2665.0,1,0,2,Food Court,Pune, india ,outlook.com,Desktop,UPI,545,4,yes,0
CUST101639,Meera Verma,43,Other,737975,INR,44, GOLD ,2025-03-06,13-Mar-2025,weekly,540.66,2,1,0,Kids,Mumbay,India,hotmail.com,Android,Cash,1350,5,0,0
CUST101640, Rahul Gupta ,19,FEMALE,512479,INR,59,basic,2021-03-18,,Rarely,3388.0,4,0,4,electronics,JAIPUR,IN,hotmail.com,iOS,,1725,1,,1
CUST101641,Ira Kapoor,36,male,403608,Rs,85,Gold,27/09/2023,2024-11-23,Rarely,1296.88,6,2,4, Food Court , mumbai ,IN,GMAIL.COM,iOS,Wallet,709,4,0,0
CUST101642,Pooja Khan,21,Other,260290,INR,49,Silver,11-20-2023,12/07/2025, monthly ,3050.57,61,22,39, Fashion , hyderabad ,Bharat, gmail.com ,iOS,upi,670,2,Y,0
CUST101643,Rahul Joshi,21,female,439483,₹,48,PLATINUM,02-02-2024,15/08/2025,Monthly,3427.98,4,1,2, Home Decor ,Pune,IN, gmail.com , web , CREDIT CARD ,715,5,N,0
CUST101644,Ishaan Sinha,11,male,306919,INR,66,PLATINUM,2022-01-16,05-09-2023,Daily,1561.97,5,3,2,Groceries, ahmedabad ,India,outlook.com,Desktop,UPI,1147,4,,0
CUST101645,Neha Patel,63,Female,616454,₹,63,Platinum,01-Jan-2023,2024-11-20,weekly,2728.78,51,25,26, Grocery ,Hyderbad,India,hotmail.com,,Debit Card,830,5,yes,1
CUST101646,Aditya Chopra,49,Female,1193072,USD,44,Platinum,31-May-2023,05-Jun-2025,,2199.56,10,5,5, Fashion ,Mumbai,IN,hotmail.com,android,Card,432,5,0,0
CUST101647,Ananya Mishra,40,,449091,,51,silver,08/09/2024,31-May-2026,Rarely,1248.54,3,1,1,electronics,PUNE,Bharat,yahoo.com,Web,Cash,1886,5,yes,1
CUST101648,Neha Patel,51,male,512952,INR,80,,01-15-2024,2024-06-14,Rarely,1134.56,5,3,1,Eletronics,Bangalore, india ,GMAIL.COM,Web,,2216,3,N,0
CUST101649, Aadhya Reddy ,23,Female,562746,INR,63,silver,09-Jun-2024,2024-09-26,,1269.42,5,4,2,Groceries,Mumbai,India,outlook.com,Mobile,Credit Card,321,4,No,0
CUST101650,Ira Kapoor,24,MALE,816723,INR,49,PLATINUM,01-Apr-2025,2026-05-12,RARELY,1449.41,41,11,29,grocery,LUCKNOW,IN,rediffmail.com,Android, CREDIT CARD ,1258,1,N,1
CUST101651,Amit Das,38,MALE,1324654,USD,100,Silvr,2023-08-21,07/11/2023,Daily,4395.34,6,1,4,Gaming,CHENNAI,Bharat,company.com,iOS,UPI,1500,1,Yes,0
CUST101652,Aarav Reddy,37,MALE,1379766,INR,78,Silvr,05-28-2023,2024-02-15,Monthly,1568.81,22,3,20,sports,Delhi,Bharat,, web ,Credit Card,1536,1,Y,0
CUST101653,Vihaan Sharma,41,F,1037283,Rs,51, GOLD ,31/07/2023,2024-02-26,Weekly,-250,22,17,5,Grocerry,PUNE,Bharat,rediffmail.com,,Card,929,2,1,0
CUST101654, Kiara Mishra ,32,Male,847955,INR,57,Silvr,12-16-2022,08-Jan-2023,weekly,811.09,2,0,2,Eletronics,Lucknow,Bharat,outlook.com,Web,Cash,999999,5,No,0
CUST101655,Reyansh Sinha,20,Other,628136,INR,1,PLATINUM,07-Nov-2021,24-Dec-2021,,2578.6,25,7,17,gaming,CHENNAI,Bharat,,Desktop,upi,,5,yes,0
CUST101656,Rahul Kapoor,35,female,340770,INR,47, GOLD ,2024-13-01,2024-08-08,Daily,1368.27,21,15,6, Fashion , lucknow , india ,hotmail.com,Mobile, CREDIT CARD ,1299,2,,1
CUST101657,Meera Chopra,38,Other,918963,₹,74,Silvr,19-Jun-2022,09/05/2024,Weekly,2414.48,21,12,9,electronics, delhi , india ,company.com,IOS,Cash,2562,1,no,0
CUST101658,Amit Verma,44,M,560540,USD,20,Silver,31-Jul-2021,19/09/2021,,4688.34,7,4,3,fashion, lucknow ,INDIA,outlook.com,IOS,Cash,816,5,N,1
CUST101487,Ishaan Khan,38,M,2341279,INR,33,,12-03-2023,11/06/2025,RARELY,806.35,2,1,1,FOOD COURT, jaipur ,India,company.com,Web,Cash,0,3,,1
CUST101660,Sai Khan,25,Male,231231,Rs,37,basic,2025-06-11,,Monthly,1556.74,11,5,6,SPORTS,Delhi,INDIA,gmail.com,Web,Debit Card,1980,3,Yes,1
CUST101661,Aditya Kapoor,14,FEMALE,1210638,Rs,67, GOLD ,2025-06-13,13-Jun-2025,Weekly,2480.8,27,17,10,fashion,Delhi , india ,GMAIL.COM,,Credit Card,2034,4,N,0
CUST101662,Rahul Reddy,27,Other,543770,INR,77,Basic,24-Jan-2021,24/06/2023,,1555.54,46,32,14, Food Court ,Delhi,,GMAIL.COM,IOS,Card,1555,1,yes,
CUST101663,Krishna Sharma,30,F,459174,₹,58,silver,2021-10-13,26-Jan-2024,weekly,4285.1,2,0,2,Food Court, hyderabad ,,gmail.com,Web,Card,679,4,Yes,0
CUST101664,Arjun Reddy,26,Male,283821,,42,Silvr,07/10/2024,26-Aug-2025, monthly ,1592.94,16,14,1,BOOKS, delhi , india ,outlook.com,,Credit Card,1558,4,N,0
CUST101665,Rahul Sinha,25,male,379718,INR,92,basic,2025-04-15,25/09/2025,RARELY,-250,4,0,3,Electronics,JAIPUR, india , gmail.com ,Web,Card,868,5,1,1
CUST101666,Myra Mishra,,Other,187607,,39,Gold,02-01-2021,10-15-2021,Rarely,571.24,30,23,7,Sports,Bengaluru,IN,GMAIL.COM,,UPI,1786,3,,0
CUST101667,Kiara Iyer,55,female,189105,Rs,65,basic,11-19-2021,, monthly ,642.77,28,5,24,fashion,Jaipur, india ,,Android,Card,1978,5,no,1
CUST101668, Sara Mishra ,33,male,2026533,INR,70,Basic,2022-08-14,12-28-2022,weekly,2626.8,48,8,40,Home Decor,Bangalore,INDIA,hotmail.com,iOS,Cash,1554,4,,0
CUST101669,Aadhya Mehta,42,Other,591748,INR,43,silver,25/04/2023,25/03/2025,Monthly,-250,10,0,10,sports, hyderabad ,India, gmail.com ,Desktop,,779,1,N,0
CUST101670,Rahul Kapoor,33,female,829617,USD,47,PLATINUM,23-Jun-2021,2022-10-15,Monthly,4471.89,12,7,4, Sports , mumbai ,,GMAIL.COM,IOS,Credit Card,1128,3,,0
CUST101671,Aditya Nair,28,,1135071,INR,100,PLATINUM,2021-01-29,11/04/2023,Daily,2739.6,16,2,13,sports,Ahmedabad,,GMAIL.COM, web , CREDIT CARD ,1100,4,yes,0
CUST101672,Amit Mishra,53,FEMALE,267585,Rs,49,silver,2023-07-10,08-12-2023,Monthly,1538.63,15,6,9,Fashion,Delhi ,,GMAIL.COM,Web,Debit Card,1539,2,Y,0
CUST101673,Arjun Sinha,35,female,825646,INR,64,Silvr,01-02-2024,04-06-2024,weekly,1655.22,7,0,7,beauty,Jaipur,Bharat,outlook.com,Desktop,Credit Card,809,1,,0
CUST101674,Vivaan Verma,31,Other,1667153,₹,35,basic,06/09/2021,,,2144.87,22,3,18,SPORTS, chenai ,IN,gmail.com,iOS, CREDIT CARD ,781,4,yes,0
CUST101675,Amit Chopra,40,,1147855,INR,68, GOLD ,09-Jun-2022,15-Aug-2022,weekly,1711.95,9,8,2,home decor,Kolkata,INDIA,rediffmail.com, web ,Debit Card,1165,3,yes,0
CUST101676,Amit Kapoor,39,Other,1121314,₹,41,Basic,2023-11-26,09-Dec-2024,,6616.84,5,3,2,ELECTRONICS,AHMEDABAD,Bharat,outlook.com,,,999999,1,1,1
CUST101677,Riya Verma,28,M,1031440,INR,72,Basic,05-14-2021,2023-02-15,RARELY,984.73,59,10,50,Grocery,Hyd,India,yahoo.com,android, CREDIT CARD ,54,3,1,0
CUST101678,Amit Chopra,37,MALE,897438,INR,46, GOLD ,11-24-2023,08-30-2025,weekly,946.83,13,2,11, Gaming ,Mumbai,,GMAIL.COM,Mobile,upi,2358,4,No,1
CUST101679,Aarav Singh,31,Other,452477,USD,71,Gold,06-06-2023,17/12/2024,weekly,1705.53,15,3,12, Home Decor , hyderabad ,India,,Mobile,,1920,4,Y,0
CUST101680,Meera Das,31,female,678484,INR,52,Basic,2021-07-11,01/11/2021, monthly ,3354.04,43,16,27,sports,Kolkata,IN,rediffmail.com,Android,Credit Card,1812,1,No,1
CUST101681,Sai Patel,31,female,1338973,,50,,07-Dec-2023,03-11-2026,weekly,2989.11,16,3,13,electronics, Calcutta , india ,gmail.com,IOS,Card,461,5,yes,1
CUST101682,Arjun Gupta,45,Male,602204,₹,38,,07/07/2022,03-28-2023,RARELY,1960.9,18,16,3,BOOKS,Delhi,,company.com, web ,upi,1323,3,Yes,1
CUST101683,Myra Patel,32,MALE,687996,INR,95,,15-Mar-2023,08-19-2025,Daily,1086.22,4,3,0, Fashion ,Ahmedabad,INDIA, gmail.com ,iOS,Debit Card,353,4,0,0
CUST101684,Pooja Nair,29,,373681,INR,43,PLATINUM,13-Mar-2021,2023-05-14,Weekly,1334.98,18,15,2,ELECTRONICS, jaipur ,INDIA,gmail.com,Mobile,upi,2061,11,yes,0
CUST101685,Ishaan Iyer,23,Male,1,INR,46,silver,2021-11-25,06-20-2023,Monthly,927.21,1,0,0, Kids , pune ,INDIA,rediffmail.com,Android, CREDIT CARD ,,4,yes,0
CUST101686,Ayaan Verma,34,F,620957,INR,78,Gold,01/09/2021,03-Nov-2022, monthly ,3606.13,2,0,2,FOOD COURT,PUNE,IN,GMAIL.COM,Desktop,,2839,1,Y,0
CUST101687,Kiara Iyer,42,MALE,700144,₹,73,,15-Jul-2023,2025-11-28,RARELY,5029.81,11,2,9,SPORTS,Lucknow,INDIA,gmail.com,android,upi,358,4,N,1
CUST101688,Aadhya Joshi,21,Female,990969,Rs,43, GOLD ,06-01-2023,21/12/2023,Daily,1184.95,13,12,1,Fashion,Jaipur,,gmail.com,iOS, CREDIT CARD ,842,1,yes,1
CUST101689,Priya Mishra,65,Female,1392669,₹,65,silver,2022-05-16,2024-09-24,Rarely,1654.11,2,0,1,Groceries, pune , india ,company.com, web , CREDIT CARD ,1414,5,Yes,1
CUST101690,Vihaan Iyer,32,FEMALE,504811,USD,61, GOLD ,13/11/2021,19/01/2024,Rarely,5153.51,1,0,1,SPORTS,Delhi,Bharat,company.com,Web,Wallet,1621,4,yes,0
CUST101691,Ishaan Mehta,10,MALE,826940,Rs,47,Basic,02-Oct-2024,01-09-2026,Daily,,6,2,4,Books,Pune,Bharat,outlook.com,IOS,UPI,1636,1,no,0
CUST101692,Vivaan Sharma,180,F,1570508,Rs,60,Silvr,04-19-2021,05-26-2023, monthly ,1568.26,6,2,4,GAMING, mumbai , india , gmail.com , web ,UPI,1693,2,Y,0
CUST101693,Sara Chopra,40,,309210,INR,24,Silvr,27-Mar-2024,2025-08-04,RARELY,5502.75,12,6,6,SPORTS, mumbai ,Bharat, gmail.com ,Desktop,Cash,1569,2,1,0
CUST101694,Neha Kapoor,,,1538577,,39,Silver,10-04-2022,2024-01-15,Monthly,2348.0,20,0,21,Grocerry,MUMBAI,INDIA,,Mobile,UPI,2225,3,0,0
CUST101695,Pooja Nair,44,Other,604216,Rs,27,,12-14-2024,03-30-2025,RARELY,1513.48,28,18,10,HOME DECOR,Lucknow, india ,,android,UPI,613,1,,1
CUST101696,Vihaan Chopra,36,Male,470208,INR,31,basic,09-16-2024,05-15-2026,Weekly,4597.58,7,1,6,Food Court,JAIPUR,Bharat,GMAIL.COM,Mobile,Wallet,1270,1,0,1
CUST101697,Rahul Sharma,48,Other,454197,INR,78,Silver,2021-05-05,27-Sep-2021,Monthly,4777.04,32,24,8,GROCERY,Jaipur, india ,hotmail.com, web ,upi,0,4,No,0
CUST101698,Rahul Sharma,49,F,-50000,INR,56,Basic,13-Jan-2023,16/08/2024,Monthly,1103.01,18,12,6,books,Chennai,INDIA,company.com,IOS,upi,1093,2,No,0
CUST101699,Aadhya Nair,18,Male,457618,INR,78,Silver,29-May-2022,15/04/2023,weekly,866.25,34,2,33,Grocerry,CHENNAI,India,gmail.com,,Credit Card,1032,4,1,0
CUST101700,Rahul Khan,17,Female,800789,USD,34,,02/05/2022,02-04-2023,Weekly,2236.95,18,3,15,electronics,CHENNAI,,rediffmail.com,IOS,Debit Card,251,5,1,0
CUST101701,Ananya Verma,38,M,908802,INR,80,PLATINUM,04-21-2021,05-25-2021,weekly,2272.67,1,0,2,Gaming,KOLKATA,,,Web,Card,1552,5,N,0
CUST101702,Reyansh Sinha,46,Female,340766,,33,,09/04/2021,08-06-2021,Monthly,996.06,3,0,4,grocery,Mumbay,India,GMAIL.COM,Web,UPI,,4,0,1
CUST101703,Pooja Mishra,39,Female,641703,₹,21, GOLD ,2024-05-22,03-26-2025,Weekly,2786.31,21,14,7,ELECTRONICS,KOLKATA,India,,IOS,UPI,1214,3,Y,0
CUST100340,Myra Mishra,27,MALE,230455,USD,53,Silver,11-10-2021,18-Feb-2022,,3455.16,14,11,3,HOME DECOR,AHMEDABAD,IN,rediffmail.com,android, CREDIT CARD ,2410,1,Yes,0
CUST101705,Reyansh Gupta,30,F,279044,₹,37,Basic,17/10/2023,2025-02-13, monthly ,1023.97,27,7,21,Books,JAIPUR,Bharat,,IOS,Wallet,372,3,no,0
CUST101706,Neha Khan,24,female,332666,USD,54,Silver,05-30-2022,07-09-2024,RARELY,3605.83,3,2,0, Food Court ,Lucknow,IN,hotmail.com,Mobile,UPI,240,2,,0
CUST101707,Meera Sharma,28,Female,811508,₹,72,silver,06-05-2021,2022-04-14, monthly ,3127.72,1,0,1,Kids,CHENNAI, india , gmail.com ,,UPI,1181,1,No,0
CUST101708,Vivaan Kumar,36,female,800239,USD,50,Silver,10-15-2022,15/12/2023,weekly,,12,1,11, Home Decor ,Hyd,IN,company.com,Desktop,Credit Card,1461,4,Yes,1
CUST101709,Rahul Patel,38,,596055,₹,34,,02-Nov-2024,14-May-2025,Rarely,2481.24,19,8,11,sports, lucknow ,INDIA,company.com,Web,Card,1951,5,Y,1
CUST101710,Ishaan Mishra,7,MALE,2169923,₹,23,Silvr,10-03-2024,04-23-2026,Daily,1698.79,11,10,1, Beauty ,Bangalore,,gmail.com,Desktop,Wallet,2091,1,N,1
CUST101711,Sara Verma,32,,635124,,57,,11-Sep-2023,2025-02-12,Daily,1774.24,23,0,23,Groceries,CHENNAI, india ,company.com,iOS,Card,1589,4,Y,0
CUST101712,Aarav Iyer,22,MALE,572897,₹,50,silver,2023-06-05,2023-06-19,Monthly,6604.52,9,6,3,Grocery,BENGALURU,,hotmail.com,IOS,Credit Card,2026,0,0,0
CUST101713,Aditya Chopra,32,MALE,681147,₹,1,silver,23-Apr-2021,10-28-2022,RARELY,608.9,16,4,11,electronics,Mumbay,Bharat,outlook.com,Android,Debit Card,489,,,1
CUST101714,Ishaan Kumar,20,male,1029722,₹,57,Silver,12-24-2022,07-Apr-2023,weekly,1188.69,3,1,1,FASHION,NEW DELHI,, gmail.com ,iOS,Wallet,1309,2,Yes,0
CUST101715,Diya Kumar,22,female,737469,Rs,71,Silvr,04/02/2021,2022-12-31,Rarely,3658.64,26,23,4,Electronic, ahmedabad ,Bharat,gmail.com,iOS,UPI,1149,3,Y,1
CUST101716,Pooja Chopra,29,Other,748525,₹,81,Silver,02-Jan-2021,2022-04-10,Weekly,2253.86,14,4,10,beauty, Calcutta ,INDIA,company.com,IOS,Debit Card,940,3,no,0
CUST101717,Ishaan Sinha,47,Female,402301,USD,53,Platinum,16/03/2021,25-May-2021,Rarely,1044.72,3,2,1,ELECTRONICS,LUCKNOW, india ,hotmail.com,iOS,,1907,4,1,0
CUST101718,Arjun Nair,42,Male,489859,₹,39,silver,2025-07-25,2026-03-02,RARELY,5563.42,13,4,9, Grocery ,PUNE,India,GMAIL.COM,Web,Credit Card,878,1,Yes,1
CUST101719,Pooja Rao,34,Female,,,91,,2025-06-02,2025-08-19, monthly ,3290.82,4,1,4,FOOD COURT,PUNE,IN,,Desktop,Debit Card,1972,5,Y,0
CUST101720,Priya Mishra,41,male,,USD,80,Platinum,07-17-2021,2023-07-01,Weekly,1938.53,0,0,0,Grocerry,BENGALURU, india ,company.com,Desktop,Debit Card,1457,,0,0
CUST101721,Rahul Joshi,31,female,684820,₹,2,Gold,27-Jun-2023,2023-08-28,weekly,1821.98,15,0,16, Fashion ,LUCKNOW,IN,gmail.com,Web,Card,1572,1,0,0
CUST101722,Saanvi Kumar,27,,373579,₹,7,basic,29/04/2021,28/06/2021,weekly,753.54,8,4,3,FASHION,KOLKATA,,company.com,,upi,1082,2,no,0
CUST101723,Amit Gupta,9,Other,778456,INR,15, GOLD ,05-19-2021,21/08/2021,Monthly,2117.47,5,0,5,Grocerry, ahmedabad , india ,GMAIL.COM,android,Cash,742,1,,1
CUST101724,Rahul Rao,,MALE,1128999,,72,Basic,2021-08-13,11-27-2023,weekly,1898.44,5,3,2,Fashion,LUCKNOW,INDIA,, web ,Credit Card,2539,1,No,0
CUST101725,Vivaan Mishra,26,male,588136,INR,39,Platinum,07-15-2021,10-13-2022,,3689.35,7,6,0,GAMING,PUNE,INDIA,hotmail.com,Desktop,Credit Card,999999,3,N,1
CUST100060,Sai Iyer,44,Female,99999999,INR,68,Silver,03-02-2021,,Daily,1566.69,13,6,6,electronics,HYDERABAD,INDIA,GMAIL.COM,iOS,upi,1003,3,Yes,0
CUST101727,Aarav Joshi,48,MALE,567334,INR,88,Gold,01/07/2025,01-07-2026,Monthly,4406.18,39,0,39,Sports,Mumbay, india , gmail.com ,Web,Debit Card,1842,3,,0
CUST101728,Saanvi Khan,45,FEMALE,999183,INR,42,silver,11-20-2024,22-Jan-2026,RARELY,1488.71,2,0,3,Books, pune ,,rediffmail.com,android,Debit Card,1478,3,1,0
CUST101729,Rahul Joshi,43,FEMALE,408478,₹,52,,15/01/2021,22/12/2021,RARELY,971.03,1,0,1,Kids,NEW DELHI,Bharat,yahoo.com,Android,Debit Card,1598,5,,0
CUST101730,Sai Verma,43,Male,725565,INR,52,basic,02-13-2024,07-24-2024,Weekly,1055.8,24,22,2, Fashion , pune ,India,company.com,Web,Card,1102,3,1,0
CUST100368,Meera Joshi,33,MALE,754712,₹,81,Gold,24-Nov-2024,06-26-2026,Rarely,1014.45,41,21,19, Kids ,JAIPUR,India,outlook.com,android,,684,3,,0
CUST101732,Ananya Patel,36,female,667130,INR,35,,08-15-2022,19-Dec-2022,Rarely,523.89,10,1,9,HOME DECOR,Ahmedabad,Bharat, gmail.com ,android,Debit Card,921,4,no,0
CUST101733,Vihaan Rao,46,FEMALE,430406,,74,Platinum,19/01/2024,2024-08-19,Monthly,3095.49,19,13,7,Groceries,Delhi ,, gmail.com ,, CREDIT CARD ,435,4,1,0
CUST101734,Ira Joshi,21,male,330701,₹,100,Basic,30/11/2023,09-Oct-2024,,6232.3,6,5,1, Food Court ,Lucknow,IN,,Mobile,UPI,0,2,Yes,0
CUST101735,Vivaan Sharma,34,Other,283687,INR,45,Silvr,28-Dec-2024,20-Mar-2025, monthly ,3837.22,17,7,9,Grocerry,Hyd,INDIA,gmail.com,iOS,Credit Card,1209,3,Yes,1
CUST101736, Arjun Singh ,33,,1322815,INR,54,Basic,04-03-2022,03-23-2024,,12808.76,15,11,4,Electronics,KOLKATA,IN,GMAIL.COM,android,upi,312,3,no,1
CUST101737,Sara Iyer,56,Female,693418,₹,33,Gold,2022-09-19,03-Aug-2023,weekly,1313.96,31,1,30,KIDS, Calcutta ,,rediffmail.com,,Credit Card,1590,5,0,0
CUST101738,Aadhya Reddy,20,female,1208073,INR,70,Gold,21/09/2023,02-Apr-2024,Monthly,8993.0,37,0,37,gaming, bengaluru ,INDIA, gmail.com ,android,upi,1479,5,no,0
CUST101739,Priya Khan,19,M,490996,Rs,64,Silvr,15/11/2021,2023-09-16,RARELY,2287.26,41,26,15,gaming,NEW DELHI, india ,yahoo.com,Android,Debit Card,310,1,0,0
CUST101740,Saanvi Singh,33,F,,Rs,46,Platinum,26/01/2022,26/07/2023, monthly ,3478.4,18,0,18, Gaming ,JAIPUR,Bharat,gmail.com,Mobile,,2037,4,yes,1
CUST101741,Diya Chopra,39,FEMALE,420080,INR,66,Silvr,04-Jan-2023,03/06/2024,weekly,2681.61,31,6,26,Kids,CHENNAI,India,company.com,IOS,upi,904,5,no,0
CUST101742,Sara Reddy,32,F,625666,INR,46,Platinum,01-Oct-2021,02-26-2024,weekly,751.05,46,30,15,books, pune ,Bharat,outlook.com,,Credit Card,1301,5,,0
CUST101743,Aarav Mishra,6,M,308785,INR,67,Silvr,05-Jan-2021,25-Mar-2022,,,124,14,110,HOME DECOR, bengaluru ,Bharat, gmail.com ,Desktop,Cash,1234,5,Y,0
CUST101744,Aditya Sinha,46,MALE,140408,INR,56,silver,31/02/2024,03-04-2024,RARELY,1172.0,6,4,1,Eletronics,Jaipur,,,Mobile,UPI,1089,5,Y,0
CUST101745,Ishaan Singh,19,male,344215,USD,68,Silver,10-19-2024,2025-08-11,Weekly,3252.53,4,3,2,BOOKS,NEW DELHI,INDIA,yahoo.com,Web,,999999,4,1,0
CUST101746,Diya Patel,180,Other,478376,INR,79,,09-18-2022,10-18-2023, monthly ,1139.75,7,3,4,Books, bengaluru ,IN, gmail.com ,android,Wallet,2434,2,Yes,0
CUST101747, Aditya Patel ,52,MALE,768963,Rs,51,basic,2022-08-16,10-17-2024,Daily,3395.86,9,1,9,GROCERY,Mumbay,IN, gmail.com ,android,upi,1354,3,0,0
CUST101748,Saanvi Kapoor,38,Male,886978,INR,29,Silvr,31/03/2023,21/10/2024,Daily,989.07,11,9,3,Eletronics,BENGALURU,INDIA,company.com,IOS, CREDIT CARD ,2198,4,N,0
CUST101749, Ananya Kumar ,43,Female,1270643,INR,67, GOLD ,30/11/2022,11/03/2024,weekly,1850.01,2,1,0,Sports,BENGALURU,,hotmail.com,Android,Wallet,631,4,1,0
CUST101750,Krishna Verma,28,F,25000000,Rs,44,basic,30-Sep-2023,02-Feb-2024,Monthly,3136.5,83,18,65,Groceries,Bangalore,IN,outlook.com, web ,upi,0,2,no,0
CUST101751,Ananya Das,31,F,956613,Rs,25,Silver,21-Jul-2022,07-22-2024,Rarely,2747.0,6,0,5, Grocery ,KOLKATA,Bharat,rediffmail.com,android,upi,1711,2,yes,0
CUST101752,Riya Mehta,55,M,629550,₹,1, GOLD ,06-15-2021,04-01-2022,weekly,7095.11,22,8,15, Gaming ,LUCKNOW, india , gmail.com ,,Debit Card,52,5,yes,0
CUST101753,Aarav Gupta,,Male,310475,INR,50,Silvr,2024-04-17,16-Jun-2024,Rarely,3944.18,16,4,12,GAMING,AHMEDABAD,IN,gmail.com,Web, CREDIT CARD ,2032,5,N,1
CUST100481,Aditya Gupta,21,male,469830,INR,50,Gold,22-Jul-2022,,Monthly,3315.95,28,14,14, Gaming ,Bengaluru,INDIA,company.com,Web,Credit Card,2204,2,N,0
CUST101755,Aarav Kapoor,32,M,707189,₹,63,PLATINUM,12/10/2022,01/08/2024,Weekly,2805.89,20,16,4,BEAUTY,Kolkata,Bharat,company.com,IOS,Card,1430,2,N,1
CUST101756,Rahul Iyer,31,MALE,1495702,INR,72,Platinum,12-20-2021,13-Jul-2023,RARELY,893.28,31,12,18,Beauty,Bangalore,INDIA,company.com,android, CREDIT CARD ,1395,5,Y,1
CUST101757,Krishna Kumar,27,M,314949,INR,48,Basic,2021-09-24,,weekly,515.21,8,1,7, Grocery ,Hyderabad,,gmail.com,iOS,Wallet,1505,1,,0
CUST101758,Sara Mehta,26,F,847246,Rs,60,,2023-01-09,02-Apr-2025,Rarely,2768.73,15,5,9,ELECTRONICS,PUNE,Bharat,,Web,UPI,1056,11,0,0
CUST101759, Ayaan Verma ,31,F,425699,USD,48,Silvr,28/03/2025,19/04/2026,,1318.85,2,0,2,fashion, lucknow ,INDIA,company.com,Desktop,upi,243,3,Yes,1
CUST101760,Rahul Mehta,16,F,419181,INR,73,,28-Jun-2024,15/04/2026,weekly,9869.02,9,5,4,ELECTRONICS,Hyd,INDIA,gmail.com,Desktop,Credit Card,663,3,1,0
CUST101761,Ishaan Gupta,30,Other,504762,INR,23,basic,16-May-2021,11/07/2022,Rarely,2476.38,36,26,9,sports,AHMEDABAD, india ,,Desktop,Card,1328,4,0,1
CUST101762,Ayaan Mehta,28,F,193295,,57,Gold,2023-09-05,2025-08-11,Monthly,4948.22,72,22,49,Grocery,NEW DELHI,Bharat,outlook.com,iOS, CREDIT CARD ,1825,4,no,1
CUST101763,Vihaan Sinha,42,male,558837,₹,76,Silvr,01/11/2021,02/06/2023, monthly ,3753.22,-3,8,9,GAMING, mumbai ,IN,rediffmail.com,Android,Debit Card,1179,2,Y,0
CUST101764,Krishna Reddy,37,FEMALE,598272,INR,93,PLATINUM,26-Jun-2024,08/11/2024,Daily,911.04,5,1,4,Groceries, mumbai ,IN,GMAIL.COM,android,Debit Card,1356,4,N,0
CUST101765,Ayaan Reddy,61,M,480581,,39,Silvr,05-01-2025,06-01-2026,Rarely,173.4,4,3,1,FOOD COURT, chenai ,,GMAIL.COM,IOS,upi,1431,4,no,1
CUST101766,Aarav Gupta,32,M,935268,,67,PLATINUM,23/01/2025,2025-05-19, monthly ,4022.3,20,4,15, Kids , chenai , india ,yahoo.com,Web,Card,1342,1,Y,0
CUST101767,Ishaan Kumar,16,Female,622094,Rs,57,Platinum,2021-08-13,2021-10-14,Weekly,3664.78,81,42,39,Grocery,CHENNAI,INDIA,GMAIL.COM,Web,upi,1642,5,no,0
CUST101768,Myra Reddy,22,MALE,1449251,INR,26,,13/02/2022,04-Jul-2022,RARELY,500.3,6,1,5,Electronics, chenai ,India,gmail.com,iOS,Wallet,1316,3,yes,0
CUST101769,Sai Kapoor,45,male,309427,INR,49, GOLD ,2022-12-15,01-16-2023, monthly ,7005.21,10,6,4,Food Court, hyderabad ,INDIA,company.com,iOS,upi,1294,5,N,0
CUST101770,Meera Verma,4,M,202849,INR,41,Silver,24/08/2021,29-Nov-2023,Daily,2566.22,13,1,12,BEAUTY, ahmedabad ,INDIA,yahoo.com,,Debit Card,2368,5,N,1
CUST101771,Saanvi Khan,38,,430140,,1,Platinum,19-Mar-2021,02-Jan-2023,Rarely,1098.0,0,0,0,Kids,KOLKATA,Bharat,rediffmail.com,Web,upi,1623,4,,1
CUST101772,Aditya Rao,31,M,496830,INR,39,Gold,09-23-2021,11-30-2021,Monthly,768.14,4,3,1,beauty,CHENNAI,INDIA, gmail.com ,, CREDIT CARD ,842,2,1,1
CUST101773,Reyansh Sharma,11,Male,1120594,INR,33, GOLD ,09-20-2023,20/07/2024, monthly ,2352.46,21,2,18, Books ,BENGALURU,India,hotmail.com,Mobile,Credit Card,1067,9,,1
CUST101774,Sai Mehta,38,female,527875,₹,51, GOLD ,2024-06-22,12-10-2025,Weekly,2392.08,1,0,2, Fashion , lucknow ,India, gmail.com ,android, CREDIT CARD ,956,3,No,0
CUST101775,Aditya Sinha,28,,435257,USD,65,Platinum,21/06/2024,2025-07-13,weekly,302.53,0,0,0,sports,Bangalore,IN,gmail.com,android,Debit Card,1054,3,No,
CUST101776,Myra Sharma,,F,760231,INR,69,PLATINUM,2024-12-01,2026-06-25,Monthly,1872.32,7,2,5,Eletronics,NEW DELHI,Bharat,yahoo.com,Mobile,Credit Card,1565,3,Y,0
CUST101777,Saanvi Sinha,44,F,,INR,34,PLATINUM,12-Nov-2023,2025-08-28,RARELY,1029.26,6,3,3,Beauty,HYDERABAD, india ,outlook.com,,Debit Card,1351,2,Yes,0
CUST101778,Ayaan Singh,34,M,502146,₹,81,Silvr,06-18-2025,2025-08-07,weekly,2213.53,7,5,2, Food Court ,PUNE,INDIA,company.com,Desktop,UPI,2072,4,1,0
CUST101779,Arjun Joshi,40,M,662068,Rs,41, GOLD ,26/10/2023,2026-02-28,Rarely,901.21,5,2,3, Grocery ,HYDERABAD,Bharat,GMAIL.COM,IOS,Debit Card,302,5,No,0
CUST101780,Myra Gupta,32,FEMALE,333287,USD,61,Platinum,12/10/2023,2024-07-02,,1023.87,6,0,5, Home Decor ,Hyderabad,IN,outlook.com,iOS,Card,2142,11,no,0
CUST101781,Ayaan Iyer,30,FEMALE,378512,USD,35,Basic,2022-09-08,20-Jan-2025,Weekly,2882.07,28,21,6,Groceries,Lucknow,Bharat,hotmail.com,android,Credit Card,1855,1,Yes,0
CUST101782,Krishna Patel,23,Female,906190,₹,70,Basic,2023-03-08,2023-10-30,Rarely,1019.2,8,1,8,Beauty,Delhi ,,yahoo.com,Mobile,Card,1400,5,no,0
CUST101783,Kiara Gupta,16,F,415976,USD,58,Silver,2024-03-18,2024-05-11,,1771.74,10,0,11, Home Decor ,Hyd,Bharat,rediffmail.com,iOS,Wallet,1978,4,No,0
CUST101784,Diya Kumar,28,MALE,793336,Rs,74,,2025-08-08,2025-12-28,weekly,2152.46,13,2,11,Home Decor,Ahmedabad,IN,GMAIL.COM,Android,Debit Card,1869,2,1,0
CUST101785, Neha Joshi ,9,M,1523559,USD,53,PLATINUM,2023-09-02,01-12-2024,RARELY,1044.58,8,0,7,grocery,KOLKATA,India, gmail.com ,Desktop,,1332,2,0,0
CUST101786,Rahul Mishra,32,Other,906452,₹,29,Silver,20/06/2025,20-Aug-2025,Daily,,15,8,7,Electronic, hyderabad ,,company.com,Android,Cash,690,4,Yes,0
CUST101787,Rahul Nair,27,F,429961,INR,72,Gold,2022-05-13,07-15-2023,weekly,1282.41,16,11,6,Kids,NEW DELHI,Bharat,yahoo.com,IOS,Cash,1171,4,1,0
CUST100249,Aarav Mishra,44,Other,,USD,44,Basic,11-Oct-2021,2023-11-16,Weekly,1690.71,7,2,5,Electronic, Hyderabad ,Bharat,yahoo.com,Mobile,Debit Card,966,2,,0
CUST101789,Reyansh Chopra,47,MALE,687217,,49,Silvr,2024-12-14,08/01/2025,weekly,1815.09,3,1,2, Gaming , chenai ,,yahoo.com,Android,upi,904,2,No,0
CUST101790, Rahul Das ,52,female,681105,₹,25,Basic,2024-02-02,2025-12-03,weekly,3395.34,1,0,0,Beauty,Lucknow,IN,gmail.com, web ,upi,1006,1,No,1
CUST101791,Sai Joshi,28,Other,360782,₹,60,Silver,15-May-2023,2023-11-11,weekly,648.91,15,6,9,Kids,LUCKNOW,India,company.com, web ,,317,4,1,0
CUST101792,Kiara Das,23,Male,595753,,75,,14-Jun-2021,20-Jun-2021,Rarely,5057.59,7,1,6,Food Court,Delhi,INDIA,gmail.com,Mobile,Cash,40,1,No,1
CUST101793,Priya Singh,13,Other,650528,INR,95,Silvr,25/07/2023,30-Sep-2025,RARELY,1220.68,0,0,0,Groceries, bengaluru ,IN,rediffmail.com,Web,Cash,1612,2,no,0
CUST101794,Vivaan Verma,,M,591078,INR,53,basic,12-Mar-2023,2024-08-19,,2797.64,2,1,1,Electronic,Bangalore,Bharat,yahoo.com,Web,Card,36,5,,0
CUST101795,Ishaan Chopra,42,Other,288697,₹,69,Basic,2021-12-04,2023-09-09,weekly,3571.08,1,0,1,Kids,NEW DELHI,INDIA, gmail.com ,Android,Credit Card,1251,4,yes,0
CUST101796,Amit Sinha,25,male,1013665,USD,37,Gold,03-08-2024,16/11/2025,Rarely,1153.25,29,3,25,HOME DECOR,AHMEDABAD,India, gmail.com ,Android,Credit Card,1296,1,yes,0
CUST101797,Rahul Patel,38,FEMALE,1278361,INR,50,,13/01/2023,07-04-2023,Weekly,6881.93,19,8,11,food court,KOLKATA,IN,outlook.com,Mobile,Debit Card,1725,3,,0
CUST101798,Saanvi Khan,33,M,453853,INR,39,Silver,2022-05-27,26-Apr-2024,Rarely,2236.31,3,0,3,HOME DECOR,JAIPUR,India,gmail.com,Web,Cash,852,4,,0
CUST101799,Ananya Mishra,46,Male,1138745,INR,75,Basic,09-16-2023,2024-04-08,Rarely,1469.85,9,2,8,home decor, hyderabad ,,rediffmail.com,IOS,Wallet,796,1,1,1
CUST101800, Saanvi Das ,,M,285327,INR,19,silver,25-Nov-2022,2023-03-01,RARELY,2712.12,4,3,1, Gaming ,Bengaluru,, gmail.com ,Mobile,Cash,0,5,Y,1
CUST101801,Priya Iyer,19,F,443246,INR,100,,10-29-2024,2024-11-13,Monthly,566.58,16,2,15,Kids,HYDERABAD,,gmail.com,iOS,Debit Card,378,4,Yes,1
CUST101802,Vihaan Singh,21,,850743,INR,28,basic,07-21-2021,,RARELY,804.59,4,0,4, Electronics , lucknow ,, gmail.com ,Mobile,,1388,1,,1
CUST101803,Aditya Patel,43,,274685,INR,62,silver,10-22-2023,20/10/2024,Weekly,999999,30,20,11,BOOKS, bengaluru ,INDIA,rediffmail.com,Desktop, CREDIT CARD ,1493,3,1,0
CUST101804,Vihaan Patel,31,Female,676541,USD,100,basic,13-Oct-2023,06-08-2025,Daily,491.81,14,7,6,Grocerry, Calcutta ,IN,,IOS,UPI,1321,3,N,0
CUST101805,Kiara Joshi,22,Female,853879,₹,78, GOLD ,05-27-2022,03-22-2024,weekly,333.18,2,0,2,SPORTS,CHENNAI,India, gmail.com ,IOS, CREDIT CARD ,291,3,Y,1
CUST101806,Vivaan Mishra,35,MALE,597574,INR,52,Silver,04-29-2024,2025-08-08,Daily,1143.05,24,15,9,GAMING, Calcutta ,India,gmail.com, web ,Debit Card,1731,5,N,0
CUST101807,Krishna Joshi,38,F,909234,INR,72,Platinum,26-Nov-2024,01-21-2025,Rarely,1318.81,40,12,27,HOME DECOR, delhi ,INDIA,rediffmail.com,Mobile,Credit Card,1282,5,,0
CUST101808, Saanvi Rao ,23,Female,540758,INR,53,Basic,2025-06-27,05-Sep-2025, monthly ,5132.07,6,3,4,Electronics,Jaipur,IN,hotmail.com, web ,Card,1376,5,1,1
CUST101809,Diya Iyer,,Female,1063225,₹,77,silver,04-18-2025,2025-09-29,RARELY,2179.88,,4,1,home decor,Kolkata,India,gmail.com,Android,Debit Card,1762,4,no,1
CUST101810,Ira Nair,28,FEMALE,434466,INR,34,Basic,08-28-2023,28-Jan-2024,Rarely,7069.98,55,18,37, Gaming ,AHMEDABAD,India,hotmail.com, web ,upi,782,1,,1
CUST101811,Ishaan Reddy,55,female,591692,₹,28, GOLD ,04-04-2021,10-20-2022,Daily,947.86,10,6,3,Grocerry,Mumbay,India, gmail.com ,Desktop,Wallet,1851,1,N,0
CUST101812,Meera Mehta,0,Male,649629,INR,92,silver,28/12/2021,06-01-2024, monthly ,617.7,21,19,3,Electronics,LUCKNOW,INDIA,GMAIL.COM, web ,Card,1222,5,Y,0
CUST101813,Diya Mishra,16,female,747327,USD,67,Basic,17-Jan-2024,02-22-2024,Weekly,2361.24,26,20,6,Fashion,Mumbay,INDIA,company.com,Mobile,,2152,2,No,0
CUST101814,Krishna Verma,33,M,456902,INR,35,Platinum,2021-10-08,09-11-2022,Rarely,2366.88,25,8,17, Home Decor , Calcutta ,,hotmail.com,IOS,Wallet,272,1,Yes,0
CUST101815,Krishna Iyer,22,M,457349,USD,47,basic,2024-08-08,09-02-2024,Rarely,1260.32,9999,2,1,home decor,MUMBAI,IN,rediffmail.com,Web,,1624,5,0,0
CUST101816,Meera Nair,23,MALE,,Rs,20,Platinum,10-06-2023,2024-12-23,,1169.93,58,20,39, Home Decor , chenai , india , gmail.com ,Desktop, CREDIT CARD ,810,3,No,0
CUST101817,Ananya Mehta,33,MALE,882986,INR,51,Basic,23-Mar-2025,03/06/2025,weekly,691.03,5,3,1,sports,KOLKATA,Bharat,GMAIL.COM,iOS,upi,1939,3,Y,0
CUST101818,Kiara Kumar,40,MALE,,USD,71,silver,2023-06-18,2024-07-07,Monthly,2899.19,1,0,1,grocery, lucknow ,Bharat,rediffmail.com,Android,,1930,1,0,0
CUST101819,Vivaan Mehta,24,M,660506,INR,73,PLATINUM,21-Oct-2023,07-22-2024, monthly ,600.92,23,13,10,BEAUTY,Mumbay, india ,company.com,Web,,842,3,no,0
CUST101820,Sara Verma,28,male,760580,Rs,75,Gold,03-24-2024,19/07/2025,Monthly,1636.89,19,16,3,food court, chenai ,India, gmail.com ,,Cash,1054,1,,1
CUST101821,Sai Iyer,47,M,1081402,INR,85,Silver,28-Oct-2023,11/08/2024,weekly,1751.52,0,0,0,grocery,JAIPUR,,yahoo.com,Android, CREDIT CARD ,974,1,yes,0
CUST101822,Aditya Sinha,35,MALE,449201,,63,Platinum,2024-09-03,10/10/2025,Monthly,2534.74,55,28,28,Beauty,HYDERABAD, india ,outlook.com,Mobile,Card,1288,5,Y,0
CUST101823,Riya Joshi,,female,,INR,61,,09/04/2024,04-02-2025,Monthly,2698.81,0,0,0, Gaming , pune ,INDIA,rediffmail.com,iOS,Credit Card,70,5,yes,0
CUST100612,Amit Das,65,male,826598,USD,66,Gold,17-Apr-2025,02-17-2026,,462.87,25,9,17, Beauty , lucknow ,India,GMAIL.COM,Mobile, CREDIT CARD ,408,3,No,0
CUST101825, Rahul Gupta ,40,,521423,₹,66,basic,11-12-2022,2023-09-14,Rarely,752.2,-3,11,2, Electronics ,Delhi ,India,hotmail.com,Desktop,Card,2837,2,,0
CUST101826,Amit Patel,32,Female,208988,USD,83,Silvr,2021-11-03,29/11/2021, monthly ,2380.31,9999,3,3,Fashion,JAIPUR,Bharat,hotmail.com,Android,Cash,956,4,Y,0
CUST101827,Saanvi Singh,22,F,516408,INR,77,Basic,2021-01-03,15-Apr-2021, monthly ,1838.01,25,1,25,gaming,Bengaluru,,yahoo.com,,Card,538,1,yes,0
CUST101828,Diya Iyer,21,M,613374,USD,41,silver,07-08-2024,2025-07-12, monthly ,,2,0,3,SPORTS, lucknow ,INDIA,gmail.com,IOS,upi,1379,2,1,0
CUST101829,Pooja Rao,,Other,1649492,INR,61,PLATINUM,16/10/2022,2024-12-25,Rarely,3334.88,19,4,16,Food Court, pune ,INDIA,hotmail.com, web ,Wallet,0,11,Y,0
CUST101830,Diya Patel,24,Male,604352,INR,47,Silver,10-30-2021,01-10-2022,Daily,2073.95,67,64,3, Gaming ,NEW DELHI,INDIA,,iOS,UPI,1423,3,No,0
CUST101831,Sara Joshi,29,male,1625373,₹,32,,01/03/2021,12-Sep-2021,Weekly,1338.46,0,0,0,FASHION,JAIPUR,Bharat,,Android,Wallet,1880,5,yes,1
CUST101832,Aarav Kumar,38,F,702116,INR,54,PLATINUM,2022-03-07,01-19-2024, monthly ,598.94,7,4,3,FASHION, Calcutta ,India,gmail.com,Mobile,upi,1597,1,yes,0
CUST101833,Ananya Mehta,35,Other,799219,INR,1,,28/05/2024,03/09/2024, monthly ,1184.16,8,1,8,Food Court,Chennai,IN,yahoo.com,Web,Card,1876,4,no,1
CUST101834,Amit Reddy,44,FEMALE,172739,INR,72,Basic,2022-02-28,26-Jul-2022,Weekly,2266.69,33,14,20, Electronics ,Mumbay,IN,yahoo.com,,Debit Card,1430,0,no,0
CUST101835, Aditya Das ,29,male,850236,INR,100, GOLD ,16-Sep-2021,28-Nov-2023,Monthly,2011.65,77,3,74,Eletronics,Hyderbad,IN,company.com,Web,Credit Card,845,3,0,0
CUST101836,Aditya Khan,37,FEMALE,2132116,INR,59,Basic,18-Jan-2022,03-16-2022,weekly,4949.0,37,14,24, Fashion ,KOLKATA,Bharat,yahoo.com,Desktop,Card,955,4,N,1
CUST101837,Aadhya Mishra,43,female,613070,INR,73,Platinum,08-03-2021,2022-12-06,RARELY,1346.15,10,9,2,HOME DECOR,MUMBAI,India,company.com,,,691,2,No,1
CUST101838,Diya Chopra,49,Other,457318,INR,52,silver,02-Jan-2024,21/05/2025,Daily,2871.71,2,1,1,Kids,Mumbai,Bharat,GMAIL.COM,Android,Wallet,1603,5,no,0
CUST101839,Ananya Sinha,39,Female,1340350,INR,56,Silvr,16-Sep-2021,2022-05-18,Weekly,7861.13,23,1,22,beauty,LUCKNOW,IN,GMAIL.COM,android,,753,3,Y,0
CUST101840,Sai Sharma,30,female,813714,₹,94,Silver,04-26-2025,17/06/2026,weekly,10815.48,5,2,2,Fashion, ahmedabad ,IN,gmail.com,Desktop, CREDIT CARD ,602,2,Yes,0
CUST101841,Ayaan Singh,20,,2452403,,33,basic,02/04/2023,,Daily,1073.96,0,0,0, Sports , jaipur ,IN, gmail.com ,Web, CREDIT CARD ,1493,2,No,1
CUST101842,Neha Nair,45,female,901347,INR,51,silver,05-24-2024,08/05/2026,weekly,1551.86,11,8,2,gaming, ahmedabad ,India,yahoo.com,IOS,Credit Card,1481,3,Yes,1
CUST101843,Amit Iyer,23,FEMALE,590905,,36,Platinum,30/01/2022,28-Sep-2023,Monthly,1659.84,20,7,13, Home Decor ,Jaipur,IN, gmail.com ,iOS,Wallet,1305,2,yes,0
CUST101844, Pooja Das ,16,M,646880,Rs,30,Platinum,07-04-2021,2023-02-21, monthly ,3693.57,23,9,13, Electronics , Calcutta , india ,gmail.com,Desktop,Wallet,1045,4,,0
CUST101845,Sara Sharma,31,,978706,USD,54, GOLD ,07-Aug-2024,,Weekly,1318.52,3,0,3,books, jaipur ,,outlook.com,Web,Cash,1331,5,no,0
CUST101846,Krishna Sharma,25,MALE,,Rs,35,silver,09-Dec-2024,2025-12-13,weekly,3087.84,20,4,15, Home Decor ,Kolkata, india ,rediffmail.com,android,Cash,851,1,Y,0
CUST101847,Aarav Singh,24,Other,360431,Rs,83,basic,10-09-2024,11-17-2024,Weekly,1555.62,5,3,3,Eletronics,PUNE, india ,gmail.com,Desktop,upi,991,3,Yes,0
CUST100974,Neha Singh,46,,678258,USD,32,Gold,16-Jul-2025,09-12-2025,Rarely,794.01,3,0,3, Food Court , delhi ,India,company.com,Android,upi,1441,2,Yes,1
CUST101849,Neha Khan,40,Other,552602,₹,60,basic,2025-04-24,02/05/2026,Daily,2777.36,3,0,3, Gaming ,Pune,,gmail.com,IOS,,1446,2,No,0
CUST101850,Sara Mishra,32,Female,841811,INR,15,Basic,19-Jul-2022,28-Jul-2023,Weekly,743.0,14,11,3,Kids, jaipur ,India,outlook.com,IOS, CREDIT CARD ,1895,1,no,0
CUST101851,Ayaan Singh,69,,1552967,INR,76, GOLD ,30/12/2021,2022-07-02,Rarely,1200.61,0,0,0,Sports, jaipur , india ,gmail.com,Desktop,Wallet,1088,5,No,0
CUST101852,Priya Kumar,39,F,275509,INR,68,,12-21-2023,12-25-2025,RARELY,3932.61,22,11,10,Eletronics,Ahmedabad,Bharat,GMAIL.COM,Mobile,,1561,1,No,0
CUST101853,Reyansh Singh,19,FEMALE,601911,₹,94,PLATINUM,2021-05-07,2023-07-28,Daily,1489.89,19,3,16,Eletronics, hyderabad ,,company.com,Web,Debit Card,0,2,no,0
CUST101854,Diya Iyer,,male,706552,₹,72,Platinum,2023-03-06,2025-04-22,Rarely,1582.09,13,12,1,electronics,Hyderbad, india ,,Android,Debit Card,1995,5,Yes,0
CUST101855,Sai Nair,21,female,659673,Rs,41, GOLD ,01-Sep-2022,28/11/2022, monthly ,1949.18,3,0,2,Fashion, lucknow ,India,gmail.com, web ,upi,165,2,yes,0
CUST101856,Kiara Sinha,21,Female,896801,₹,70,,03/12/2021,07-May-2023,RARELY,439.47,5,1,4, Fashion ,LUCKNOW,, gmail.com ,Mobile,UPI,1049,2,1,0
CUST101857,Reyansh Sharma,33,Female,503371,,64,Platinum,2023-11-28,2025-03-29,Monthly,1387.59,3,0,2,Books,Lucknow,INDIA,outlook.com,Desktop,UPI,1271,4,0,0
CUST101858,Aadhya Mehta,39,Female,925086,₹,71,silver,2024-10-29,01-Sep-2025,Rarely,12020.82,3,1,3,Home Decor, delhi ,INDIA,gmail.com,android,Credit Card,2202,5,N,0
CUST101859,Priya Verma,21,female,721808,INR,2, GOLD ,20-Mar-2023,05-30-2025, monthly ,1170.7,70,32,39,FOOD COURT, pune ,Bharat,outlook.com, web ,Credit Card,607,3,1,0
CUST101860,Neha Kapoor,36,female,2092461,INR,82,Gold,03/12/2022,01-07-2023,RARELY,6977.17,57,5,52,Grocery,BENGALURU,Bharat,yahoo.com,android,Debit Card,1326,3,Y,0
CUST101298,Aarav Nair,45,female,278794,USD,20,Basic,10-05-2023,05-31-2024,Rarely,2631.37,14,4,10,FOOD COURT,Bangalore,Bharat,, web ,Card,485,5,no,0
CUST101862,Amit Reddy,49,Other,,USD,61, GOLD ,2024-10-08,2025-07-01,Weekly,5510.33,15,7,8,beauty, bengaluru ,Bharat,hotmail.com,Web,Debit Card,1847,,No,0
CUST101863,Kiara Gupta,58,female,937876,INR,65,Platinum,2024-02-24,31-Aug-2025,Monthly,642.74,14,3,10,KIDS, delhi ,IN,company.com,iOS, CREDIT CARD ,196,2,No,1
CUST101864,Vihaan Nair,41,MALE,544784,,60,silver,2024-07-12,2026-03-05,Rarely,4087.6,8,0,8,Gaming,CHENNAI,INDIA,,Mobile,upi,1964,3,no,0
CUST101865,Aadhya Verma,45,M,296120,USD,16,basic,2022-09-19,20-Aug-2024,Monthly,625.38,22,0,21,Electronics,BENGALURU,IN,hotmail.com,android,Card,931,3,1,0
CUST101866,Saanvi Singh,46,,807438,,72,basic,17-Jan-2025,15/06/2025,weekly,6311.45,1,0,1,KIDS,Kolkata, india ,GMAIL.COM,Web,UPI,1380,4,,1
CUST100647,Riya Gupta,28,Other,270981,,48,PLATINUM,10-Jun-2025,05/02/2026,weekly,983.44,14,9,5,beauty,NEW DELHI,Bharat,gmail.com,Web,UPI,1636,3,0,0
CUST101868,Ishaan Reddy,,Male,997028,,56,Platinum,11-Aug-2022,2023-08-05,Monthly,1379.69,1,0,0,Food Court, jaipur ,India,hotmail.com,,Debit Card,2333,5,0,0
CUST101869,Aadhya Sharma,39,MALE,758625,₹,44,Gold,04-01-2022,22-Oct-2023,RARELY,1696.44,28,12,16,Groceries,Chennai,India, gmail.com ,android,upi,671,1,Yes,1
CUST100811,Krishna Mishra,44,M,1832716,INR,42,basic,06-15-2023,2025-04-25,Weekly,5199.1,33,23,10,GAMING,KOLKATA,,,IOS,Debit Card,554,5,1,0
CUST101871,Aditya Sharma,30,,210452,INR,40,PLATINUM,2023-09-14,19-Apr-2024,Monthly,4888.16,52,23,30,Kids,Hyderbad,INDIA,company.com,android,Cash,1938,5,Yes,0
CUST101872,Arjun Nair,39,male,253632,Rs,79,,13/01/2024,09/05/2025,Rarely,1862.45,9,4,5, Fashion , ahmedabad ,Bharat,rediffmail.com,Web,Credit Card,448,2,No,0
CUST101873,Arjun Mehta,26,,650627,INR,72,PLATINUM,2022-07-31,03/01/2023,Weekly,2326.64,8,4,5,Electronic,AHMEDABAD,INDIA, gmail.com ,Web,Card,2366,4,No,1
CUST101874,Arjun Reddy,21,,337963,INR,57,Basic,2023-12-25,2024-09-17,Daily,1147.11,32,27,4,GROCERY, delhi ,INDIA,outlook.com,,upi,1991,2,yes,1
CUST101875,Riya Verma,37,,252804,₹,40,Basic,06-15-2025,16-Dec-2025,weekly,1268.45,0,0,0,Electronic,Mumbay,India,GMAIL.COM,android,Debit Card,717,1,0,1
CUST101876,Riya Kumar,24,Female,902668,INR,52,Platinum,23-Jan-2022,23/03/2024,,3937.93,25,11,15,sports,Bangalore,IN, gmail.com ,iOS,Card,1224,4,,0
CUST101877,Aditya Khan,60,female,799390,INR,47,Basic,08-04-2025,05-Apr-2026,,505.3,12,5,8,GAMING,JAIPUR,INDIA,GMAIL.COM,Mobile,upi,623,1,no,0
CUST101878,Aarav Verma,38,FEMALE,1241091,INR,82,PLATINUM,2023-01-31,2025-06-24,Daily,3237.78,6,0,6, Books ,KOLKATA,INDIA,hotmail.com,Android,,2518,5,no,0
CUST101879,Ira Das,36,M,755249,USD,77,Basic,29-Aug-2023,28/09/2025,Monthly,2974.83,27,13,13, Fashion ,Pune,,rediffmail.com,IOS,Card,1650,4,1,0
CUST101880,Aarav Sharma,,male,2848327,INR,47,basic,18/08/2021,2023-05-12,Weekly,449.62,10,0,9,SPORTS,JAIPUR,INDIA,GMAIL.COM,android,UPI,1405,3,yes,0
CUST100437,Kiara Kumar,32,male,565109,Rs,55,,12-11-2023,06-Sep-2025,weekly,5846.06,11,7,5,home decor, lucknow ,IN,GMAIL.COM,android,Wallet,1183,3,No,0
CUST101882,Aditya Khan,6,female,1377660,Rs,67,basic,2021-09-08,06-29-2023,,4007.82,24,18,6, Beauty ,Mumbay,IN,yahoo.com,Android,Debit Card,1374,1,,0
CUST101883,Vihaan Gupta,21,Female,969960,INR,44,,21/04/2021,2022-04-07,Rarely,1345.22,14,13,2, Kids , Calcutta ,India,GMAIL.COM,android, CREDIT CARD ,196,4,N,0
CUST101884,Ira Mishra,23,FEMALE,644570,Rs,41,Gold,09-Nov-2024,14/03/2025,,3437.66,5,1,5,SPORTS,CHENNAI,Bharat,outlook.com,IOS,,1626,5,Yes,0
CUST101885,Neha Khan,25,male,137998,INR,68,silver,06-20-2024,18-Oct-2025,Monthly,,35,11,24, Books , bengaluru ,IN,,IOS,,1854,5,N,1
CUST101886,Myra Chopra,35,Male,919804,,66,silver,24/01/2022,18-Jun-2022, monthly ,494.94,45,13,33, Grocery ,JAIPUR,Bharat,GMAIL.COM,Mobile,Credit Card,1042,1,yes,1
CUST101887,Arjun Gupta,49,,1870281,,62, GOLD ,2023-03-13,2023-12-25,,2914.36,2,1,0, Fashion , mumbai ,INDIA, gmail.com ,IOS,Card,1162,0,yes,0
CUST101888,Vihaan Khan,-5,male,315967,INR,60,PLATINUM,not available,03-24-2025,weekly,1025.87,10,6,3,Eletronics,JAIPUR,India,hotmail.com,Desktop,UPI,688,4,yes,0
CUST101889,Vivaan Kapoor,34,FEMALE,1448012,INR,57,Silvr,24-Oct-2022,19-Dec-2024,Weekly,289.31,44,30,14,Books, jaipur ,INDIA,GMAIL.COM,Android,UPI,1835,2,1,0
CUST101890,Ishaan Mishra,-3,M,606981,INR,73,,04-04-2022,07-08-2023,Daily,1044.41,8,3,5, Kids , pune ,IN,outlook.com,Android,upi,560,3,0,0
CUST101891,Kiara Kumar,20,,446462,INR,57,PLATINUM,2023-09-10,17/11/2025,Rarely,2833.81,38,22,17,FOOD COURT,KOLKATA,India,company.com,IOS, CREDIT CARD ,1213,2,0,0
CUST101892,Vihaan Das,,MALE,474032,INR,35, GOLD ,05-May-2023,31/08/2023,Daily,2103.3,1,0,1, Beauty ,Jaipur,,yahoo.com, web ,Cash,767,2,N,0
CUST101893,Rahul Mehta,25,Other,1125334,,1, GOLD ,16/01/2023,03-Nov-2024,Monthly,1042.39,17,0,17, Beauty ,Delhi, india ,,Web,upi,863,2,N,1
CUST101894,Vihaan Joshi,37,female,398824,₹,88,Basic,2021-06-22,07/01/2022,weekly,4257.57,38,4,34,Fashion,Bangalore,IN,hotmail.com,android,Cash,598,4,N,0
CUST101895,Sai Sharma,42,Female,664787,₹,43,Silver,24-Dec-2023,03-16-2024,Monthly,1458.64,35,0,35,SPORTS, Calcutta ,IN,hotmail.com,Desktop,upi,1991,5,Y,0
CUST101896,Neha Verma,37,Other,738511,INR,100,,10-13-2022,10-20-2022,RARELY,517.13,7,5,2,books, Calcutta ,India,GMAIL.COM,IOS,Credit Card,1496,5,,0
CUST101897,Riya Mehta,40,Male,984040,Rs,56,basic,2022-06-18,2023-03-20,Monthly,661.25,16,11,5,BOOKS,KOLKATA,,gmail.com,iOS,UPI,1820,3,N,0
CUST101898,Krishna Gupta,64,FEMALE,964940,INR,25,Gold,02-May-2021,07-Mar-2022,Monthly,2569.12,3,1,3,ELECTRONICS, pune ,Bharat, gmail.com ,,Card,93,5,,1
CUST101899,Sai Mishra,44,,573179,,61,basic,not available,25-Jun-2026, monthly ,776.94,14,5,9,Electronic, jaipur , india ,GMAIL.COM,iOS,Wallet,1507,3,Y,0
CUST101900,Diya Sinha,23,F,278936,,72,PLATINUM,08-Aug-2025,18/04/2026,Daily,457.71,22,11,12, Beauty , delhi ,INDIA,company.com,android,upi,494,2,no,0
CUST101901,Ira Reddy,25,MALE,675350,,76,Silver,28-May-2023,, monthly ,4641.37,40,28,13,FASHION,CHENNAI,INDIA,rediffmail.com, web ,Credit Card,1629,3,1,0
CUST101902,Kiara Gupta,10,male,724405,,90,Silver,2021-09-04,13-May-2023,weekly,478.93,5,4,0,FASHION,CHENNAI,INDIA,rediffmail.com,Web,Credit Card,200,4,0,1
CUST101903,Aarav Sharma,31,F,990289,INR,30,Platinum,2024-02-03,30/01/2026,,1647.0,13,5,8,Gaming, Calcutta ,IN,company.com,iOS, CREDIT CARD ,855,3,Yes,1
CUST101904,Diya Joshi,0,Female,202358,USD,58,Silvr,03-Sep-2021,2022-01-27,,-250,10,8,2, Sports ,HYDERABAD, india ,rediffmail.com,Mobile,Debit Card,1297,4,yes,0
CUST101905,Sara Iyer,55,Other,304726,INR,48,PLATINUM,04-May-2021,01-Dec-2021,,6576.55,37,17,19,beauty,PUNE,India,hotmail.com,iOS,Debit Card,549,4,0,0
CUST101906,Amit Sinha,32,Female,685165,,52,Gold,20/10/2024,11-20-2025,Monthly,4379.89,9,0,9, Books ,NEW DELHI, india ,,android,Wallet,1616,1,,0
CUST101907,Ayaan Rao,24,MALE,535650,₹,58,Silvr,26-Dec-2023,02/05/2025,Daily,1795.52,16,8,7,SPORTS,Kolkata, india ,rediffmail.com,iOS,Cash,1491,4,no,0
CUST101908,Meera Sinha,31,,521045,INR,43, GOLD ,02-Sep-2021,2023-02-10,,1671.08,62,2,61,ELECTRONICS, jaipur , india ,rediffmail.com,Web,Card,1533,5,N,0
CUST101909,Sara Joshi,30,,370595,₹,57,silver,11/05/2022,04/03/2024,weekly,849.67,2,0,1, Sports ,Delhi ,INDIA,company.com,,,1761,3,1,1
CUST101910,Meera Chopra,52,male,1099252,,64,Gold,01-09-2025,03-23-2026, monthly ,999999,12,4,8,Eletronics,Hyderbad,IN,,Web,Debit Card,1541,1,No,0
CUST101911,Priya Singh,42,Female,,INR,61,PLATINUM,19/01/2023,2024-11-12,weekly,3117.67,2,1,1,Groceries,LUCKNOW,INDIA,GMAIL.COM,,Cash,602,1,N,0
CUST101912,Priya Sharma,26,male,435099,,46,Gold,10-Mar-2022,06-11-2024,weekly,999999,22,14,8,Grocery,Pune,,yahoo.com,Android,Card,1249,5,1,0
CUST101913,Sara Sinha,43,Other,221249,₹,45,Basic,2025-03-06,02/06/2026,Daily,2031.48,1,0,1,food court,Delhi ,India,gmail.com,Android,UPI,1893,5,0,
CUST101914,Diya Singh,,Female,1085602,INR,44,Gold,23/02/2025,08/04/2026,Rarely,1590.23,1,0,2,Home Decor, Calcutta ,India,outlook.com,Desktop,Card,0,1,no,0
CUST101915,Myra Kumar,32,MALE,,₹,89,Gold,06/12/2021,06/04/2022,Rarely,3133.25,32,26,7,SPORTS,Mumbai, india ,,Android,Debit Card,1217,2,N,0
CUST101916,Saanvi Verma,33,M,216000,INR,31,Basic,31/12/2024,24/06/2026,Rarely,1158.8,25,3,22,FOOD COURT,Jaipur,India,yahoo.com,iOS,Wallet,1358,1,no,1
CUST101917,Arjun Kumar,27,Male,358161,INR,55,PLATINUM,23-Nov-2024,05-Jan-2025,Rarely,8673.83,22,13,8, Beauty ,Bangalore,Bharat, gmail.com ,,Wallet,1877,1,N,0
CUST101918,Rahul Khan,39,FEMALE,845223,,53, GOLD ,04/12/2021,25/05/2023,Daily,1817.35,9,0,10, Kids , jaipur ,Bharat,gmail.com,Desktop, CREDIT CARD ,1533,3,No,0
CUST101919,Reyansh Singh,24,MALE,551636,INR,42,Gold,11-23-2024,30-Aug-2025,Weekly,558.08,4,2,2,sports,Hyd,India,outlook.com,android,Card,84,3,yes,0
CUST101920,Arjun Patel,53,Other,731445,Rs,49,Gold,01-01-2025,26-May-2026,RARELY,2551.56,31,3,28, Grocery ,Bengaluru,Bharat,company.com,Desktop,Cash,2111,11,No,0
CUST101921,Neha Reddy,51,,2245399,Rs,59, GOLD ,13/10/2023,2025-04-10,Rarely,2279.27,3,1,2,FOOD COURT,PUNE,IN,company.com,Mobile,UPI,1689,5,,0
CUST101922,Krishna Khan,15,female,753788,USD,44,Platinum,16/01/2021,12-28-2021,Monthly,4004.01,40,18,23,Sports, hyderabad ,,gmail.com,iOS,,995,11,no,0
CUST101923,Priya Singh,33,Female,1080799,USD,46,,14-Aug-2022,01/11/2023,weekly,1367.67,33,31,2,books,Chennai,IN,hotmail.com,Mobile,Debit Card,1500,8,1,1
CUST101924,Aditya Verma,29,Other,683822,Rs,32,Silver,22/10/2023,06-Jan-2026,weekly,1731.14,30,21,9,gaming,Delhi ,IN,rediffmail.com,Web,Card,973,2,No,0
CUST101925,Kiara Patel,23,Male,206115,INR,47,Gold,31-Jul-2024,2025-02-08,Daily,1035.27,2,1,1,gaming, pune , india ,company.com,Android,Cash,0,4,yes,0
CUST101926,Arjun Kumar,32,Female,737344,INR,88,Silvr,2023-10-30,11-Apr-2024,RARELY,2112.7,9,2,7,Grocery,Lucknow,India,outlook.com,Web,Card,1809,5,No,1
CUST101927,Pooja Kumar,48,MALE,482593,USD,47,basic,24/12/2024,05-10-2025,RARELY,324.17,0,0,0,BEAUTY, lucknow ,India,yahoo.com,Android,,1935,3,yes,0
CUST101303,Aarav Sharma,122,,301230,INR,64,Basic,04-04-2021,04-05-2023,weekly,1750.7,7,3,5,Gaming,Bangalore,India,rediffmail.com,iOS,,890,2,N,0
CUST100518,Sai Rao,-5,female,99999999,₹,79,Gold,05-23-2022,2023-08-10,Daily,839.87,14,11,4, Grocery , Hyderabad ,IN,rediffmail.com,iOS,UPI,1858,2,N,0
CUST101930,Ayaan Verma,38,MALE,294996,Rs,61,Silver,2024-11-22,11-Apr-2025, monthly ,3586.21,9999,11,15,Sports,AHMEDABAD,INDIA,hotmail.com,Web,,2098,5,yes,0
CUST101931,Saanvi Patel,,F,991094,INR,52,Silver,01-17-2025,2026-02-23, monthly ,4784.22,26,2,23,FOOD COURT,Bangalore, india ,,iOS, CREDIT CARD ,758,4,Y,0
CUST101932,Pooja Kumar,45,female,383379,₹,42,,not available,23-Mar-2022, monthly ,2067.67,62,58,4,FOOD COURT,Mumbay,INDIA,yahoo.com,IOS,UPI,836,2,0,0
CUST101933,Aadhya Gupta,35,M,1848207,INR,50,PLATINUM,05-21-2023,02-19-2025,,2525.98,6,4,3, Books , Calcutta ,INDIA,outlook.com,iOS, CREDIT CARD ,735,1,N,0
CUST101934,Vivaan Chopra,47,MALE,535028,₹,59,Silvr,28/07/2022,2022-09-07,Monthly,3291.33,8,6,2,GAMING,KOLKATA,INDIA,rediffmail.com, web ,Card,1575,1,yes,0
CUST101935,Ishaan Mehta,37,MALE,865304,INR,69,Platinum,2022-01-24,05-11-2024,RARELY,1065.15,4,3,0,KIDS,Chennai, india ,outlook.com,IOS,Wallet,256,11,No,0
CUST101936,Aditya Khan,49,F,649635,INR,92,,19-Sep-2022,2023-01-13,RARELY,245.48,7,4,3, Food Court , chenai ,INDIA,rediffmail.com, web ,Credit Card,877,1,,0
CUST101937,Kiara Patel,39,Male,1208018,USD,45,Basic,02-Jan-2022,15-Feb-2024,Weekly,1848.62,25,12,13,Fashion, bengaluru ,IN,company.com,android,Cash,979,1,,0
CUST101938, Aditya Patel ,45,FEMALE,580393,Rs,54,Basic,01-13-2023,2024-02-25, monthly ,1224.57,24,8,16,Sports, hyderabad ,India,,Desktop,upi,999999,3,Y,0
CUST101939,Diya Patel,45,male,369928,USD,19,Gold,2022-05-11,01-27-2024,RARELY,2476.07,1,0,0,home decor,Chennai,Bharat,hotmail.com,iOS,upi,1732,4,Y,1
CUST101940,Neha Sharma,35,female,652337,₹,44,silver,27-Nov-2023,10-12-2025,Daily,2591.51,14,2,12,Kids,Delhi ,,hotmail.com,Web,Debit Card,648,2,Y,0
CUST101941,Amit Rao,43,F,,,51,PLATINUM,18-Feb-2023,01-06-2024,Monthly,1689.56,34,16,19,food court,BENGALURU,INDIA,yahoo.com,Mobile,,1219,3,,0
CUST101942,Arjun Chopra,52,Male,995719,INR,89,Gold,2025-03-01,2025-03-19,Rarely,3414.44,10,5,4,GROCERY,KOLKATA,,gmail.com,iOS,,612,1,yes,0
CUST101943,Ananya Das,37,,691560,Rs,64,PLATINUM,20/08/2025,04-Feb-2026,Rarely,4920.71,33,9,25,FASHION,HYDERABAD,Bharat, gmail.com ,Android, CREDIT CARD ,715,5,no,0
CUST101944,Priya Joshi,15,,137900,INR,45,Gold,2022-03-14,12-19-2022,Monthly,763.22,24,21,2,HOME DECOR, bengaluru ,IN,hotmail.com,Mobile,Debit Card,1239,3,N,0
CUST101945,Kiara Patel,37,Other,700921,INR,77, GOLD ,18/07/2024,05-27-2025,,1956.87,1,0,0, Food Court ,Ahmedabad, india ,outlook.com,Android,UPI,0,2,yes,0
CUST101946,Aditya Mishra,23,,762254,INR,44,Basic,2021-05-22,11-06-2022,Daily,11369.22,0,0,1, Beauty ,Lucknow,Bharat,company.com,android,,964,2,no,0
CUST101947,Aditya Rao,,M,960963,USD,22,Platinum,2024-10-11,03-19-2026,weekly,3039.35,1,0,0, Home Decor ,Bangalore,,outlook.com,Mobile, CREDIT CARD ,2454,3,Yes,1
CUST101948,Kiara Mishra,38,Female,702144,USD,20,Gold,01-Aug-2024,2026-01-05,,8009.5,31,10,21, Sports , delhi , india ,yahoo.com,iOS,,785,4,1,0
CUST101949,Aditya Kumar,39,F,160700,₹,75,Basic,31/02/2024,28-Jun-2025,Monthly,1757.71,24,2,21,sports,KOLKATA,IN,rediffmail.com,Desktop,upi,150,3,Y,0
CUST101950,Ayaan Khan,,,1424033,INR,61,Silvr,2025-01-16,2025-07-01,RARELY,4400.93,31,13,19,beauty,Hyderbad,Bharat,hotmail.com,,Credit Card,637,3,No,0
CUST101951,Ira Joshi,37,Male,431435,Rs,39,Platinum,21/09/2021,26/08/2022,,3794.54,0,0,1,sports,Mumbai, india , gmail.com , web ,Debit Card,0,1,Y,0
CUST101952,Diya Nair,19,male,255071,INR,53,Silver,10/06/2024,09-02-2024,RARELY,1268.85,12,5,7, Sports ,Kolkata,Bharat,hotmail.com, web ,Wallet,892,2,No,0
CUST101953,Aarav Rao,36,,657018,INR,58,silver,07-May-2021,05-29-2023,weekly,3520.06,30,29,1, Fashion ,Chennai,,rediffmail.com,android,UPI,187,,yes,1
CUST101954,Ishaan Das,34,MALE,2202002,INR,9,Platinum,22-Aug-2025,15-Jan-2026,,4132.16,20,1,19, Books ,Jaipur,Bharat,gmail.com,Android,Card,762,5,0,0
CUST101955,Vihaan Mehta,38,Other,400093,USD,70,basic,31/02/2024,16/03/2026,Weekly,1123.59,22,16,6,GAMING, Calcutta ,IN,GMAIL.COM,,,1686,2,0,0
CUST101956,Sara Mishra,19,Female,902612,INR,80,Gold,2023-05-04,10/03/2025,Weekly,340.55,33,18,16,Groceries, jaipur ,India,yahoo.com,android,UPI,1083,5,,0
CUST101957,Sai Chopra,29,female,471233,INR,30,Silvr,24-May-2023,2025-11-01,Monthly,2399.39,28,23,6,ELECTRONICS,Ahmedabad,India,company.com,Android,upi,2273,2,Y,1
CUST101958,Neha Joshi,51,Other,598347,Rs,68,Gold,06-Dec-2023,2025-02-27,RARELY,915.27,16,1,16,BEAUTY,Chennai,INDIA,yahoo.com,IOS,Card,362,5,1,1
CUST101959,Aditya Mishra,26,female,576624,USD,72,basic,06-Aug-2022,04-25-2023,weekly,3186.78,30,25,5,kids, lucknow , india , gmail.com ,Desktop,Wallet,1426,4,no,0
CUST101960,Kiara Reddy,29,Male,419816,INR,70,PLATINUM,11-22-2024,25/05/2025,,1145.76,6,0,7,Beauty,HYDERABAD, india ,,Mobile,Credit Card,1597,1,N,0
CUST101961,Krishna Patel,17,M,826973,INR,41,Platinum,06-11-2022,2022-06-17,Monthly,1278.47,21,0,21,beauty, delhi ,Bharat,, web ,Credit Card,1282,1,0,1
CUST101962,Sai Iyer,46,F,407291,USD,78,PLATINUM,26-Jun-2022,12-03-2023,,1340.71,1,0,2,sports,MUMBAI,INDIA,GMAIL.COM,IOS,Credit Card,1004,4,1,0
CUST101963,Pooja Patel,44,M,1214616,,100,silver,09-21-2023,2024-05-11, monthly ,2624.78,54,7,46,Grocery, chenai , india ,,Web,Cash,1840,1,Yes,0
CUST101964,Neha Reddy,28,F,696332,INR,38,Basic,09/06/2025,20-Mar-2026,,661.43,7,1,7,Grocery,LUCKNOW, india ,hotmail.com,iOS, CREDIT CARD ,2067,2,1,0
CUST101965,Saanvi Rao,32,female,697789,USD,72,basic,11-May-2023,05-31-2023,RARELY,3947.69,0,0,1,BOOKS,Hyderabad,INDIA,yahoo.com,Web,Card,1638,5,0,0
CUST101966,Aditya Sinha,34,Other,691457,Rs,17,PLATINUM,07-11-2022,2023-03-03,Rarely,996.48,21,18,2,Electronic,Mumbay,INDIA,rediffmail.com,Android,upi,845,3,Yes,1
CUST101967, Reyansh Khan ,,FEMALE,701838,INR,67,Basic,13-Aug-2025,30/05/2026,RARELY,1804.16,,32,67,gaming,Delhi ,INDIA,gmail.com,iOS,Debit Card,1772,1,N,0
CUST101968,Sara Kapoor,28,Other,1752127,INR,52,Gold,23/11/2022,09-01-2024,Monthly,2629.01,3,0,2,KIDS, bengaluru ,,company.com, web ,Debit Card,1592,1,N,0
CUST101969,Ayaan Nair,,MALE,1210893,USD,80,PLATINUM,2023-08-29,2024-03-22,Monthly,1296.13,9999,1,15,Gaming,BENGALURU, india ,rediffmail.com,iOS,Credit Card,999999,2,Yes,0
CUST101970,Sara Iyer,28,M,1399542,,79,PLATINUM,15-Aug-2024,07/03/2025, monthly ,1417.89,8,0,8,BEAUTY, delhi , india ,rediffmail.com,Web, CREDIT CARD ,1173,5,No,0
CUST101971,Sai Das,31,male,603155,INR,64,Platinum,06-Apr-2021,06-02-2023, monthly ,1113.4,35,16,20, Kids ,Delhi ,India,gmail.com,Android,upi,495,5,1,0
CUST101972,Sara Chopra,,F,714938,Rs,23,PLATINUM,16/11/2023,2024-01-10,RARELY,5242.95,1,0,1,Kids, mumbai ,INDIA,hotmail.com,,,0,2,,1
CUST101973,Pooja Khan,26,Other,1297380,USD,33,silver,16-Apr-2021,03/09/2022,Rarely,2233.49,0,0,0,GAMING,Bengaluru, india , gmail.com ,iOS,UPI,1017,2,,1
CUST101974,Vihaan Kapoor,32,,,Rs,35,Silvr,07-Jan-2023,2023-03-20,Daily,3581.29,12,0,12,GROCERY,JAIPUR, india ,outlook.com,,Card,2672,3,Yes,0
CUST101975,Arjun Mehta,0,male,1363866,Rs,51,silver,11-29-2022,2025-05-13,Rarely,1067.64,14,0,13,GAMING, chenai ,,GMAIL.COM,Android, CREDIT CARD ,1656,3,No,0
CUST101976,Krishna Chopra,56,female,488068,Rs,1,,2022-11-14,13/02/2024,Monthly,700.29,25,22,3, Home Decor ,JAIPUR, india ,gmail.com,Android, CREDIT CARD ,1721,3,No,0
CUST101977,Saanvi Chopra,39,FEMALE,1413517,INR,37,silver,2021-09-07,14/08/2022,Monthly,2183.34,0,0,0,sports,CHENNAI,INDIA, gmail.com , web ,,1601,3,no,0
CUST101978,Vivaan Sinha,37,FEMALE,648412,,69,basic,05/07/2023,2024-03-01, monthly ,1797.59,4,3,1,HOME DECOR, chenai ,IN,outlook.com,Desktop,Credit Card,104,3,N,1
CUST101979,Diya Sinha,47,Other,598992,₹,36,Gold,2023-08-14,24-Aug-2025, monthly ,631.59,4,1,3, Fashion , mumbai , india ,company.com,,upi,310,2,No,0
CUST100484,Myra Rao,39,Male,535059,INR,51,Gold,13-Mar-2022,26/08/2024,RARELY,330.01,18,12,6,food court, jaipur ,,outlook.com,iOS,upi,1199,4,0,0
CUST101981,Myra Khan,31,Other,774879,Rs,100,Basic,06-08-2021,10-17-2021,RARELY,2460.93,19,8,11,electronics,MUMBAI,,company.com,IOS,Card,937,4,0,0
CUST101982,Sai Mishra,22,Other,544288,INR,83, GOLD ,01-Jan-2024,19/10/2025,Monthly,1295.35,10,4,5,electronics, Calcutta ,IN,,,Card,237,1,N,
CUST101983,Krishna Singh,38,female,771661,Rs,64,,16-Aug-2021,20-Jun-2023,Weekly,740.79,9,7,2, Home Decor ,Mumbay,INDIA,rediffmail.com,iOS,Credit Card,1386,1,yes,0
CUST101984,Myra Gupta,48,Male,727098,₹,75, GOLD ,09-22-2021,2023-09-24,RARELY,4740.58,1,0,1,ELECTRONICS,Ahmedabad,Bharat,hotmail.com,android,Credit Card,576,1,No,0
CUST101985,Reyansh Gupta,54,male,388726,INR,49,Basic,12-23-2024,07-25-2025,Monthly,2762.04,14,8,5,fashion,AHMEDABAD,INDIA,,Android,upi,1318,2,no,0
CUST101986, Sara Kapoor ,37,MALE,949979,USD,29,PLATINUM,03-Dec-2024,01-26-2026,Daily,815.35,27,5,22,Eletronics,JAIPUR,India,company.com,Mobile, CREDIT CARD ,1449,5,Y,0
CUST101987,Meera Joshi,42,M,395137,,84,Silvr,2022-12-14,02-02-2023, monthly ,1968.25,5,4,2,Electronic,Kolkata,India,,Mobile,Credit Card,871,5,,0
CUST101988,Vihaan Chopra,34,Male,449288,,63,basic,2022-07-27,11-23-2023,,863.63,14,7,7, Fashion ,Jaipur,,,Mobile,UPI,687,2,1,0
CUST101989,Krishna Nair,48,FEMALE,138342,Rs,21,Gold,25-Nov-2024,15-Feb-2026,Monthly,1353.17,31,9,23,Home Decor,Hyderabad,Bharat, gmail.com ,Desktop,Cash,1578,4,No,0
CUST101990,Myra Gupta,21,,501950,₹,62,,26-Aug-2024,2025-10-12,Monthly,3572.81,1,0,1,GROCERY, lucknow ,INDIA,outlook.com,Mobile,Debit Card,1508,4,N,0
CUST101991,Neha Verma,30,FEMALE,389381,Rs,89,PLATINUM,22-Mar-2021,23/09/2022,,2579.19,13,5,9,Groceries,Bengaluru,,rediffmail.com,android, CREDIT CARD ,1488,2,yes,0
CUST101992,Rahul Rao,15,F,823460,,22,Gold,04-18-2024,08-Sep-2025,RARELY,6753.58,0,0,0,Kids,LUCKNOW,India,gmail.com,,,861,4,yes,1
CUST101993,Kiara Chopra,34,FEMALE,1476741,USD,42, GOLD ,03-13-2024,04-16-2026,,1945.38,22,13,10, Home Decor ,Kolkata, india ,hotmail.com,iOS,upi,676,1,No,0
CUST101994,Aditya Singh,54,Male,231304,₹,100,silver,19-Jun-2021,19-Nov-2023,RARELY,3189.66,16,2,13,Electronics,Mumbay,,hotmail.com,iOS,UPI,556,3,Yes,0
CUST101995,Arjun Iyer,46,F,1091158,Rs,46,silver,01-11-2024,11-07-2024,,1458.35,12,11,1,Grocery,Hyderabad,India, gmail.com ,Desktop,Cash,348,5,Yes,0
CUST100131,Ananya Patel,65,Male,1412016,Rs,76,Platinum,07-18-2022,2024-12-12, monthly ,784.61,1,0,1, Beauty ,Lucknow,,company.com,Web,Cash,1296,3,,0
CUST101997,Meera Reddy,25,F,,Rs,22,Silver,11/09/2024,05-14-2025,Weekly,1681.79,10,7,3,BOOKS,NEW DELHI, india ,,IOS,Card,679,3,Yes,0
CUST101998,Vivaan Iyer,,M,379198,Rs,25,Silver,30/01/2021,02-01-2022,Rarely,929.05,44,19,25,FOOD COURT,Mumbai,,, web ,Wallet,975,3,Y,0
CUST101999,Aditya Kumar,44,Male,596705,INR,19,Basic,15/08/2024,2025-07-22,RARELY,2431.38,14,10,4,Home Decor,Jaipur,IN,outlook.com,iOS,Card,2254,1,yes,0
CUST102000,Sai Das,27,,703213,INR,57,Silver,28-Jan-2025,03-22-2025, monthly ,4433.44,9,6,3, Electronics ,AHMEDABAD,, gmail.com ,Web,upi,1015,2,N,0
CUST102001,Krishna Das,40,female,440847,Rs,80,,08-11-2021,2022-04-21,,3027.17,1,0,0, Home Decor ,PUNE,Bharat,GMAIL.COM,android,Card,1748,2,No,1
CUST102002, Riya Kumar ,21,F,,,46,,01-12-2023,08-03-2024,Monthly,938.4,23,13,10,FASHION,AHMEDABAD,Bharat, gmail.com ,Desktop,,1432,2,1,0
CUST102003,Saanvi Reddy,38,Female,1218146,,47,Basic,2021-05-25,26-Jul-2023,Weekly,1585.99,31,8,23, Home Decor , lucknow ,INDIA,yahoo.com,Android,Cash,1228,1,0,0
CUST100588,Pooja Patel,39,F,875225,INR,71,PLATINUM,2024-07-29,04-28-2026,,624.18,0,0,1,Kids, Hyderabad ,Bharat,GMAIL.COM,Android,Wallet,1471,3,,0
CUST102005,Ananya Kapoor,25,MALE,829158,INR,85,basic,2023-06-07,05-21-2024,Monthly,384.52,3,0,2,SPORTS,KOLKATA, india ,GMAIL.COM, web ,,1565,5,no,0
CUST102006,Myra Nair,35,FEMALE,1106409,INR,14,Platinum,2021-12-18,01-Nov-2023,RARELY,4023.25,11,8,4,KIDS,Hyderabad,Bharat,GMAIL.COM, web ,,645,0,No,0
CUST102007,Vihaan Das,31,Other,1043641,Rs,93,Gold,27/08/2023,28/04/2025, monthly ,2901.69,10,0,11, Books ,KOLKATA,INDIA,,Android,Credit Card,715,1,no,0
CUST102008,Aadhya Nair,48,F,515533,,46,Platinum,10/06/2025,17/05/2026,Weekly,2493.94,1,0,0,Groceries,Jaipur,Bharat,company.com,Web,Cash,1043,1,N,0
CUST102009,Sara Nair,122,Female,866647,Rs,66,Basic,02-17-2023,2025-03-28, monthly ,350.39,2,1,2,Food Court, chenai ,,,Desktop,,1822,3,No,0
CUST102010,Diya Das,38,Other,613605,INR,28, GOLD ,08-31-2022,14-Aug-2024,,4436.55,9999,10,9,FASHION,AHMEDABAD,Bharat,outlook.com,Android,Debit Card,2287,3,no,0
CUST102011,Sara Mehta,39,Female,256121,Rs,45,PLATINUM,2025-04-11,22-Nov-2025,Rarely,754.13,4,0,4, Food Court ,Jaipur,,company.com,IOS,Cash,403,5,No,0
CUST102012,Aditya Joshi,59,male,1178498,Rs,91,Gold,12-30-2023,07/03/2024,Daily,617.3,23,2,22, Sports ,Lucknow,India,yahoo.com,Mobile,Debit Card,1537,,1,0
CUST102013,Reyansh Nair,34,female,788113,INR,96,basic,03-15-2022,08-28-2023, monthly ,418.42,6,4,2, Home Decor ,JAIPUR,Bharat,company.com,Android,Wallet,943,2,Yes,0
CUST102014,Ira Mishra,43,MALE,275246,₹,44,Gold,06/07/2022,08-06-2022, monthly ,2446.04,4,3,0, Beauty ,Mumbai,India, gmail.com ,,,941,2,,1
CUST102015,Sara Mishra,25,FEMALE,266176,₹,34,Silver,2021-10-05,15-Dec-2021,Weekly,2444.6,0,0,1,FOOD COURT,Bangalore, india ,, web ,Card,2275,3,0,1
CUST102016,Aadhya Sinha,30,Female,825190,USD,47,,2023-12-17,01-23-2025,weekly,1140.29,2,0,2,sports,MUMBAI,India,gmail.com,Desktop,Credit Card,998,1,Y,0
CUST102017,Arjun Sinha,38,M,286726,Rs,38,,29/01/2025,10/06/2026,Weekly,1144.98,32,15,16,Home Decor,LUCKNOW,INDIA,,IOS,UPI,1271,1,yes,0
CUST102018,Meera Patel,,,673390,INR,44,Silver,27/10/2023,30/11/2024,weekly,1442.13,3,1,2, Food Court , jaipur ,,,IOS,Card,1199,1,Y,0
CUST102019,Kiara Chopra,18,MALE,557479,INR,79,basic,21/11/2022,06-26-2023,weekly,1586.84,3,0,3,SPORTS, jaipur , india ,yahoo.com,Web,Card,1948,4,Yes,
CUST102020,Diya Rao,31,MALE,447038,USD,45,PLATINUM,11/07/2023,27-May-2025,Rarely,2591.94,55,18,37, Electronics ,Delhi,INDIA,yahoo.com,Web,Wallet,1298,1,yes,0
CUST102021,Sai Sinha,27,F,672518,,64,Basic,04/09/2024,2025-05-30,weekly,674.09,39,7,32,kids,Mumbai, india ,outlook.com,android,Card,626,4,no,0
CUST102022,Sai Rao,44,Male,548903,₹,53,,11/08/2025,09-18-2025, monthly ,4332.21,13,3,10,Gaming,Jaipur,India,yahoo.com,iOS,,740,4,no,0
CUST102023,Reyansh Iyer,25,MALE,674199,₹,75,Gold,07-Feb-2024,03-21-2024,Rarely,6151.78,1,0,2, Electronics , hyderabad ,,outlook.com,iOS,Card,1211,5,Yes,0
CUST102024,Krishna Singh,37,MALE,905183,,74,Silver,2021-07-05,07/12/2021,Daily,421.41,0,0,0,sports,MUMBAI, india ,yahoo.com,IOS,Wallet,1415,3,Y,0
CUST102025,Ananya Sinha,0,FEMALE,387419,Rs,9,PLATINUM,not available,30-Mar-2026,weekly,4801.92,10,7,2,Sports,Delhi,IN,GMAIL.COM,Android,Debit Card,2153,4,Y,0
CUST102026,Ayaan Iyer,28,Female,360087,,68,Silver,03-Dec-2021,04/12/2023,Rarely,1572.21,18,16,3,sports,JAIPUR,,outlook.com,Web,Debit Card,778,5,N,0
CUST102027,Vihaan Joshi,47,FEMALE,435630,₹,36,PLATINUM,15-May-2024,20-Sep-2025,weekly,1259.1,25,16,9,kids, Calcutta ,IN,GMAIL.COM,,Cash,293,5,yes,0
CUST102028,Arjun Gupta,40,FEMALE,1131329,USD,36,Silver,14-Sep-2024,12/09/2025, monthly ,884.61,0,0,0,Beauty,LUCKNOW,INDIA,rediffmail.com,Mobile,Credit Card,1020,3,no,0
CUST102029,Krishna Kumar,15,M,290562,₹,42,,27-Jun-2022,09-12-2024,Weekly,1364.44,37,27,9,BEAUTY,AHMEDABAD,INDIA,rediffmail.com,android,,1858,3,Yes,0
CUST102030,Aarav Sinha,38,female,551379,INR,36,Platinum,08-Sep-2023,28/10/2023,RARELY,436.48,5,4,0,electronics,Hyderbad,,,Mobile,Credit Card,1538,8,0,0
CUST102031,Krishna Kumar,47,Male,2073308,USD,51,silver,02-28-2022,2022-04-09,Weekly,2358.11,8,3,4,HOME DECOR,MUMBAI,India, gmail.com ,Desktop, CREDIT CARD ,871,7,0,0
CUST101658,Meera Singh,22,FEMALE,99999999,INR,72,Silvr,05-07-2023,09-12-2024,,2571.61,23,14,9, Fashion ,HYDERABAD, india ,gmail.com,IOS,Cash,673,5,no,0
CUST102033,Ayaan Kumar,31,Other,892679,,77,Platinum,2023-10-26,17/01/2026, monthly ,6091.21,1,0,1,Grocery,Jaipur,IN,rediffmail.com,,upi,1837,2,yes,0
CUST102034,Amit Das,57,Male,1062459,USD,47,Basic,2024-11-09,01-07-2025,Monthly,792.57,30,22,9,Fashion,Hyderabad,India,company.com,Web,UPI,910,5,Y,1
CUST102035,Saanvi Mehta,16,F,270080,INR,59,PLATINUM,11-09-2021,04-Jul-2023,weekly,1491.86,4,3,1, Grocery , ahmedabad ,INDIA,company.com,Android,,539,5,N,0
CUST102036,Kiara Joshi,43,F,673528,USD,34,Silver,2022-12-14,09/07/2024,Rarely,3614.02,10,2,9, Books ,NEW DELHI,Bharat,company.com,Desktop,Card,1288,4,N,0
CUST102037,Riya Singh,,male,393462,Rs,37,basic,02-03-2021,07-12-2023,weekly,,67,65,3,Beauty,Jaipur,,yahoo.com,iOS,,347,3,yes,0
CUST102038,Krishna Kumar,28,FEMALE,465399,₹,35,Silver,31/02/2024,30/08/2025,Weekly,999999,3,1,3,Food Court,Chennai,Bharat,gmail.com,Mobile,Debit Card,0,5,Yes,0
CUST102039, Diya Das ,40,Male,895126,INR,21,Platinum,12-May-2022,21/11/2023, monthly ,1035.64,3,0,4, Gaming , pune ,India,yahoo.com,iOS,Card,2583,4,,1
CUST102040,Kiara Iyer,35,,358832,,46,,10-03-2021,06/05/2022,Monthly,2551.65,,0,6,FASHION, mumbai ,India,yahoo.com,Mobile,Debit Card,1252,4,yes,0
CUST102041,Neha Patel,23,,980579,₹,71,Gold,19/04/2024,02-Jun-2024,Rarely,2344.57,18,2,17,Grocery,PUNE,Bharat,yahoo.com,Mobile,Card,0,5,yes,1
CUST102042,Amit Khan,,Other,879726,INR,100,Platinum,2024-02-13,05-03-2026,Rarely,1534.7,17,8,9,GAMING,PUNE,INDIA,gmail.com,Android,Wallet,886,5,Y,0
CUST102043,Diya Chopra,54,FEMALE,324642,INR,49, GOLD ,05-29-2022,17-Sep-2022,weekly,1784.02,3,2,2,GAMING,JAIPUR,Bharat,,Mobile, CREDIT CARD ,1311,5,,1
CUST102044,Riya Chopra,43,female,967194,INR,50,Platinum,2025-01-16,2026-04-24,Weekly,3839.34,31,12,19, Kids ,Hyd,IN,outlook.com,Desktop,UPI,1256,1,0,1
CUST102045,Vivaan Khan,40,FEMALE,387390,INR,45,Basic,16-Jan-2025,22-May-2025,Monthly,584.18,8,3,6,fashion,LUCKNOW,India,yahoo.com,Android,upi,1927,5,No,1
CUST102046,Reyansh Kumar,28,MALE,384974,INR,54,Basic,18-Jul-2021,2023-09-30,Monthly,3371.63,38,30,7,electronics, pune , india ,outlook.com, web ,Credit Card,1104,5,Y,0
CUST102047,Pooja Mehta,33,,1014775,INR,61,Silvr,01-26-2023,02/01/2025,Daily,654.73,6,5,2,HOME DECOR,Jaipur,,gmail.com,Android, CREDIT CARD ,2090,3,No,0
CUST102048,Kiara Kumar,40,,354207,INR,70,basic,02-11-2025,01-Jan-2026,Daily,10728.31,3,2,2,BEAUTY,CHENNAI,Bharat,hotmail.com,Mobile,Card,1762,3,No,0
CUST102049,Myra Patel,33,female,930311,₹,65,Gold,05-08-2024,2025-12-18,RARELY,773.04,9,0,10,GAMING, pune ,India,rediffmail.com,Mobile,upi,1421,4,yes,1
CUST102050,Vihaan Kumar,44,M,1922142,,69,Platinum,27-Aug-2023,16-Apr-2024,RARELY,1350.35,26,13,13,Home Decor, delhi , india ,GMAIL.COM,IOS,UPI,1202,2,yes,0
CUST102051,Vihaan Gupta,46,MALE,494150,,19,PLATINUM,06-04-2024,16/12/2024, monthly ,1579.02,45,36,9,HOME DECOR, bengaluru ,,yahoo.com,Android,UPI,439,3,0,0
CUST102052,Aditya Sharma,35,Female,657888,INR,17,Basic,12-06-2024,03-12-2026,Daily,999999,0,0,1,SPORTS,Hyd,India,rediffmail.com,iOS,Debit Card,1883,4,Yes,1
CUST102053,Riya Kumar,30,male,,INR,63, GOLD ,2024-01-13,08-Feb-2024,weekly,1049.28,-3,5,40,Books,CHENNAI,Bharat,outlook.com,,Wallet,1064,1,,0
CUST102054,Rahul Rao,45,female,1560609,,24,Silvr,18-Jul-2021,10-05-2021, monthly ,1528.59,5,1,4,Home Decor,Kolkata,,outlook.com,iOS,Wallet,1298,3,yes,1
CUST102055,Saanvi Singh,12,FEMALE,261472,INR,61,basic,08-18-2024,12-Nov-2025,weekly,2279.52,4,2,2,HOME DECOR, ahmedabad ,INDIA,company.com,IOS,UPI,2452,2,1,1
CUST102056,Arjun Das,45,M,993433,INR,62,Platinum,31/02/2024,29/12/2022,RARELY,1870.78,14,6,8,BOOKS,Bengaluru,Bharat,outlook.com,Desktop,UPI,896,3,no,0
CUST102057,Priya Nair,33,Male,759606,Rs,31,Basic,11-Jan-2024,2024-06-03,,670.15,0,0,0,books,Jaipur,INDIA,yahoo.com,android,Cash,1495,3,No,1
CUST102058,Reyansh Nair,14,FEMALE,,INR,56,PLATINUM,08-Apr-2021,27/06/2021,Daily,1532.56,32,10,21,HOME DECOR,Chennai,IN,outlook.com,iOS,Wallet,1086,4,Yes,1
CUST102059,Sai Verma,22,,688034,INR,40,silver,01/09/2021,26/07/2022, monthly ,2893.79,6,0,7, Home Decor ,LUCKNOW,Bharat, gmail.com ,Mobile, CREDIT CARD ,0,2,no,0
CUST102060,Amit Kapoor,42,F,3370898,Rs,40,silver,30/11/2021,02-10-2023,Monthly,1871.86,10,1,9,Fashion,Mumbay,INDIA,outlook.com,Desktop,upi,537,4,,0
CUST102061,Saanvi Das,36,Other,449661,Rs,32,basic,07-08-2023,17/06/2024, monthly ,1500.34,40,33,7,kids,Hyd,INDIA,rediffmail.com, web ,Debit Card,710,1,N,0
CUST101249,Amit Nair,36,F,433449,INR,55, GOLD ,2023-10-09,15-May-2025,Monthly,1284.68,12,10,2, Kids ,NEW DELHI,,GMAIL.COM, web ,UPI,1326,3,No,0
CUST102063,Ayaan Das,33,M,688648,Rs,35,Silvr,31-Mar-2022,12-31-2022,Daily,1845.92,23,1,22,BEAUTY, chenai ,Bharat, gmail.com ,Desktop,UPI,1937,4,yes,0
CUST102064, Reyansh Sharma ,37,female,754283,,40, GOLD ,2022-01-22,2023-10-23,Monthly,792.65,12,3,8,Home Decor,Ahmedabad,,GMAIL.COM,IOS,Credit Card,1525,1,Y,0
CUST102065,Ira Nair,58,Male,291099,USD,55, GOLD ,05/10/2022,2025-02-21, monthly ,2862.76,3,0,3, Kids , pune ,India,rediffmail.com,Desktop, CREDIT CARD ,1662,2,Yes,0
CUST102066,Ishaan Gupta,25,FEMALE,589167,INR,80,,07-14-2021,2023-01-27,Monthly,3146.8,14,8,6,fashion,Kolkata,,company.com,Android,Card,2205,2,yes,0
CUST102067,Priya Nair,21,Female,772898,,26,silver,11/11/2023,2025-01-08,weekly,3126.86,8,4,5,Fashion,Mumbai,,outlook.com,Web,upi,1523,1,N,1
CUST102068,Amit Patel,22,male,262636,INR,68,silver,2024-05-14,02/09/2024, monthly ,1033.15,3,0,3,Food Court,Delhi , india , gmail.com ,IOS,UPI,2761,4,yes,0
CUST102069,Ira Sharma,29,male,548877,INR,38,Platinum,28/02/2022,06-01-2022,weekly,1575.56,9,3,5,FOOD COURT,Chennai,Bharat,rediffmail.com,iOS,Cash,1681,3,No,1
CUST102070,Meera Rao,24,Female,617216,INR,14, GOLD ,2022-09-17,28-Nov-2022,weekly,5479.22,23,16,6,food court,Hyderabad,IN,rediffmail.com, web ,UPI,1623,4,,1
CUST102071,Diya Joshi,40,,552393,INR,62,Silver,14/04/2023,03-03-2024,Daily,11011.41,16,1,15,fashion,LUCKNOW, india ,company.com, web ,,1439,,Y,1
CUST102072, Riya Nair ,29,,682084,INR,61,Gold,30/05/2022,09-30-2022,Monthly,11898.91,42,11,30,gaming, chenai ,Bharat,,Android,upi,1341,4,No,0
CUST102073,Krishna Kapoor,46,male,379872,Rs,47,Basic,08/07/2021,08/09/2022,Daily,1149.4,12,4,8,home decor, jaipur , india ,hotmail.com,iOS,Debit Card,1255,2,,1
CUST102074,Arjun Kumar,26,MALE,1143139,,47,Basic,2024-12-02,2025-10-09,,2309.6,25,19,7,Beauty,CHENNAI,IN,GMAIL.COM,android,upi,708,0,Y,1
CUST102075,Saanvi Sharma,,M,1587174,Rs,81,Silver,07-22-2024,21-Mar-2025,Weekly,1641.2,38,21,18,beauty,NEW DELHI,India,GMAIL.COM,IOS,Card,1159,2,yes,0
CUST102076,Neha Nair,18,female,,INR,99,PLATINUM,2021-02-06,18/03/2023,Monthly,1721.86,6,2,5,gaming,LUCKNOW,India,outlook.com,,Credit Card,956,1,Y,0
CUST100713,Riya Patel,34,,295887,₹,57,Silver,09-Jul-2022,05-18-2023,RARELY,2541.78,39,34,4,Sports,Chennai,,GMAIL.COM, web ,Card,1253,5,,1
CUST100963, Neha Joshi ,21,F,652456,₹,82,Basic,05-18-2022,2024-01-01,Daily,1297.32,29,20,9,Books,Bangalore,India,hotmail.com,,UPI,168,2,Yes,0
CUST102079,Ira Gupta,31,female,664985,₹,50,basic,2024-05-28,04-Apr-2025,Daily,1210.74,14,12,1, Sports ,Pune,India,GMAIL.COM,android,Cash,128,3,yes,0
CUST102080,Myra Mishra,34,,320085,₹,46,Platinum,10-20-2024,04-07-2026,Monthly,3765.33,11,9,1, Books ,Hyderbad, india ,company.com,,,2657,2,Yes,0
CUST102081,Rahul Rao,32,MALE,1412698,,54,Platinum,08-12-2025,25-Oct-2025,Weekly,1257.69,0,0,0,GAMING,Chennai,India,outlook.com,android,Credit Card,591,1,,0
CUST102082,Reyansh Khan,38,male,99999999,INR,50,silver,2023-07-22,16-May-2024,Rarely,1161.9,28,17,11,BEAUTY, mumbai ,Bharat, gmail.com ,IOS,Credit Card,1432,2,No,0
CUST102083,Rahul Verma,31,MALE,513730,INR,84,basic,10-15-2022,25/01/2024,RARELY,1309.61,0,0,1,Electronic, lucknow , india , gmail.com ,Web,Credit Card,2001,11,yes,0
CUST102084,Arjun Kapoor,36,Male,276099,,36,Basic,22/01/2022,12-Aug-2023, monthly ,2333.12,52,19,34, Sports ,Delhi , india ,rediffmail.com,Desktop,Card,1406,4,Y,1
CUST102085,Ayaan Verma,33,Female,386261,,43,Silvr,2023-02-06,01/07/2023,RARELY,1465.12,30,28,2,Eletronics,JAIPUR,,gmail.com,Android, CREDIT CARD ,1081,5,No,0
CUST102086,Sai Sharma,48,Male,826087,INR,73,silver,2024-10-28,06-25-2026,Daily,899.51,10,1,10,food court,BENGALURU,INDIA,GMAIL.COM,iOS,upi,1108,2,0,0
CUST102087,Kiara Nair,38,Other,632357,₹,89,Silver,02-23-2024,05-Nov-2024,weekly,1696.72,35,8,27,home decor,Bengaluru,,, web ,,1280,3,,0
CUST102088,Pooja Rao,26,Female,,Rs,44,Silvr,18-Jan-2025,2025-01-18,RARELY,497.77,51,23,29,Sports,NEW DELHI,Bharat,gmail.com,,,560,2,no,0
CUST102089,Ira Reddy,31,male,889373,₹,66,Silver,04-15-2021,04-Jun-2022,Rarely,1216.63,8,1,7,kids,Jaipur,IN,, web ,UPI,1757,11,no,0
CUST102090,Aarav Gupta,43,FEMALE,340199,₹,43,basic,10-04-2022,07-21-2024,RARELY,1398.33,13,6,7,Beauty,Lucknow,Bharat,,Android,Cash,1321,2,Yes,0
CUST102091,Meera Joshi,33,male,787973,INR,58,,2021-07-12,24-Sep-2021,weekly,1241.77,13,3,9,Kids,PUNE,INDIA, gmail.com ,Android,Credit Card,854,5,1,0
CUST102092, Riya Chopra ,23,M,670338,INR,82,Gold,2021-02-22,,Weekly,2166.64,55,30,26,HOME DECOR,PUNE,IN,hotmail.com, web , CREDIT CARD ,1062,1,N,0
CUST102093,Pooja Kapoor,54,F,862451,USD,74,,2024-01-15,15/11/2024,RARELY,1597.56,9,1,7,sports,Ahmedabad, india ,company.com,android,Card,1837,3,no,0
CUST102094,Krishna Patel,32,Other,1232404,INR,45,PLATINUM,02-20-2024,,RARELY,871.69,21,19,1, Kids ,HYDERABAD,INDIA,yahoo.com,Desktop,Debit Card,380,2,0,1
CUST102095,Kiara Khan,26,FEMALE,490239,Rs,34, GOLD ,07-29-2025,20-Aug-2025,,475.65,10,2,8,BEAUTY,CHENNAI,INDIA,,Mobile,Credit Card,1014,4,Yes,0
CUST102096,Aarav Nair,49,F,1025735,₹,34,basic,11/05/2021,08-23-2021,Weekly,1750.42,76,75,1, Books ,Pune, india ,gmail.com, web ,Card,768,2,Yes,0
CUST102097,Saanvi Verma,33,Other,499243,₹,80,Basic,25-Apr-2022,,weekly,1055.43,0,0,1,beauty,BENGALURU,Bharat,,IOS,Card,1963,2,no,1
CUST102098,Aditya Iyer,52,F,322626,INR,59,Gold,06-24-2021,20/03/2022,,1027.08,24,23,0,GROCERY,JAIPUR,INDIA,hotmail.com, web ,upi,1153,4,0,0
CUST102099,Amit Singh,34,M,631392,,27, GOLD ,2021-08-25,16-Jan-2022,Rarely,1833.09,25,4,21,Books, jaipur , india ,yahoo.com,Web,Card,1458,5,no,0
CUST102100,Vivaan Mehta,51,female,630845,INR,55,silver,2021-08-20,,Monthly,2338.89,5,0,5,grocery,PUNE,India,GMAIL.COM,,UPI,97,5,Y,0
CUST102101,Pooja Mehta,30,Other,542245,,77,Silvr,06/11/2021,16-Dec-2023,Rarely,735.89,0,0,1,BOOKS,LUCKNOW,Bharat,GMAIL.COM,Android,,1713,1,Y,0
CUST102102,Arjun Iyer,53,,299086,USD,41,Basic,13/02/2022,20/02/2023,Rarely,1478.44,52,40,13,FOOD COURT,Jaipur, india ,gmail.com,iOS,Debit Card,104,1,No,0
CUST102103,Ayaan Patel,122,F,2769132,₹,44,Platinum,2023-10-10,07/02/2024,,1361.13,45,10,34,home decor, bengaluru ,,gmail.com,Mobile,Wallet,1492,1,yes,1
CUST102104,Neha Verma,41,MALE,647042,,41, GOLD ,18/02/2023,05-Dec-2023,Daily,5560.33,3,1,2,Electronics, jaipur ,India,gmail.com,,,1808,3,Y,0
CUST102105,Vivaan Nair,27,FEMALE,922164,₹,43,Platinum,09-Jan-2021,09-27-2022,RARELY,1141.25,11,6,5,Electronic,MUMBAI,India,company.com,Mobile,UPI,2048,5,,0
CUST102106, Saanvi Joshi ,33,F,1026454,₹,69,Silver,2023-08-13,02-29-2024, monthly ,,15,1,14,KIDS,NEW DELHI,,outlook.com,,Cash,649,4,,0
CUST102107,Ananya Gupta,43,male,570672,INR,56,,28/03/2023,07-10-2023,,1015.66,62,32,31,Home Decor,HYDERABAD,INDIA,hotmail.com,Mobile,Credit Card,1220,4,yes,0
CUST102108,Priya Sharma,30,M,730727,,52,silver,2022-10-22,10-03-2024,Monthly,1926.1,72,43,29,grocery, ahmedabad , india ,hotmail.com,iOS,Cash,614,2,no,1
CUST102109,Diya Patel,26,F,205630,INR,38,basic,08/11/2023,28-Dec-2025,Monthly,999999,14,3,11,electronics,Chennai,INDIA,yahoo.com,IOS,UPI,1018,5,1,1
CUST101402, Reyansh Gupta ,31,F,99999999,INR,51,Platinum,06/08/2022,30/09/2022,weekly,10114.75,1,0,0,Sports,,IN,hotmail.com,IOS,upi,2482,5,1,0
CUST102111, Ayaan Das ,40,FEMALE,1165891,INR,66,PLATINUM,06-29-2023,19-Oct-2025,Weekly,3062.44,1,0,1,kids,Hyderabad,IN,yahoo.com,IOS,,1271,4,yes,0
CUST102112,Ayaan Kapoor,18,MALE,429285,INR,1,Silvr,2022-01-03,02-22-2023,weekly,5033.4,46,23,24,Food Court,Pune,Bharat,,IOS,Wallet,1056,4,yes,0
CUST102113,Ananya Gupta,30,M,416200,,35,silver,11/02/2025,03-02-2025,Daily,1148.95,26,14,12,Food Court,Hyderabad,INDIA,outlook.com,Mobile,Card,1214,1,,1
CUST102114,Diya Chopra,23,Male,292272,INR,31,Silver,10-14-2021,13-Nov-2021, monthly ,654.44,36,34,2,KIDS,Ahmedabad,Bharat,yahoo.com, web ,upi,907,2,N,0
CUST102115,Ira Khan,22,,586818,USD,15, GOLD ,13-Aug-2024,18/11/2025, monthly ,2894.87,11,10,1,Grocery,KOLKATA,Bharat,outlook.com,Web, CREDIT CARD ,939,3,Yes,0
CUST102116, Reyansh Sinha ,19,Female,1106698,USD,36,Silvr,2023-04-19,08-Feb-2025,Monthly,2893.05,15,4,12,Electronics,Jaipur, india ,,Web,UPI,1928,3,,0
CUST102117,Krishna Nair,26,Other,1450231,Rs,100,basic,2023-09-02,09-28-2025, monthly ,2294.72,9,5,4,GROCERY,AHMEDABAD,IN, gmail.com ,iOS,Credit Card,1778,1,,0
CUST102118,Ira Singh,40,MALE,562528,,20,,16/11/2022,10/12/2024,Rarely,1194.96,25,0,24,sports,JAIPUR,Bharat,outlook.com, web ,Card,1065,4,1,1
CUST102119,Ayaan Patel,26,MALE,496487,USD,33,,2023-08-24,2023-12-16,Weekly,1966.21,9,0,9,Books,Kolkata,INDIA,hotmail.com,iOS,Credit Card,2001,3,0,0
CUST102120,Aarav Patel,36,male,827277,Rs,100,Silver,2025-01-28,10-Jun-2026,Daily,822.93,24,11,12,Gaming, jaipur ,India,rediffmail.com, web ,upi,1558,,Yes,0
CUST102121,Pooja Das,24,,575830,INR,46,Silvr,04-Jul-2021,2021-08-02,Monthly,1122.47,4,1,2,GAMING,AHMEDABAD,India,outlook.com,,upi,1703,2,N,0
CUST102122,Neha Gupta,30,FEMALE,679026,INR,35,Silvr,2025-01-24,25-Mar-2026, monthly ,2740.83,36,27,10, Beauty ,Kolkata,India,gmail.com,android,Card,1994,1,Yes,0
CUST102123,Krishna Khan,22,MALE,772333,INR,50,Silver,16/01/2022,2024-02-18,Weekly,3183.69,23,9,14,Electronic,CHENNAI,,rediffmail.com,Desktop,,1256,5,Yes,0
CUST102124, Reyansh Mishra ,12,FEMALE,522653,INR,39,basic,10-06-2024,15/03/2026,Weekly,999.21,13,10,4,home decor, bengaluru ,Bharat,outlook.com,android, CREDIT CARD ,903,4,1,0
CUST102125,Riya Nair,31,F,370189,INR,27,Silvr,01/05/2023,31/12/2024,weekly,1348.57,49,36,13, Kids ,Ahmedabad,IN,yahoo.com, web ,UPI,885,3,,0
CUST102126,Vivaan Rao,38,F,567120,INR,60,silver,2021-08-07,29-Apr-2022,Rarely,1839.83,96,70,25,Sports,JAIPUR,IN,GMAIL.COM,Desktop,Wallet,1170,4,yes,0
CUST102127,Rahul Gupta,38,,332805,INR,50,Silver,08-07-2024,09-Oct-2024,Monthly,2769.26,0,0,1,Electronic, Calcutta ,Bharat, gmail.com , web ,Wallet,572,4,No,0
CUST102128,Aarav Joshi,48,M,912929,INR,86,basic,2021-12-04,09-Mar-2022,RARELY,1240.37,1,0,1,beauty,BENGALURU,India,GMAIL.COM,android, CREDIT CARD ,891,1,1,0
CUST102129,Priya Verma,33,Female,754823,INR,53, GOLD ,03-22-2021,2021-10-03,Monthly,2910.52,0,0,0, Electronics ,Hyderbad,, gmail.com , web ,Credit Card,2080,2,Yes,0
CUST102130,Arjun Sinha,31,FEMALE,531168,INR,12,Gold,18-May-2022,2023-05-02,Rarely,1211.98,15,1,15,Grocery, lucknow ,IN,hotmail.com,iOS,UPI,271,3,,0
CUST102131,Arjun Das,22,Other,594440,Rs,57,Gold,2024-12-28,04-Mar-2025,Daily,1256.02,2,1,0,beauty,Kolkata,IN,GMAIL.COM,android, CREDIT CARD ,1166,2,,0
CUST102132,Myra Mishra,17,FEMALE,382576,INR,30,PLATINUM,2022-01-04,2022-09-13,Monthly,3689.6,45,25,20,sports, lucknow ,,GMAIL.COM,Android,Credit Card,514,5,Y,0
CUST102133,Rahul Kumar,26,FEMALE,703018,₹,62,PLATINUM,22-Mar-2024,2025-10-19,Rarely,2137.4,9,8,1,Gaming, Calcutta , india ,yahoo.com,Desktop,,1735,3,Yes,1
CUST102134,Riya Sharma,49,Other,421359,,77,basic,10-20-2022,16/06/2024,,3317.4,11,2,9,kids,Mumbai,,hotmail.com,Web,UPI,1790,4,No,0
CUST102135,Ananya Mishra,42,male,871456,USD,70,,19-Feb-2024,18/12/2024,Weekly,1136.19,55,50,5,beauty,AHMEDABAD,IN,company.com,, CREDIT CARD ,1217,5,1,0
CUST102136,Vihaan Reddy,44,Male,483031,Rs,50,PLATINUM,03/03/2022,04-Sep-2022, monthly ,4273.97,19,17,3, Home Decor ,Hyderbad,Bharat,gmail.com,Mobile,Cash,1087,2,yes,0
CUST102137,Ira Iyer,33,Other,368174,USD,37,silver,03-10-2024,13/04/2024,RARELY,601.73,41,0,41,FOOD COURT,Ahmedabad,IN,yahoo.com,iOS,upi,1124,4,No,0
CUST102138,Sara Gupta,34,F,324744,,66,silver,22-Mar-2025,04-06-2025,Rarely,1892.24,24,20,3, Electronics , mumbai , india ,company.com,IOS,Debit Card,104,4,Yes,0
CUST102139,Saanvi Kapoor,21,Female,618312,USD,57,silver,05-04-2025,12-20-2025,Weekly,1624.66,45,2,42,ELECTRONICS,Mumbai,Bharat,yahoo.com,iOS,Wallet,1334,3,0,
CUST102140,Ananya Mehta,30,MALE,959976,₹,47,Platinum,04-Apr-2023,2025-07-20,,2687.5,7,6,2,Food Court, ahmedabad , india ,hotmail.com,,,0,2,,0
CUST102141,Ananya Iyer,20,MALE,1038156,USD,57,Silvr,21/12/2024,02-21-2025,,5747.65,10,5,4,KIDS, Calcutta ,Bharat,gmail.com, web ,UPI,1637,5,N,0
CUST102142,Vihaan Iyer,31,F,436253,Rs,50,Basic,2025-04-26,2026-05-16,weekly,574.69,0,0,0,sports,Jaipur,Bharat,GMAIL.COM,Web,,1276,5,Yes,1
CUST102143,Aditya Joshi,42,MALE,563169,INR,38,Platinum,17-Jun-2022,03/10/2024, monthly ,1981.3,5,2,2, Beauty ,AHMEDABAD,INDIA,rediffmail.com, web ,Credit Card,664,,0,0
CUST102144,Vihaan Patel,22,FEMALE,604885,,87,Silvr,17/04/2023,06-07-2024,Daily,1650.71,50,20,30,Grocerry,AHMEDABAD,India,GMAIL.COM, web ,Wallet,715,2,N,0
CUST102145,Pooja Verma,37,female,808782,INR,68,,22-Jun-2021,08/11/2021,Monthly,1233.22,4,2,2,beauty,Jaipur,India,company.com,Mobile,Debit Card,1273,4,N,0
CUST102146,Ira Reddy,46,Female,223335,INR,78,basic,28/12/2024,07-Oct-2025, monthly ,1062.29,65,62,3, Kids ,Delhi,India,rediffmail.com,Mobile,Credit Card,342,4,yes,1
CUST102147,Krishna Chopra,30,Other,1012083,Rs,62,Basic,25/06/2023,10-13-2023,Rarely,833.12,9,3,6,Eletronics, ahmedabad ,Bharat,yahoo.com,iOS,Debit Card,728,11,0,0
CUST102148,Vihaan Chopra,25,male,858348,Rs,64,PLATINUM,05-23-2022,2023-01-27,RARELY,1237.36,13,5,9,KIDS,Mumbay,IN,GMAIL.COM,Desktop,Cash,963,3,0,0
CUST102149, Aadhya Gupta ,34,MALE,434587,INR,99,PLATINUM,20/02/2024,,Weekly,1608.03,75,60,16,Fashion,HYDERABAD,,outlook.com,Desktop,Cash,1161,3,No,0
CUST102150,Myra Kapoor,23,male,266308,,46,Basic,05-11-2023,08-05-2024, monthly ,2237.88,2,0,1,BOOKS,Delhi,,GMAIL.COM,Mobile,upi,900,5,N,0
CUST102151,Meera Reddy,22,M,795799,,40,Gold,07-11-2025,11-26-2025,weekly,2718.71,23,11,12,Home Decor,KOLKATA,,outlook.com,IOS,,1162,5,Yes,0
CUST100364,Ayaan Sinha,22,female,909052,USD,71,PLATINUM,18-Nov-2022,2023-10-29,RARELY,662.13,51,30,21,Kids,Hyderabad,,outlook.com,Desktop,UPI,2114,1,Yes,0
CUST100386,Vihaan Joshi,32,Female,1123562,INR,43,Platinum,24-Aug-2021,2022-01-19,,1799.2,0,0,1, Grocery ,Pune,, gmail.com ,,Card,921,2,No,0
CUST101532,Riya Nair,35,Female,,INR,79, GOLD ,25-Sep-2024,2025-06-26,Daily,2255.18,47,13,35,fashion,HYDERABAD,INDIA,company.com,,Cash,1760,1,No,0
CUST100051,Reyansh Verma,35,female,1127917,INR,69,,12/05/2022,23-Apr-2024, monthly ,6558.55,4,0,3,grocery, jaipur ,Bharat,rediffmail.com,IOS,Debit Card,440,3,0,0
CUST102156,Rahul Kapoor,49,F,,INR,71,Silver,2022-09-08,05-10-2024,RARELY,1153.02,9,5,4, Sports ,Bangalore,IN, gmail.com ,Android, CREDIT CARD ,728,1,N,0
CUST102157,Aadhya Sinha,36,male,321048,USD,76, GOLD ,2021-09-16,04-Jan-2022,,586.75,10,1,10, Home Decor ,Hyderbad,Bharat,GMAIL.COM,,UPI,301,1,1,0
CUST102158,Neha Iyer,45,male,268822,INR,77,Silvr,19/01/2025,20-Jun-2025,Rarely,649.38,54,32,23,KIDS,Jaipur,IN,,Web, CREDIT CARD ,1565,3,yes,0
CUST102159,Ayaan Das,33,Other,1050231,₹,55,silver,06/03/2023,2023-04-21,weekly,1471.23,18,16,2,Books, mumbai ,India,yahoo.com,,upi,528,5,,0
CUST102160,Ira Gupta,26,,505964,INR,42,Silver,02-10-2023,07-26-2025, monthly ,2254.81,30,7,24,BEAUTY,KOLKATA,India,rediffmail.com,Desktop,,1073,2,no,
CUST102161,Ayaan Reddy,39,FEMALE,160554,Rs,47,Silver,2024-05-29,2024-07-24,weekly,1062.94,4,2,3,FOOD COURT,KOLKATA,INDIA,yahoo.com,IOS,upi,1575,5,,0
CUST102162,Reyansh Verma,11,M,554642,INR,61,PLATINUM,2023-06-14,03-13-2024,Weekly,1759.56,15,5,10,SPORTS,Bengaluru,,GMAIL.COM,,UPI,956,2,,0
CUST102163,Riya Mishra,44,male,568903,USD,48,Platinum,05-19-2024,2024-09-18, monthly ,7780.23,39,5,35, Gaming , chenai ,India,company.com,iOS,Cash,1014,,,0
CUST102164,Ayaan Reddy,24,F,747394,INR,64,PLATINUM,10-21-2022,20/06/2024,Daily,2209.33,21,13,8,SPORTS, Calcutta ,IN,yahoo.com,iOS,Cash,0,3,0,0
CUST102165,Myra Iyer,40,female,843433,,32, GOLD ,not available,,RARELY,1836.25,9,0,9,BOOKS,Pune,,outlook.com,IOS,Credit Card,603,1,1,0
CUST102166,Arjun Khan,33,female,441528,INR,51,PLATINUM,08-19-2025,,RARELY,2638.82,6,3,2,HOME DECOR,CHENNAI,INDIA,gmail.com,Mobile,upi,568,1,1,0
CUST102167,Neha Kapoor,34,female,-50000,INR,55,Basic,22/10/2021,12-29-2023,Weekly,4185.23,8,3,4,GROCERY,KOLKATA,India,outlook.com,Desktop,UPI,1081,3,,0
CUST102168,Pooja Mishra,41,Other,282324,INR,66,Basic,17/08/2025,22/09/2025,weekly,1933.83,34,29,5,kids,PUNE,INDIA,company.com,android, CREDIT CARD ,447,5,yes,0
CUST102169,Aadhya Nair,20,,1562015,₹,18,Basic,2022-05-19,03-Aug-2024,Daily,1977.67,6,4,3,fashion,JAIPUR,INDIA,GMAIL.COM,iOS,upi,1254,5,no,0
CUST102170,Reyansh Nair,24,female,865177,,63,Silvr,19/07/2024,2026-05-15, monthly ,1975.61,43,35,8,ELECTRONICS,MUMBAI,, gmail.com ,android,upi,2384,5,Yes,0
CUST102171,Rahul Joshi,44,M,,₹,56,basic,29-Oct-2023,05/08/2024,Monthly,840.61,12,4,9,fashion,Hyderabad,Bharat, gmail.com ,Android,Card,875,4,No,0
CUST102172,Ayaan Mishra,27,Other,279694,USD,83,Gold,03-31-2024,25/10/2025,Monthly,1510.18,9,0,9,sports,BENGALURU,India,hotmail.com,Web,Credit Card,1661,4,Y,0
CUST102173,Sara Verma,29,F,1273047,USD,38,,13/01/2022,07/02/2024,Weekly,2396.58,0,0,0,beauty,BENGALURU,,GMAIL.COM,Web,Debit Card,1448,3,Y,1
CUST102174,Myra Verma,18,,420537,₹,54,PLATINUM,01-08-2025,02/02/2025,Daily,909.43,5,2,4,electronics,Mumbai, india ,,Android,Card,1023,2,Yes,0
CUST102175,Vivaan Kumar,30,FEMALE,,Rs,60,Platinum,2025-04-08,06-18-2026,,2829.71,0,0,0,Grocerry,CHENNAI,India,,Desktop, CREDIT CARD ,2112,3,Yes,1
CUST101085,Meera Mehta,22,MALE,99999999,INR,27,basic,2023-12-10,01/11/2024,Daily,2829.25,3,2,0,books,Bangalore,INDIA,GMAIL.COM,android,Debit Card,336,3,N,1
CUST102177,Pooja Das,-5,Female,1463278,INR,71,Gold,28/02/2021,07-12-2022,Monthly,2026.29,36,25,11,ELECTRONICS, pune ,INDIA, gmail.com ,,upi,2091,3,N,0
CUST102178,Diya Khan,47,,320300,INR,15,Platinum,2022-11-29,28/10/2023,Weekly,2615.66,16,10,7,BEAUTY,Hyderabad,,GMAIL.COM,IOS,UPI,1566,3,no,0
CUST102179,Reyansh Mehta,36,M,506541,Rs,38,Basic,2023-07-24,09-Nov-2023, monthly ,2815.88,17,4,13,home decor,Jaipur,,yahoo.com,, CREDIT CARD ,1302,2,No,0
CUST102180,Arjun Sharma,0,FEMALE,481848,Rs,90, GOLD ,2021-08-13,01/04/2022,Daily,275.75,0,0,1,FASHION,Bengaluru,INDIA,hotmail.com,Android,upi,1232,1,yes,1
CUST102181,Ayaan Sharma,51,F,740368,INR,83,PLATINUM,15-Mar-2022,10-25-2023,Monthly,11256.36,8,1,7,beauty,Chennai,Bharat,hotmail.com,Mobile,Cash,1489,4,no,1
CUST102182,Arjun Sharma,55,FEMALE,540808,INR,43,Platinum,11-11-2021,25-Feb-2024,,3431.51,62,0,61, Gaming ,Bengaluru,IN,yahoo.com,Desktop,Wallet,1255,1,Yes,0
CUST102183,Ananya Kapoor,,male,655960,INR,60,silver,11/10/2024,12-12-2024,Rarely,10830.43,12,5,6,ELECTRONICS,Bengaluru,INDIA,,IOS,Debit Card,769,1,Y,0
CUST102184,Rahul Kumar,18,Male,609416,INR,60,Basic,2021-06-15,24/10/2021,weekly,1374.4,11,8,3,Gaming,NEW DELHI,INDIA, gmail.com ,Mobile,Credit Card,1944,1,1,1
CUST102185,Diya Das,37,FEMALE,532595,INR,75,Silvr,17-Jan-2021,24-Aug-2022,RARELY,797.16,25,15,11,Beauty,Delhi ,India,company.com,Web,Credit Card,1002,3,0,0
CUST102186, Kiara Mehta ,24,male,747703,,62,Basic,06/06/2021,17-Jun-2021,weekly,2581.77,0,0,0, Grocery ,LUCKNOW,Bharat,yahoo.com,iOS,UPI,1190,4,yes,0
CUST102187, Vivaan Verma ,39,M,607968,INR,59,Platinum,07-21-2024,14/09/2024,Daily,3530.75,54,1,53,Sports,HYDERABAD,INDIA,gmail.com,Android,Wallet,515,4,No,0
CUST102188,Sara Kumar,59,Other,368050,USD,84,Gold,2024-02-17,06-29-2024,Weekly,695.5,9,8,0,Sports,BENGALURU,IN,yahoo.com,android,Card,0,4,no,0
CUST102189,Myra Gupta,36,Other,736438,Rs,32,Silver,2021-09-05,31-Jan-2024,Daily,1214.99,4,2,2, Electronics ,Jaipur,INDIA,yahoo.com,Android,,680,5,no,1
CUST102190,Ishaan Joshi,,F,608420,INR,44,PLATINUM,27/04/2021,04-Jun-2022,RARELY,1703.09,30,26,5,SPORTS,Ahmedabad,INDIA,yahoo.com,android,UPI,2291,5,N,0
CUST102191,Pooja Chopra,43,F,,₹,55,Platinum,2024-08-21,09/06/2025,Daily,2138.43,3,2,1,Grocery,Hyderbad,Bharat, gmail.com ,IOS,Credit Card,1394,1,,0
CUST102192,Ira Singh,54,FEMALE,426617,INR,50,Silvr,11-19-2022,2024-03-12,Monthly,2316.33,7,5,1, Sports , Calcutta ,Bharat,GMAIL.COM,Mobile, CREDIT CARD ,1191,4,,0
CUST102193,Priya Mishra,25,FEMALE,1127644,₹,13,Silvr,08-Sep-2023,10-27-2024,weekly,1027.22,15,14,1,fashion,Hyd,India,outlook.com,Web,Cash,1311,2,,0
CUST102194,Krishna Singh,36,female,482387,USD,94,Platinum,02/03/2023,,weekly,2171.15,24,17,8, Kids ,Mumbai, india ,outlook.com,,Wallet,2022,1,0,0
CUST102195,Meera Joshi,25,male,1037539,USD,76,silver,2021-06-02,07-Mar-2023,Daily,5014.8,2,1,1,Sports, bengaluru ,Bharat,company.com,IOS,Cash,2021,3,No,0
CUST102196,Ishaan Iyer,38,FEMALE,1138321,INR,34,Basic,12/06/2025,08-24-2025,Weekly,2710.42,48,37,12,BEAUTY,Pune,INDIA,yahoo.com,,Wallet,1908,5,,
CUST102197,Aadhya Nair,44,Female,338938,₹,27,,09-Sep-2022,20/11/2022,Daily,2096.34,14,7,7,BEAUTY, jaipur ,India,rediffmail.com,iOS,Wallet,1621,4,no,0
CUST102198,Sai Mehta,,F,1111635,INR,50,,02-Jan-2025,10-08-2025,Weekly,2369.82,0,0,0, Books , jaipur ,IN,,Desktop,Credit Card,280,2,no,0
CUST102199,Priya Rao,-5,Female,389565,INR,60,Silver,16-Mar-2023,19/03/2025,weekly,1735.92,47,18,30,KIDS,Hyderbad,INDIA,rediffmail.com,Desktop, CREDIT CARD ,1523,3,1,0
CUST102200,Krishna Sinha,43,Male,1381249,INR,44,,2021-08-31,12/02/2024,,2456.84,53,44,9,FASHION, Calcutta , india ,,,Card,1695,3,yes,1
